[2025-09-15T19:46:33.770+0200] {manager.py:470} INFO - Processing files using up to 2 processes at a time 
[2025-09-15T19:46:33.772+0200] {manager.py:471} INFO - Process each file at most once every 30 seconds
[2025-09-15T19:46:33.774+0200] {manager.py:472} INFO - Checking for new files in /opt/airflow/dags every 300 seconds
[2025-09-15T19:46:33.775+0200] {manager.py:737} INFO - Searching for files in /opt/airflow/dags
[2025-09-15T19:46:33.883+0200] {manager.py:740} INFO - There are 1 files in /opt/airflow/dags
[2025-09-15T19:46:34.238+0200] {manager.py:878} INFO - 
================================================================================
DAG File Processing Stats

File Path                             PID  Runtime      # DAGs    # Errors  Last Runtime    Last Run
----------------------------------  -----  ---------  --------  ----------  --------------  ----------
/opt/airflow/dags/etl_api_to_bi.py    172  0.09s             0           0
================================================================================
[2025-09-15T19:47:01.733+0200] {manager.py:878} INFO - 
================================================================================
DAG File Processing Stats

File Path                           PID    Runtime      # DAGs    # Errors  Last Runtime    Last Run
----------------------------------  -----  ---------  --------  ----------  --------------  -------------------
/opt/airflow/dags/etl_api_to_bi.py                           1           0  0.87s           2025-09-15T17:46:35
================================================================================
[2025-09-15T19:47:29.799+0200] {manager.py:878} INFO - 
================================================================================
DAG File Processing Stats

File Path                           PID    Runtime      # DAGs    # Errors  Last Runtime    Last Run
----------------------------------  -----  ---------  --------  ----------  --------------  -------------------
/opt/airflow/dags/etl_api_to_bi.py                           1           0  0.33s           2025-09-15T17:47:05
================================================================================
[2025-09-15T19:47:57.652+0200] {manager.py:878} INFO - 
================================================================================
DAG File Processing Stats

File Path                           PID    Runtime      # DAGs    # Errors  Last Runtime    Last Run
----------------------------------  -----  ---------  --------  ----------  --------------  -------------------
/opt/airflow/dags/etl_api_to_bi.py                           1           0  0.91s           2025-09-15T17:47:37
================================================================================
[2025-09-15T19:48:25.678+0200] {manager.py:878} INFO - 
================================================================================
DAG File Processing Stats

File Path                           PID    Runtime      # DAGs    # Errors  Last Runtime    Last Run
----------------------------------  -----  ---------  --------  ----------  --------------  -------------------
/opt/airflow/dags/etl_api_to_bi.py                           1           0  1.06s           2025-09-15T17:48:08
================================================================================
[2025-09-15T19:48:53.601+0200] {manager.py:878} INFO - 
================================================================================
DAG File Processing Stats

File Path                           PID    Runtime      # DAGs    # Errors  Last Runtime    Last Run
----------------------------------  -----  ---------  --------  ----------  --------------  -------------------
/opt/airflow/dags/etl_api_to_bi.py                           1           0  1.04s           2025-09-15T17:48:40
================================================================================
[2025-09-15T19:49:21.074+0200] {manager.py:878} INFO - 
================================================================================
DAG File Processing Stats

File Path                           PID    Runtime      # DAGs    # Errors  Last Runtime    Last Run
----------------------------------  -----  ---------  --------  ----------  --------------  -------------------
/opt/airflow/dags/etl_api_to_bi.py                           1           0  0.25s           2025-09-15T17:49:10
================================================================================
[2025-09-15T19:49:49.085+0200] {manager.py:878} INFO - 
================================================================================
DAG File Processing Stats

File Path                           PID    Runtime      # DAGs    # Errors  Last Runtime    Last Run
----------------------------------  -----  ---------  --------  ----------  --------------  -------------------
/opt/airflow/dags/etl_api_to_bi.py                           1           0  0.45s           2025-09-15T17:49:42
================================================================================
[2025-09-15T19:50:14.826+0200] {manager.py:878} INFO - 
================================================================================
DAG File Processing Stats

File Path                           PID    Runtime      # DAGs    # Errors  Last Runtime    Last Run
----------------------------------  -----  ---------  --------  ----------  --------------  -------------------
/opt/airflow/dags/etl_api_to_bi.py                           1           0  0.52s           2025-09-15T17:50:13
================================================================================
[2025-09-15T19:50:42.811+0200] {manager.py:878} INFO - 
================================================================================
DAG File Processing Stats

File Path                           PID    Runtime      # DAGs    # Errors  Last Runtime    Last Run
----------------------------------  -----  ---------  --------  ----------  --------------  -------------------
/opt/airflow/dags/etl_api_to_bi.py                           1           0  0.52s           2025-09-15T17:50:13
================================================================================
[2025-09-15T19:51:10.635+0200] {manager.py:878} INFO - 
================================================================================
DAG File Processing Stats

File Path                           PID    Runtime      # DAGs    # Errors  Last Runtime    Last Run
----------------------------------  -----  ---------  --------  ----------  --------------  -------------------
/opt/airflow/dags/etl_api_to_bi.py                           1           0  0.30s           2025-09-15T17:50:44
================================================================================
[2025-09-15T19:51:34.133+0200] {manager.py:737} INFO - Searching for files in /opt/airflow/dags
[2025-09-15T19:51:34.169+0200] {manager.py:740} INFO - There are 1 files in /opt/airflow/dags
[2025-09-15T19:51:38.720+0200] {manager.py:878} INFO - 
================================================================================
DAG File Processing Stats

File Path                           PID    Runtime      # DAGs    # Errors  Last Runtime    Last Run
----------------------------------  -----  ---------  --------  ----------  --------------  -------------------
/opt/airflow/dags/etl_api_to_bi.py                           1           0  0.24s           2025-09-15T17:51:14
================================================================================
[2025-09-15T19:52:06.654+0200] {manager.py:878} INFO - 
================================================================================
DAG File Processing Stats

File Path                           PID    Runtime      # DAGs    # Errors  Last Runtime    Last Run
----------------------------------  -----  ---------  --------  ----------  --------------  -------------------
/opt/airflow/dags/etl_api_to_bi.py                           1           0  0.57s           2025-09-15T17:51:46
================================================================================
[2025-09-15T19:52:34.587+0200] {manager.py:878} INFO - 
================================================================================
DAG File Processing Stats

File Path                           PID    Runtime      # DAGs    # Errors  Last Runtime    Last Run
----------------------------------  -----  ---------  --------  ----------  --------------  -------------------
/opt/airflow/dags/etl_api_to_bi.py                           1           0  0.38s           2025-09-15T17:52:17
================================================================================
[2025-09-15T19:53:02.679+0200] {manager.py:878} INFO - 
================================================================================
DAG File Processing Stats

File Path                           PID    Runtime      # DAGs    # Errors  Last Runtime    Last Run
----------------------------------  -----  ---------  --------  ----------  --------------  -------------------
/opt/airflow/dags/etl_api_to_bi.py                           1           0  0.34s           2025-09-15T17:52:48
================================================================================
[2025-09-15T19:53:30.550+0200] {manager.py:878} INFO - 
================================================================================
DAG File Processing Stats

File Path                           PID    Runtime      # DAGs    # Errors  Last Runtime    Last Run
----------------------------------  -----  ---------  --------  ----------  --------------  -------------------
/opt/airflow/dags/etl_api_to_bi.py                           1           0  0.95s           2025-09-15T17:53:19
================================================================================
[2025-09-15T19:53:58.527+0200] {manager.py:878} INFO - 
================================================================================
DAG File Processing Stats

File Path                           PID    Runtime      # DAGs    # Errors  Last Runtime    Last Run
----------------------------------  -----  ---------  --------  ----------  --------------  -------------------
/opt/airflow/dags/etl_api_to_bi.py                           1           0  0.30s           2025-09-15T17:53:51
================================================================================
[2025-09-15T19:54:26.541+0200] {manager.py:878} INFO - 
================================================================================
DAG File Processing Stats

File Path                           PID    Runtime      # DAGs    # Errors  Last Runtime    Last Run
----------------------------------  -----  ---------  --------  ----------  --------------  -------------------
/opt/airflow/dags/etl_api_to_bi.py                           1           0  0.24s           2025-09-15T17:54:22
================================================================================
[2025-09-15T19:54:54.524+0200] {manager.py:878} INFO - 
================================================================================
DAG File Processing Stats

File Path                           PID    Runtime      # DAGs    # Errors  Last Runtime    Last Run
----------------------------------  -----  ---------  --------  ----------  --------------  -------------------
/opt/airflow/dags/etl_api_to_bi.py                           1           0  0.23s           2025-09-15T17:54:52
================================================================================
[2025-09-15T19:55:22.589+0200] {manager.py:878} INFO - 
================================================================================
DAG File Processing Stats

File Path                           PID    Runtime      # DAGs    # Errors  Last Runtime    Last Run
----------------------------------  -----  ---------  --------  ----------  --------------  -------------------
/opt/airflow/dags/etl_api_to_bi.py                           1           0  0.23s           2025-09-15T17:54:52
================================================================================
[2025-09-15T19:55:50.739+0200] {manager.py:878} INFO - 
================================================================================
DAG File Processing Stats

File Path                           PID    Runtime      # DAGs    # Errors  Last Runtime    Last Run
----------------------------------  -----  ---------  --------  ----------  --------------  -------------------
/opt/airflow/dags/etl_api_to_bi.py                           1           0  0.27s           2025-09-15T17:55:23
================================================================================
[2025-09-15T19:56:18.587+0200] {manager.py:878} INFO - 
================================================================================
DAG File Processing Stats

File Path                           PID    Runtime      # DAGs    # Errors  Last Runtime    Last Run
----------------------------------  -----  ---------  --------  ----------  --------------  -------------------
/opt/airflow/dags/etl_api_to_bi.py                           1           0  0.22s           2025-09-15T17:55:55
================================================================================
[2025-09-15T19:56:34.198+0200] {manager.py:737} INFO - Searching for files in /opt/airflow/dags
[2025-09-15T19:56:34.246+0200] {manager.py:740} INFO - There are 1 files in /opt/airflow/dags
[2025-09-15T19:56:46.622+0200] {manager.py:878} INFO - 
================================================================================
DAG File Processing Stats

File Path                           PID    Runtime      # DAGs    # Errors  Last Runtime    Last Run
----------------------------------  -----  ---------  --------  ----------  --------------  -------------------
/opt/airflow/dags/etl_api_to_bi.py                           1           0  0.36s           2025-09-15T17:56:26
================================================================================
[2025-09-15T19:57:14.920+0200] {manager.py:878} INFO - 
================================================================================
DAG File Processing Stats

File Path                           PID    Runtime      # DAGs    # Errors  Last Runtime    Last Run
----------------------------------  -----  ---------  --------  ----------  --------------  -------------------
/opt/airflow/dags/etl_api_to_bi.py                           1           0  0.28s           2025-09-15T17:56:57
================================================================================
[2025-09-15T19:57:42.884+0200] {manager.py:878} INFO - 
================================================================================
DAG File Processing Stats

File Path                           PID    Runtime      # DAGs    # Errors  Last Runtime    Last Run
----------------------------------  -----  ---------  --------  ----------  --------------  -------------------
/opt/airflow/dags/etl_api_to_bi.py                           1           0  0.34s           2025-09-15T17:57:27
================================================================================
[2025-09-15T19:58:10.919+0200] {manager.py:878} INFO - 
================================================================================
DAG File Processing Stats

File Path                           PID    Runtime      # DAGs    # Errors  Last Runtime    Last Run
----------------------------------  -----  ---------  --------  ----------  --------------  -------------------
/opt/airflow/dags/etl_api_to_bi.py                           1           0  0.28s           2025-09-15T17:57:58
================================================================================
[2025-09-15T19:58:38.715+0200] {manager.py:878} INFO - 
================================================================================
DAG File Processing Stats

File Path                           PID    Runtime      # DAGs    # Errors  Last Runtime    Last Run
----------------------------------  -----  ---------  --------  ----------  --------------  -------------------
/opt/airflow/dags/etl_api_to_bi.py                           1           0  0.29s           2025-09-15T17:58:29
================================================================================
[2025-09-15T19:59:06.745+0200] {manager.py:878} INFO - 
================================================================================
DAG File Processing Stats

File Path                           PID    Runtime      # DAGs    # Errors  Last Runtime    Last Run
----------------------------------  -----  ---------  --------  ----------  --------------  -------------------
/opt/airflow/dags/etl_api_to_bi.py                           1           0  0.24s           2025-09-15T17:58:59
================================================================================
[2025-09-15T19:59:34.477+0200] {manager.py:878} INFO - 
================================================================================
DAG File Processing Stats

File Path                           PID    Runtime      # DAGs    # Errors  Last Runtime    Last Run
----------------------------------  -----  ---------  --------  ----------  --------------  -------------------
/opt/airflow/dags/etl_api_to_bi.py                           1           0  0.54s           2025-09-15T17:59:30
================================================================================
[2025-09-15T20:00:02.023+0200] {manager.py:878} INFO - 
================================================================================
DAG File Processing Stats

File Path                           PID    Runtime      # DAGs    # Errors  Last Runtime    Last Run
----------------------------------  -----  ---------  --------  ----------  --------------  -------------------
/opt/airflow/dags/etl_api_to_bi.py                           1           0  0.36s           2025-09-15T18:00:01
================================================================================
[2025-09-15T20:00:30.018+0200] {manager.py:878} INFO - 
================================================================================
DAG File Processing Stats

File Path                           PID    Runtime      # DAGs    # Errors  Last Runtime    Last Run
----------------------------------  -----  ---------  --------  ----------  --------------  -------------------
/opt/airflow/dags/etl_api_to_bi.py                           1           0  0.36s           2025-09-15T18:00:01
================================================================================
[2025-09-15T20:00:57.978+0200] {manager.py:878} INFO - 
================================================================================
DAG File Processing Stats

File Path                           PID    Runtime      # DAGs    # Errors  Last Runtime    Last Run
----------------------------------  -----  ---------  --------  ----------  --------------  -------------------
/opt/airflow/dags/etl_api_to_bi.py                           1           0  0.36s           2025-09-15T18:00:32
================================================================================
[2025-09-15T20:01:27.611+0200] {manager.py:878} INFO - 
================================================================================
DAG File Processing Stats

File Path                           PID    Runtime      # DAGs    # Errors  Last Runtime    Last Run
----------------------------------  -----  ---------  --------  ----------  --------------  -------------------
/opt/airflow/dags/etl_api_to_bi.py                           1           0  0.29s           2025-09-15T18:01:03
================================================================================
[2025-09-15T20:01:34.885+0200] {manager.py:737} INFO - Searching for files in /opt/airflow/dags
[2025-09-15T20:01:34.912+0200] {manager.py:740} INFO - There are 1 files in /opt/airflow/dags
[2025-09-15T20:01:53.833+0200] {manager.py:878} INFO - 
================================================================================
DAG File Processing Stats

File Path                           PID    Runtime      # DAGs    # Errors  Last Runtime    Last Run
----------------------------------  -----  ---------  --------  ----------  --------------  -------------------
/opt/airflow/dags/etl_api_to_bi.py                           1           0  0.41s           2025-09-15T18:01:34
================================================================================
[2025-09-15T20:02:22.845+0200] {manager.py:878} INFO - 
================================================================================
DAG File Processing Stats

File Path                           PID    Runtime      # DAGs    # Errors  Last Runtime    Last Run
----------------------------------  -----  ---------  --------  ----------  --------------  -------------------
/opt/airflow/dags/etl_api_to_bi.py                           1           0  0.27s           2025-09-15T18:02:05
================================================================================
[2025-09-15T20:02:50.672+0200] {manager.py:878} INFO - 
================================================================================
DAG File Processing Stats

File Path                           PID    Runtime      # DAGs    # Errors  Last Runtime    Last Run
----------------------------------  -----  ---------  --------  ----------  --------------  -------------------
/opt/airflow/dags/etl_api_to_bi.py                           1           0  0.28s           2025-09-15T18:02:36
================================================================================
[2025-09-15T20:03:18.734+0200] {manager.py:878} INFO - 
================================================================================
DAG File Processing Stats

File Path                           PID    Runtime      # DAGs    # Errors  Last Runtime    Last Run
----------------------------------  -----  ---------  --------  ----------  --------------  -------------------
/opt/airflow/dags/etl_api_to_bi.py                           1           0  0.67s           2025-09-15T18:03:07
================================================================================
[2025-09-15T20:03:46.555+0200] {manager.py:878} INFO - 
================================================================================
DAG File Processing Stats

File Path                           PID    Runtime      # DAGs    # Errors  Last Runtime    Last Run
----------------------------------  -----  ---------  --------  ----------  --------------  -------------------
/opt/airflow/dags/etl_api_to_bi.py                           1           0  0.30s           2025-09-15T18:03:38
================================================================================
[2025-09-15T20:04:15.955+0200] {manager.py:878} INFO - 
================================================================================
DAG File Processing Stats

File Path                           PID    Runtime      # DAGs    # Errors  Last Runtime    Last Run
----------------------------------  -----  ---------  --------  ----------  --------------  -------------------
/opt/airflow/dags/etl_api_to_bi.py                           1           0  0.40s           2025-09-15T18:04:09
================================================================================
[2025-09-15T20:04:43.002+0200] {manager.py:878} INFO - 
================================================================================
DAG File Processing Stats

File Path                           PID    Runtime      # DAGs    # Errors  Last Runtime    Last Run
----------------------------------  -----  ---------  --------  ----------  --------------  -------------------
/opt/airflow/dags/etl_api_to_bi.py                           1           0  0.27s           2025-09-15T18:04:40
================================================================================
[2025-09-15T20:05:10.902+0200] {manager.py:878} INFO - 
================================================================================
DAG File Processing Stats

File Path                             PID  Runtime      # DAGs    # Errors  Last Runtime    Last Run
----------------------------------  -----  ---------  --------  ----------  --------------  -------------------
/opt/airflow/dags/etl_api_to_bi.py    445  0.01s             1           0  0.27s           2025-09-15T18:04:40
================================================================================
[2025-09-15T20:05:38.845+0200] {manager.py:878} INFO - 
================================================================================
DAG File Processing Stats

File Path                           PID    Runtime      # DAGs    # Errors  Last Runtime    Last Run
----------------------------------  -----  ---------  --------  ----------  --------------  -------------------
/opt/airflow/dags/etl_api_to_bi.py                           1           0  0.48s           2025-09-15T18:05:11
================================================================================
[2025-09-15T20:06:06.692+0200] {manager.py:878} INFO - 
================================================================================
DAG File Processing Stats

File Path                           PID    Runtime      # DAGs    # Errors  Last Runtime    Last Run
----------------------------------  -----  ---------  --------  ----------  --------------  -------------------
/opt/airflow/dags/etl_api_to_bi.py                           1           0  0.23s           2025-09-15T18:05:41
================================================================================
[2025-09-15T20:06:34.771+0200] {manager.py:878} INFO - 
================================================================================
DAG File Processing Stats

File Path                           PID    Runtime      # DAGs    # Errors  Last Runtime    Last Run
----------------------------------  -----  ---------  --------  ----------  --------------  -------------------
/opt/airflow/dags/etl_api_to_bi.py                           1           0  0.21s           2025-09-15T18:06:12
================================================================================
[2025-09-15T20:06:34.988+0200] {manager.py:737} INFO - Searching for files in /opt/airflow/dags
[2025-09-15T20:06:35.027+0200] {manager.py:740} INFO - There are 1 files in /opt/airflow/dags
[2025-09-15T20:07:03.059+0200] {manager.py:878} INFO - 
================================================================================
DAG File Processing Stats

File Path                           PID    Runtime      # DAGs    # Errors  Last Runtime    Last Run
----------------------------------  -----  ---------  --------  ----------  --------------  -------------------
/opt/airflow/dags/etl_api_to_bi.py                           1           0  0.25s           2025-09-15T18:06:42
================================================================================
[2025-09-15T20:07:31.224+0200] {manager.py:878} INFO - 
================================================================================
DAG File Processing Stats

File Path                           PID    Runtime      # DAGs    # Errors  Last Runtime    Last Run
----------------------------------  -----  ---------  --------  ----------  --------------  -------------------
/opt/airflow/dags/etl_api_to_bi.py                           1           0  0.37s           2025-09-15T18:07:13
================================================================================
[2025-09-15T20:07:59.581+0200] {manager.py:878} INFO - 
================================================================================
DAG File Processing Stats

File Path                           PID    Runtime      # DAGs    # Errors  Last Runtime    Last Run
----------------------------------  -----  ---------  --------  ----------  --------------  -------------------
/opt/airflow/dags/etl_api_to_bi.py                           1           0  0.29s           2025-09-15T18:07:44
================================================================================
[2025-09-15T20:08:27.513+0200] {manager.py:878} INFO - 
================================================================================
DAG File Processing Stats

File Path                           PID    Runtime      # DAGs    # Errors  Last Runtime    Last Run
----------------------------------  -----  ---------  --------  ----------  --------------  -------------------
/opt/airflow/dags/etl_api_to_bi.py                           1           0  0.30s           2025-09-15T18:08:15
================================================================================
[2025-09-15T20:08:55.596+0200] {manager.py:878} INFO - 
================================================================================
DAG File Processing Stats

File Path                           PID    Runtime      # DAGs    # Errors  Last Runtime    Last Run
----------------------------------  -----  ---------  --------  ----------  --------------  -------------------
/opt/airflow/dags/etl_api_to_bi.py                           1           0  0.30s           2025-09-15T18:08:46
================================================================================
[2025-09-15T20:09:23.296+0200] {manager.py:878} INFO - 
================================================================================
DAG File Processing Stats

File Path                           PID    Runtime      # DAGs    # Errors  Last Runtime    Last Run
----------------------------------  -----  ---------  --------  ----------  --------------  -------------------
/opt/airflow/dags/etl_api_to_bi.py                           1           0  0.69s           2025-09-15T18:09:18
================================================================================
[2025-09-15T20:09:51.673+0200] {manager.py:878} INFO - 
================================================================================
DAG File Processing Stats

File Path                           PID    Runtime      # DAGs    # Errors  Last Runtime    Last Run
----------------------------------  -----  ---------  --------  ----------  --------------  -------------------
/opt/airflow/dags/etl_api_to_bi.py                           1           0  0.28s           2025-09-15T18:09:48
================================================================================
[2025-09-15T20:10:18.548+0200] {manager.py:878} INFO - 
================================================================================
DAG File Processing Stats

File Path                           PID    Runtime      # DAGs    # Errors  Last Runtime    Last Run
----------------------------------  -----  ---------  --------  ----------  --------------  -------------------
/opt/airflow/dags/etl_api_to_bi.py                           1           0  0.28s           2025-09-15T18:09:48
================================================================================
[2025-09-15T20:10:47.748+0200] {manager.py:878} INFO - 
================================================================================
DAG File Processing Stats

File Path                           PID    Runtime      # DAGs    # Errors  Last Runtime    Last Run
----------------------------------  -----  ---------  --------  ----------  --------------  -------------------
/opt/airflow/dags/etl_api_to_bi.py                           1           0  0.22s           2025-09-15T18:10:19
================================================================================
[2025-09-15T20:11:15.753+0200] {manager.py:878} INFO - 
================================================================================
DAG File Processing Stats

File Path                           PID    Runtime      # DAGs    # Errors  Last Runtime    Last Run
----------------------------------  -----  ---------  --------  ----------  --------------  -------------------
/opt/airflow/dags/etl_api_to_bi.py                           1           0  0.21s           2025-09-15T18:10:50
================================================================================
[2025-09-15T20:11:35.799+0200] {manager.py:737} INFO - Searching for files in /opt/airflow/dags
[2025-09-15T20:11:35.837+0200] {manager.py:740} INFO - There are 1 files in /opt/airflow/dags
[2025-09-15T20:11:43.979+0200] {manager.py:878} INFO - 
================================================================================
DAG File Processing Stats

File Path                           PID    Runtime      # DAGs    # Errors  Last Runtime    Last Run
----------------------------------  -----  ---------  --------  ----------  --------------  -------------------
/opt/airflow/dags/etl_api_to_bi.py                           1           0  0.22s           2025-09-15T18:11:21
================================================================================
[2025-09-15T20:12:11.866+0200] {manager.py:878} INFO - 
================================================================================
DAG File Processing Stats

File Path                           PID    Runtime      # DAGs    # Errors  Last Runtime    Last Run
----------------------------------  -----  ---------  --------  ----------  --------------  -------------------
/opt/airflow/dags/etl_api_to_bi.py                           1           0  0.25s           2025-09-15T18:11:51
================================================================================
[2025-09-15T20:12:39.934+0200] {manager.py:878} INFO - 
================================================================================
DAG File Processing Stats

File Path                           PID    Runtime      # DAGs    # Errors  Last Runtime    Last Run
----------------------------------  -----  ---------  --------  ----------  --------------  -------------------
/opt/airflow/dags/etl_api_to_bi.py                           1           0  0.20s           2025-09-15T18:12:22
================================================================================
[2025-09-15T20:13:07.815+0200] {manager.py:878} INFO - 
================================================================================
DAG File Processing Stats

File Path                           PID    Runtime      # DAGs    # Errors  Last Runtime    Last Run
----------------------------------  -----  ---------  --------  ----------  --------------  -------------------
/opt/airflow/dags/etl_api_to_bi.py                           1           0  0.21s           2025-09-15T18:12:53
================================================================================
[2025-09-15T20:13:35.825+0200] {manager.py:878} INFO - 
================================================================================
DAG File Processing Stats

File Path                           PID    Runtime      # DAGs    # Errors  Last Runtime    Last Run
----------------------------------  -----  ---------  --------  ----------  --------------  -------------------
/opt/airflow/dags/etl_api_to_bi.py                           1           0  0.28s           2025-09-15T18:13:24
================================================================================
[2025-09-15T20:14:03.781+0200] {manager.py:878} INFO - 
================================================================================
DAG File Processing Stats

File Path                           PID    Runtime      # DAGs    # Errors  Last Runtime    Last Run
----------------------------------  -----  ---------  --------  ----------  --------------  -------------------
/opt/airflow/dags/etl_api_to_bi.py                           1           0  0.24s           2025-09-15T18:13:55
================================================================================
[2025-09-15T20:14:31.840+0200] {manager.py:878} INFO - 
================================================================================
DAG File Processing Stats

File Path                           PID    Runtime      # DAGs    # Errors  Last Runtime    Last Run
----------------------------------  -----  ---------  --------  ----------  --------------  -------------------
/opt/airflow/dags/etl_api_to_bi.py                           1           0  0.28s           2025-09-15T18:14:27
================================================================================
[2025-09-15T20:14:59.973+0200] {manager.py:878} INFO - 
================================================================================
DAG File Processing Stats

File Path                           PID    Runtime      # DAGs    # Errors  Last Runtime    Last Run
----------------------------------  -----  ---------  --------  ----------  --------------  -------------------
/opt/airflow/dags/etl_api_to_bi.py                           1           0  0.23s           2025-09-15T18:14:58
================================================================================
[2025-09-15T20:15:27.863+0200] {manager.py:878} INFO - 
================================================================================
DAG File Processing Stats

File Path                           PID    Runtime      # DAGs    # Errors  Last Runtime    Last Run
----------------------------------  -----  ---------  --------  ----------  --------------  -------------------
/opt/airflow/dags/etl_api_to_bi.py                           1           0  0.23s           2025-09-15T18:14:58
================================================================================
[2025-09-15T20:15:55.723+0200] {manager.py:878} INFO - 
================================================================================
DAG File Processing Stats

File Path                           PID    Runtime      # DAGs    # Errors  Last Runtime    Last Run
----------------------------------  -----  ---------  --------  ----------  --------------  -------------------
/opt/airflow/dags/etl_api_to_bi.py                           1           0  0.20s           2025-09-15T18:15:29
================================================================================
[2025-09-15T20:16:23.765+0200] {manager.py:878} INFO - 
================================================================================
DAG File Processing Stats

File Path                           PID    Runtime      # DAGs    # Errors  Last Runtime    Last Run
----------------------------------  -----  ---------  --------  ----------  --------------  -------------------
/opt/airflow/dags/etl_api_to_bi.py                           1           0  0.24s           2025-09-15T18:15:59
================================================================================
[2025-09-15T20:16:36.547+0200] {manager.py:737} INFO - Searching for files in /opt/airflow/dags
[2025-09-15T20:16:36.584+0200] {manager.py:740} INFO - There are 1 files in /opt/airflow/dags
[2025-09-15T20:16:51.735+0200] {manager.py:878} INFO - 
================================================================================
DAG File Processing Stats

File Path                           PID    Runtime      # DAGs    # Errors  Last Runtime    Last Run
----------------------------------  -----  ---------  --------  ----------  --------------  -------------------
/opt/airflow/dags/etl_api_to_bi.py                           1           0  0.20s           2025-09-15T18:16:30
================================================================================
[2025-09-15T20:17:19.647+0200] {manager.py:878} INFO - 
================================================================================
DAG File Processing Stats

File Path                           PID    Runtime      # DAGs    # Errors  Last Runtime    Last Run
----------------------------------  -----  ---------  --------  ----------  --------------  -------------------
/opt/airflow/dags/etl_api_to_bi.py                           1           0  0.22s           2025-09-15T18:17:01
================================================================================
[2025-09-15T20:17:47.773+0200] {manager.py:878} INFO - 
================================================================================
DAG File Processing Stats

File Path                           PID    Runtime      # DAGs    # Errors  Last Runtime    Last Run
----------------------------------  -----  ---------  --------  ----------  --------------  -------------------
/opt/airflow/dags/etl_api_to_bi.py                           1           0  0.20s           2025-09-15T18:17:32
================================================================================
[2025-09-15T20:18:15.784+0200] {manager.py:878} INFO - 
================================================================================
DAG File Processing Stats

File Path                           PID    Runtime      # DAGs    # Errors  Last Runtime    Last Run
----------------------------------  -----  ---------  --------  ----------  --------------  -------------------
/opt/airflow/dags/etl_api_to_bi.py                           1           0  0.20s           2025-09-15T18:18:03
================================================================================
[2025-09-15T20:18:43.789+0200] {manager.py:878} INFO - 
================================================================================
DAG File Processing Stats

File Path                           PID    Runtime      # DAGs    # Errors  Last Runtime    Last Run
----------------------------------  -----  ---------  --------  ----------  --------------  -------------------
/opt/airflow/dags/etl_api_to_bi.py                           1           0  0.21s           2025-09-15T18:18:34
================================================================================
[2025-09-15T20:19:09.624+0200] {manager.py:878} INFO - 
================================================================================
DAG File Processing Stats

File Path                           PID    Runtime      # DAGs    # Errors  Last Runtime    Last Run
----------------------------------  -----  ---------  --------  ----------  --------------  -------------------
/opt/airflow/dags/etl_api_to_bi.py                           1           0  0.25s           2025-09-15T18:19:05
================================================================================
[2025-09-15T20:19:37.884+0200] {manager.py:878} INFO - 
================================================================================
DAG File Processing Stats

File Path                           PID    Runtime      # DAGs    # Errors  Last Runtime    Last Run
----------------------------------  -----  ---------  --------  ----------  --------------  -------------------
/opt/airflow/dags/etl_api_to_bi.py                           1           0  0.21s           2025-09-15T18:19:36
================================================================================
[2025-09-15T20:20:05.891+0200] {manager.py:878} INFO - 
================================================================================
DAG File Processing Stats

File Path                           PID    Runtime      # DAGs    # Errors  Last Runtime    Last Run
----------------------------------  -----  ---------  --------  ----------  --------------  -------------------
/opt/airflow/dags/etl_api_to_bi.py                           1           0  0.22s           2025-09-15T18:20:06
================================================================================
[2025-09-15T20:20:33.727+0200] {manager.py:878} INFO - 
================================================================================
DAG File Processing Stats

File Path                           PID    Runtime      # DAGs    # Errors  Last Runtime    Last Run
----------------------------------  -----  ---------  --------  ----------  --------------  -------------------
/opt/airflow/dags/etl_api_to_bi.py                           1           0  0.22s           2025-09-15T18:20:06
================================================================================
[2025-09-15T20:21:02.034+0200] {manager.py:878} INFO - 
================================================================================
DAG File Processing Stats

File Path                           PID    Runtime      # DAGs    # Errors  Last Runtime    Last Run
----------------------------------  -----  ---------  --------  ----------  --------------  -------------------
/opt/airflow/dags/etl_api_to_bi.py                           1           0  0.20s           2025-09-15T18:20:36
================================================================================
[2025-09-15T20:21:30.009+0200] {manager.py:878} INFO - 
================================================================================
DAG File Processing Stats

File Path                           PID    Runtime      # DAGs    # Errors  Last Runtime    Last Run
----------------------------------  -----  ---------  --------  ----------  --------------  -------------------
/opt/airflow/dags/etl_api_to_bi.py                           1           0  0.21s           2025-09-15T18:21:07
================================================================================
[2025-09-15T20:21:37.146+0200] {manager.py:737} INFO - Searching for files in /opt/airflow/dags
[2025-09-15T20:21:37.184+0200] {manager.py:740} INFO - There are 1 files in /opt/airflow/dags
[2025-09-15T20:21:58.134+0200] {manager.py:878} INFO - 
================================================================================
DAG File Processing Stats

File Path                           PID    Runtime      # DAGs    # Errors  Last Runtime    Last Run
----------------------------------  -----  ---------  --------  ----------  --------------  -------------------
/opt/airflow/dags/etl_api_to_bi.py                           1           0  0.22s           2025-09-15T18:21:38
================================================================================
[2025-09-15T20:22:26.032+0200] {manager.py:878} INFO - 
================================================================================
DAG File Processing Stats

File Path                           PID    Runtime      # DAGs    # Errors  Last Runtime    Last Run
----------------------------------  -----  ---------  --------  ----------  --------------  -------------------
/opt/airflow/dags/etl_api_to_bi.py                           1           0  0.22s           2025-09-15T18:22:09
================================================================================
[2025-09-15T20:22:53.927+0200] {manager.py:878} INFO - 
================================================================================
DAG File Processing Stats

File Path                           PID    Runtime      # DAGs    # Errors  Last Runtime    Last Run
----------------------------------  -----  ---------  --------  ----------  --------------  -------------------
/opt/airflow/dags/etl_api_to_bi.py                           1           0  0.23s           2025-09-15T18:22:40
================================================================================
[2025-09-15T20:23:22.030+0200] {manager.py:878} INFO - 
================================================================================
DAG File Processing Stats

File Path                           PID    Runtime      # DAGs    # Errors  Last Runtime    Last Run
----------------------------------  -----  ---------  --------  ----------  --------------  -------------------
/opt/airflow/dags/etl_api_to_bi.py                           1           0  0.31s           2025-09-15T18:23:11
================================================================================
[2025-09-15T20:23:49.975+0200] {manager.py:878} INFO - 
================================================================================
DAG File Processing Stats

File Path                           PID    Runtime      # DAGs    # Errors  Last Runtime    Last Run
----------------------------------  -----  ---------  --------  ----------  --------------  -------------------
/opt/airflow/dags/etl_api_to_bi.py                           1           0  0.32s           2025-09-15T18:23:42
================================================================================
[2025-09-15T20:24:17.839+0200] {manager.py:878} INFO - 
================================================================================
DAG File Processing Stats

File Path                           PID    Runtime      # DAGs    # Errors  Last Runtime    Last Run
----------------------------------  -----  ---------  --------  ----------  --------------  -------------------
/opt/airflow/dags/etl_api_to_bi.py                           1           0  0.26s           2025-09-15T18:24:13
================================================================================
[2025-09-15T20:24:45.882+0200] {manager.py:878} INFO - 
================================================================================
DAG File Processing Stats

File Path                           PID    Runtime      # DAGs    # Errors  Last Runtime    Last Run
----------------------------------  -----  ---------  --------  ----------  --------------  -------------------
/opt/airflow/dags/etl_api_to_bi.py                           1           0  0.25s           2025-09-15T18:24:43
================================================================================
[2025-09-15T20:25:13.810+0200] {manager.py:878} INFO - 
================================================================================
DAG File Processing Stats

File Path                           PID    Runtime      # DAGs    # Errors  Last Runtime    Last Run
----------------------------------  -----  ---------  --------  ----------  --------------  -------------------
/opt/airflow/dags/etl_api_to_bi.py                           1           0  0.25s           2025-09-15T18:24:43
================================================================================
[2025-09-15T20:25:41.657+0200] {manager.py:878} INFO - 
================================================================================
DAG File Processing Stats

File Path                           PID    Runtime      # DAGs    # Errors  Last Runtime    Last Run
----------------------------------  -----  ---------  --------  ----------  --------------  -------------------
/opt/airflow/dags/etl_api_to_bi.py                           1           0  0.21s           2025-09-15T18:25:15
================================================================================
[2025-09-15T20:26:09.459+0200] {manager.py:878} INFO - 
================================================================================
DAG File Processing Stats

File Path                           PID    Runtime      # DAGs    # Errors  Last Runtime    Last Run
----------------------------------  -----  ---------  --------  ----------  --------------  -------------------
/opt/airflow/dags/etl_api_to_bi.py                           1           0  0.20s           2025-09-15T18:25:45
================================================================================
[2025-09-15T20:26:37.380+0200] {manager.py:737} INFO - Searching for files in /opt/airflow/dags
[2025-09-15T20:26:37.419+0200] {manager.py:740} INFO - There are 1 files in /opt/airflow/dags
[2025-09-15T20:26:37.436+0200] {manager.py:878} INFO - 
================================================================================
DAG File Processing Stats

File Path                           PID    Runtime      # DAGs    # Errors  Last Runtime    Last Run
----------------------------------  -----  ---------  --------  ----------  --------------  -------------------
/opt/airflow/dags/etl_api_to_bi.py                           1           0  0.25s           2025-09-15T18:26:16
================================================================================
[2025-09-15T20:27:05.448+0200] {manager.py:878} INFO - 
================================================================================
DAG File Processing Stats

File Path                           PID    Runtime      # DAGs    # Errors  Last Runtime    Last Run
----------------------------------  -----  ---------  --------  ----------  --------------  -------------------
/opt/airflow/dags/etl_api_to_bi.py                           1           0  0.22s           2025-09-15T18:26:47
================================================================================
[2025-09-15T20:27:33.449+0200] {manager.py:878} INFO - 
================================================================================
DAG File Processing Stats

File Path                           PID    Runtime      # DAGs    # Errors  Last Runtime    Last Run
----------------------------------  -----  ---------  --------  ----------  --------------  -------------------
/opt/airflow/dags/etl_api_to_bi.py                           1           0  0.27s           2025-09-15T18:27:18
================================================================================
[2025-09-15T20:28:01.498+0200] {manager.py:878} INFO - 
================================================================================
DAG File Processing Stats

File Path                           PID    Runtime      # DAGs    # Errors  Last Runtime    Last Run
----------------------------------  -----  ---------  --------  ----------  --------------  -------------------
/opt/airflow/dags/etl_api_to_bi.py                           1           0  0.23s           2025-09-15T18:27:49
================================================================================
[2025-09-15T20:28:29.302+0200] {manager.py:878} INFO - 
================================================================================
DAG File Processing Stats

File Path                           PID    Runtime      # DAGs    # Errors  Last Runtime    Last Run
----------------------------------  -----  ---------  --------  ----------  --------------  -------------------
/opt/airflow/dags/etl_api_to_bi.py                           1           0  0.25s           2025-09-15T18:28:20
================================================================================
[2025-09-15T20:28:57.407+0200] {manager.py:878} INFO - 
================================================================================
DAG File Processing Stats

File Path                           PID    Runtime      # DAGs    # Errors  Last Runtime    Last Run
----------------------------------  -----  ---------  --------  ----------  --------------  -------------------
/opt/airflow/dags/etl_api_to_bi.py                           1           0  0.21s           2025-09-15T18:28:51
================================================================================
[2025-09-15T20:29:25.326+0200] {manager.py:878} INFO - 
================================================================================
DAG File Processing Stats

File Path                           PID    Runtime      # DAGs    # Errors  Last Runtime    Last Run
----------------------------------  -----  ---------  --------  ----------  --------------  -------------------
/opt/airflow/dags/etl_api_to_bi.py                           1           0  0.21s           2025-09-15T18:29:22
================================================================================
[2025-09-15T20:29:53.117+0200] {manager.py:878} INFO - 
================================================================================
DAG File Processing Stats

File Path                             PID  Runtime      # DAGs    # Errors  Last Runtime    Last Run
----------------------------------  -----  ---------  --------  ----------  --------------  -------------------
/opt/airflow/dags/etl_api_to_bi.py    716  0.01s             1           0  0.21s           2025-09-15T18:29:22
================================================================================
[2025-09-15T20:30:22.827+0200] {manager.py:878} INFO - 
================================================================================
DAG File Processing Stats

File Path                           PID    Runtime      # DAGs    # Errors  Last Runtime    Last Run
----------------------------------  -----  ---------  --------  ----------  --------------  -------------------
/opt/airflow/dags/etl_api_to_bi.py                           1           0  0.23s           2025-09-15T18:29:53
================================================================================
[2025-09-15T20:30:49.196+0200] {manager.py:878} INFO - 
================================================================================
DAG File Processing Stats

File Path                           PID    Runtime      # DAGs    # Errors  Last Runtime    Last Run
----------------------------------  -----  ---------  --------  ----------  --------------  -------------------
/opt/airflow/dags/etl_api_to_bi.py                           1           0  0.22s           2025-09-15T18:30:24
================================================================================
[2025-09-15T20:31:16.956+0200] {manager.py:878} INFO - 
================================================================================
DAG File Processing Stats

File Path                           PID    Runtime      # DAGs    # Errors  Last Runtime    Last Run
----------------------------------  -----  ---------  --------  ----------  --------------  -------------------
/opt/airflow/dags/etl_api_to_bi.py                           1           0  0.21s           2025-09-15T18:30:54
================================================================================
[2025-09-15T20:31:37.998+0200] {manager.py:737} INFO - Searching for files in /opt/airflow/dags
[2025-09-15T20:31:38.033+0200] {manager.py:740} INFO - There are 1 files in /opt/airflow/dags
[2025-09-15T20:31:45.243+0200] {manager.py:878} INFO - 
================================================================================
DAG File Processing Stats

File Path                           PID    Runtime      # DAGs    # Errors  Last Runtime    Last Run
----------------------------------  -----  ---------  --------  ----------  --------------  -------------------
/opt/airflow/dags/etl_api_to_bi.py                           1           0  0.22s           2025-09-15T18:31:25
================================================================================
[2025-09-15T20:32:13.154+0200] {manager.py:878} INFO - 
================================================================================
DAG File Processing Stats

File Path                           PID    Runtime      # DAGs    # Errors  Last Runtime    Last Run
----------------------------------  -----  ---------  --------  ----------  --------------  -------------------
/opt/airflow/dags/etl_api_to_bi.py                           1           0  0.22s           2025-09-15T18:31:55
================================================================================
[2025-09-15T20:32:41.131+0200] {manager.py:878} INFO - 
================================================================================
DAG File Processing Stats

File Path                           PID    Runtime      # DAGs    # Errors  Last Runtime    Last Run
----------------------------------  -----  ---------  --------  ----------  --------------  -------------------
/opt/airflow/dags/etl_api_to_bi.py                           1           0  0.25s           2025-09-15T18:32:26
================================================================================
[2025-09-15T20:33:09.241+0200] {manager.py:878} INFO - 
================================================================================
DAG File Processing Stats

File Path                           PID    Runtime      # DAGs    # Errors  Last Runtime    Last Run
----------------------------------  -----  ---------  --------  ----------  --------------  -------------------
/opt/airflow/dags/etl_api_to_bi.py                           1           0  0.24s           2025-09-15T18:32:57
================================================================================
[2025-09-15T20:33:37.129+0200] {manager.py:878} INFO - 
================================================================================
DAG File Processing Stats

File Path                           PID    Runtime      # DAGs    # Errors  Last Runtime    Last Run
----------------------------------  -----  ---------  --------  ----------  --------------  -------------------
/opt/airflow/dags/etl_api_to_bi.py                           1           0  0.24s           2025-09-15T18:33:28
================================================================================
[2025-09-15T20:34:04.981+0200] {manager.py:878} INFO - 
================================================================================
DAG File Processing Stats

File Path                           PID    Runtime      # DAGs    # Errors  Last Runtime    Last Run
----------------------------------  -----  ---------  --------  ----------  --------------  -------------------
/opt/airflow/dags/etl_api_to_bi.py                           1           0  0.86s           2025-09-15T18:33:59
================================================================================
[2025-09-15T20:34:34.854+0200] {manager.py:878} INFO - 
================================================================================
DAG File Processing Stats

File Path                           PID    Runtime      # DAGs    # Errors  Last Runtime    Last Run
----------------------------------  -----  ---------  --------  ----------  --------------  -------------------
/opt/airflow/dags/etl_api_to_bi.py                           1           0  0.36s           2025-09-15T18:34:31
================================================================================
[2025-09-15T20:35:00.583+0200] {manager.py:878} INFO - 
================================================================================
DAG File Processing Stats

File Path                           PID    Runtime      # DAGs    # Errors  Last Runtime    Last Run
----------------------------------  -----  ---------  --------  ----------  --------------  -------------------
/opt/airflow/dags/etl_api_to_bi.py                           1           0  0.36s           2025-09-15T18:34:31
================================================================================
[2025-09-15T20:35:29.768+0200] {manager.py:878} INFO - 
================================================================================
DAG File Processing Stats

File Path                           PID    Runtime      # DAGs    # Errors  Last Runtime    Last Run
----------------------------------  -----  ---------  --------  ----------  --------------  -------------------
/opt/airflow/dags/etl_api_to_bi.py                           1           0  0.25s           2025-09-15T18:35:01
================================================================================
[2025-09-15T20:35:57.657+0200] {manager.py:878} INFO - 
================================================================================
DAG File Processing Stats

File Path                           PID    Runtime      # DAGs    # Errors  Last Runtime    Last Run
----------------------------------  -----  ---------  --------  ----------  --------------  -------------------
/opt/airflow/dags/etl_api_to_bi.py                           1           0  0.22s           2025-09-15T18:35:33
================================================================================
[2025-09-15T20:36:25.778+0200] {manager.py:878} INFO - 
================================================================================
DAG File Processing Stats

File Path                           PID    Runtime      # DAGs    # Errors  Last Runtime    Last Run
----------------------------------  -----  ---------  --------  ----------  --------------  -------------------
/opt/airflow/dags/etl_api_to_bi.py                           1           0  0.28s           2025-09-15T18:36:04
================================================================================
[2025-09-15T20:36:38.457+0200] {manager.py:737} INFO - Searching for files in /opt/airflow/dags
[2025-09-15T20:36:38.497+0200] {manager.py:740} INFO - There are 1 files in /opt/airflow/dags
[2025-09-15T20:36:53.699+0200] {manager.py:878} INFO - 
================================================================================
DAG File Processing Stats

File Path                           PID    Runtime      # DAGs    # Errors  Last Runtime    Last Run
----------------------------------  -----  ---------  --------  ----------  --------------  -------------------
/opt/airflow/dags/etl_api_to_bi.py                           1           0  0.68s           2025-09-15T18:36:34
================================================================================
[2025-09-15T20:37:21.743+0200] {manager.py:878} INFO - 
================================================================================
DAG File Processing Stats

File Path                           PID    Runtime      # DAGs    # Errors  Last Runtime    Last Run
----------------------------------  -----  ---------  --------  ----------  --------------  -------------------
/opt/airflow/dags/etl_api_to_bi.py                           1           0  0.30s           2025-09-15T18:37:05
================================================================================
[2025-09-15T20:37:49.814+0200] {manager.py:878} INFO - 
================================================================================
DAG File Processing Stats

File Path                           PID    Runtime      # DAGs    # Errors  Last Runtime    Last Run
----------------------------------  -----  ---------  --------  ----------  --------------  -------------------
/opt/airflow/dags/etl_api_to_bi.py                           1           0  0.26s           2025-09-15T18:37:36
================================================================================
[2025-09-15T20:38:18.011+0200] {manager.py:878} INFO - 
================================================================================
DAG File Processing Stats

File Path                           PID    Runtime      # DAGs    # Errors  Last Runtime    Last Run
----------------------------------  -----  ---------  --------  ----------  --------------  -------------------
/opt/airflow/dags/etl_api_to_bi.py                           1           0  0.26s           2025-09-15T18:38:07
================================================================================
[2025-09-15T20:38:46.059+0200] {manager.py:878} INFO - 
================================================================================
DAG File Processing Stats

File Path                           PID    Runtime      # DAGs    # Errors  Last Runtime    Last Run
----------------------------------  -----  ---------  --------  ----------  --------------  -------------------
/opt/airflow/dags/etl_api_to_bi.py                           1           0  0.31s           2025-09-15T18:38:38
================================================================================
[2025-09-15T20:39:14.231+0200] {manager.py:878} INFO - 
================================================================================
DAG File Processing Stats

File Path                           PID    Runtime      # DAGs    # Errors  Last Runtime    Last Run
----------------------------------  -----  ---------  --------  ----------  --------------  -------------------
/opt/airflow/dags/etl_api_to_bi.py                           1           0  0.26s           2025-09-15T18:39:09
================================================================================
[2025-09-15T20:39:42.497+0200] {manager.py:878} INFO - 
================================================================================
DAG File Processing Stats

File Path                             PID  Runtime      # DAGs    # Errors  Last Runtime    Last Run
----------------------------------  -----  ---------  --------  ----------  --------------  -------------------
/opt/airflow/dags/etl_api_to_bi.py    842  2.11s             1           0  0.26s           2025-09-15T18:39:09
================================================================================
[2025-09-15T20:40:10.112+0200] {manager.py:878} INFO - 
================================================================================
DAG File Processing Stats

File Path                           PID    Runtime      # DAGs    # Errors  Last Runtime    Last Run
----------------------------------  -----  ---------  --------  ----------  --------------  -------------------
/opt/airflow/dags/etl_api_to_bi.py                           1           0  2.23s           2025-09-15T18:39:42
================================================================================
[2025-09-15T20:40:38.088+0200] {manager.py:878} INFO - 
================================================================================
DAG File Processing Stats

File Path                           PID    Runtime      # DAGs    # Errors  Last Runtime    Last Run
----------------------------------  -----  ---------  --------  ----------  --------------  -------------------
/opt/airflow/dags/etl_api_to_bi.py                           1           0  0.37s           2025-09-15T18:40:13
================================================================================
[2025-09-15T20:41:06.066+0200] {manager.py:878} INFO - 
================================================================================
DAG File Processing Stats

File Path                           PID    Runtime      # DAGs    # Errors  Last Runtime    Last Run
----------------------------------  -----  ---------  --------  ----------  --------------  -------------------
/opt/airflow/dags/etl_api_to_bi.py                           1           0  0.25s           2025-09-15T18:40:44
================================================================================
[2025-09-15T20:41:34.199+0200] {manager.py:878} INFO - 
================================================================================
DAG File Processing Stats

File Path                           PID    Runtime      # DAGs    # Errors  Last Runtime    Last Run
----------------------------------  -----  ---------  --------  ----------  --------------  -------------------
/opt/airflow/dags/etl_api_to_bi.py                           1           0  0.25s           2025-09-15T18:41:14
================================================================================
[2025-09-15T20:41:39.376+0200] {manager.py:737} INFO - Searching for files in /opt/airflow/dags
[2025-09-15T20:41:39.570+0200] {manager.py:740} INFO - There are 1 files in /opt/airflow/dags
[2025-09-15T20:42:01.739+0200] {manager.py:878} INFO - 
================================================================================
DAG File Processing Stats

File Path                           PID    Runtime      # DAGs    # Errors  Last Runtime    Last Run
----------------------------------  -----  ---------  --------  ----------  --------------  -------------------
/opt/airflow/dags/etl_api_to_bi.py                           1           0  0.25s           2025-09-15T18:41:45
================================================================================
[2025-09-15T20:42:29.781+0200] {manager.py:878} INFO - 
================================================================================
DAG File Processing Stats

File Path                           PID    Runtime      # DAGs    # Errors  Last Runtime    Last Run
----------------------------------  -----  ---------  --------  ----------  --------------  -------------------
/opt/airflow/dags/etl_api_to_bi.py                           1           0  0.26s           2025-09-15T18:42:15
================================================================================
[2025-09-15T20:42:57.825+0200] {manager.py:878} INFO - 
================================================================================
DAG File Processing Stats

File Path                           PID    Runtime      # DAGs    # Errors  Last Runtime    Last Run
----------------------------------  -----  ---------  --------  ----------  --------------  -------------------
/opt/airflow/dags/etl_api_to_bi.py                           1           0  0.27s           2025-09-15T18:42:46
================================================================================
[2025-09-15T20:43:25.934+0200] {manager.py:878} INFO - 
================================================================================
DAG File Processing Stats

File Path                           PID    Runtime      # DAGs    # Errors  Last Runtime    Last Run
----------------------------------  -----  ---------  --------  ----------  --------------  -------------------
/opt/airflow/dags/etl_api_to_bi.py                           1           0  0.25s           2025-09-15T18:43:17
================================================================================
[2025-09-15T20:43:54.019+0200] {manager.py:878} INFO - 
================================================================================
DAG File Processing Stats

File Path                           PID    Runtime      # DAGs    # Errors  Last Runtime    Last Run
----------------------------------  -----  ---------  --------  ----------  --------------  -------------------
/opt/airflow/dags/etl_api_to_bi.py                           1           0  0.26s           2025-09-15T18:43:48
================================================================================
[2025-09-15T20:44:22.060+0200] {manager.py:878} INFO - 
================================================================================
DAG File Processing Stats

File Path                           PID    Runtime      # DAGs    # Errors  Last Runtime    Last Run
----------------------------------  -----  ---------  --------  ----------  --------------  -------------------
/opt/airflow/dags/etl_api_to_bi.py                           1           0  0.24s           2025-09-15T18:44:19
================================================================================
[2025-09-15T20:44:49.991+0200] {manager.py:878} INFO - 
================================================================================
DAG File Processing Stats

File Path                             PID  Runtime      # DAGs    # Errors  Last Runtime    Last Run
----------------------------------  -----  ---------  --------  ----------  --------------  -------------------
/opt/airflow/dags/etl_api_to_bi.py    892  0.01s             1           0  0.24s           2025-09-15T18:44:19
================================================================================
[2025-09-15T20:45:17.879+0200] {manager.py:878} INFO - 
================================================================================
DAG File Processing Stats

File Path                           PID    Runtime      # DAGs    # Errors  Last Runtime    Last Run
----------------------------------  -----  ---------  --------  ----------  --------------  -------------------
/opt/airflow/dags/etl_api_to_bi.py                           1           0  0.31s           2025-09-15T18:44:50
================================================================================
[2025-09-15T20:45:45.368+0200] {manager.py:878} INFO - 
================================================================================
DAG File Processing Stats

File Path                           PID    Runtime      # DAGs    # Errors  Last Runtime    Last Run
----------------------------------  -----  ---------  --------  ----------  --------------  -------------------
/opt/airflow/dags/etl_api_to_bi.py                           1           0  0.60s           2025-09-15T18:45:21
================================================================================
[2025-09-15T20:46:13.189+0200] {manager.py:878} INFO - 
================================================================================
DAG File Processing Stats

File Path                           PID    Runtime      # DAGs    # Errors  Last Runtime    Last Run
----------------------------------  -----  ---------  --------  ----------  --------------  -------------------
/opt/airflow/dags/etl_api_to_bi.py                           1           0  0.27s           2025-09-15T18:45:52
================================================================================
[2025-09-15T20:46:40.136+0200] {manager.py:737} INFO - Searching for files in /opt/airflow/dags
[2025-09-15T20:46:40.171+0200] {manager.py:740} INFO - There are 1 files in /opt/airflow/dags
[2025-09-15T20:46:41.197+0200] {manager.py:878} INFO - 
================================================================================
DAG File Processing Stats

File Path                           PID    Runtime      # DAGs    # Errors  Last Runtime    Last Run
----------------------------------  -----  ---------  --------  ----------  --------------  -------------------
/opt/airflow/dags/etl_api_to_bi.py                           1           0  0.33s           2025-09-15T18:46:23
================================================================================
[2025-09-15T20:47:09.061+0200] {manager.py:878} INFO - 
================================================================================
DAG File Processing Stats

File Path                           PID    Runtime      # DAGs    # Errors  Last Runtime    Last Run
----------------------------------  -----  ---------  --------  ----------  --------------  -------------------
/opt/airflow/dags/etl_api_to_bi.py                           1           0  0.30s           2025-09-15T18:46:54
================================================================================
[2025-09-15T20:47:34.610+0200] {manager.py:878} INFO - 
================================================================================
DAG File Processing Stats

File Path                           PID    Runtime      # DAGs    # Errors  Last Runtime    Last Run
----------------------------------  -----  ---------  --------  ----------  --------------  -------------------
/opt/airflow/dags/etl_api_to_bi.py                           1           0  0.29s           2025-09-15T18:47:24
================================================================================
[2025-09-15T20:48:02.304+0200] {manager.py:878} INFO - 
================================================================================
DAG File Processing Stats

File Path                           PID    Runtime      # DAGs    # Errors  Last Runtime    Last Run
----------------------------------  -----  ---------  --------  ----------  --------------  -------------------
/opt/airflow/dags/etl_api_to_bi.py                           1           0  0.63s           2025-09-15T18:47:55
================================================================================
[2025-09-15T20:48:29.892+0200] {manager.py:878} INFO - 
================================================================================
DAG File Processing Stats

File Path                           PID    Runtime      # DAGs    # Errors  Last Runtime    Last Run
----------------------------------  -----  ---------  --------  ----------  --------------  -------------------
/opt/airflow/dags/etl_api_to_bi.py                           1           0  0.31s           2025-09-15T18:48:26
================================================================================
[2025-09-15T20:48:57.599+0200] {manager.py:878} INFO - 
================================================================================
DAG File Processing Stats

File Path                           PID    Runtime      # DAGs    # Errors  Last Runtime    Last Run
----------------------------------  -----  ---------  --------  ----------  --------------  -------------------
/opt/airflow/dags/etl_api_to_bi.py                           1           0  0.26s           2025-09-15T18:48:57
================================================================================
[2025-09-15T20:49:25.509+0200] {manager.py:878} INFO - 
================================================================================
DAG File Processing Stats

File Path                           PID    Runtime      # DAGs    # Errors  Last Runtime    Last Run
----------------------------------  -----  ---------  --------  ----------  --------------  -------------------
/opt/airflow/dags/etl_api_to_bi.py                           1           0  0.26s           2025-09-15T18:48:57
================================================================================
[2025-09-15T20:49:53.369+0200] {manager.py:878} INFO - 
================================================================================
DAG File Processing Stats

File Path                           PID    Runtime      # DAGs    # Errors  Last Runtime    Last Run
----------------------------------  -----  ---------  --------  ----------  --------------  -------------------
/opt/airflow/dags/etl_api_to_bi.py                           1           0  0.30s           2025-09-15T18:49:27
================================================================================
[2025-09-15T20:50:20.913+0200] {manager.py:878} INFO - 
================================================================================
DAG File Processing Stats

File Path                           PID    Runtime      # DAGs    # Errors  Last Runtime    Last Run
----------------------------------  -----  ---------  --------  ----------  --------------  -------------------
/opt/airflow/dags/etl_api_to_bi.py                           1           0  0.25s           2025-09-15T18:49:58
================================================================================
[2025-09-15T20:50:48.782+0200] {manager.py:878} INFO - 
================================================================================
DAG File Processing Stats

File Path                           PID    Runtime      # DAGs    # Errors  Last Runtime    Last Run
----------------------------------  -----  ---------  --------  ----------  --------------  -------------------
/opt/airflow/dags/etl_api_to_bi.py                           1           0  0.24s           2025-09-15T18:50:29
================================================================================
[2025-09-15T20:51:16.764+0200] {manager.py:878} INFO - 
================================================================================
DAG File Processing Stats

File Path                           PID    Runtime      # DAGs    # Errors  Last Runtime    Last Run
----------------------------------  -----  ---------  --------  ----------  --------------  -------------------
/opt/airflow/dags/etl_api_to_bi.py                           1           0  1.07s           2025-09-15T18:51:01
================================================================================
[2025-09-15T20:51:40.345+0200] {manager.py:737} INFO - Searching for files in /opt/airflow/dags
[2025-09-15T20:51:40.385+0200] {manager.py:740} INFO - There are 1 files in /opt/airflow/dags
[2025-09-15T20:51:44.680+0200] {manager.py:878} INFO - 
================================================================================
DAG File Processing Stats

File Path                           PID    Runtime      # DAGs    # Errors  Last Runtime    Last Run
----------------------------------  -----  ---------  --------  ----------  --------------  -------------------
/opt/airflow/dags/etl_api_to_bi.py                           1           0  0.83s           2025-09-15T18:51:32
================================================================================
[2025-09-15T20:52:12.730+0200] {manager.py:878} INFO - 
================================================================================
DAG File Processing Stats

File Path                           PID    Runtime      # DAGs    # Errors  Last Runtime    Last Run
----------------------------------  -----  ---------  --------  ----------  --------------  -------------------
/opt/airflow/dags/etl_api_to_bi.py                           1           0  0.25s           2025-09-15T18:52:03
================================================================================
[2025-09-15T20:52:40.278+0200] {manager.py:878} INFO - 
================================================================================
DAG File Processing Stats

File Path                           PID    Runtime      # DAGs    # Errors  Last Runtime    Last Run
----------------------------------  -----  ---------  --------  ----------  --------------  -------------------
/opt/airflow/dags/etl_api_to_bi.py                           1           0  0.27s           2025-09-15T18:52:33
================================================================================
[2025-09-15T20:53:08.104+0200] {manager.py:878} INFO - 
================================================================================
DAG File Processing Stats

File Path                           PID    Runtime      # DAGs    # Errors  Last Runtime    Last Run
----------------------------------  -----  ---------  --------  ----------  --------------  -------------------
/opt/airflow/dags/etl_api_to_bi.py                           1           0  0.26s           2025-09-15T18:53:04
================================================================================
[2025-09-15T20:53:35.551+0200] {manager.py:878} INFO - 
================================================================================
DAG File Processing Stats

File Path                           PID    Runtime      # DAGs    # Errors  Last Runtime    Last Run
----------------------------------  -----  ---------  --------  ----------  --------------  -------------------
/opt/airflow/dags/etl_api_to_bi.py                           1           0  0.36s           2025-09-15T18:53:35
================================================================================
[2025-09-15T20:54:03.271+0200] {manager.py:878} INFO - 
================================================================================
DAG File Processing Stats

File Path                           PID    Runtime      # DAGs    # Errors  Last Runtime    Last Run
----------------------------------  -----  ---------  --------  ----------  --------------  -------------------
/opt/airflow/dags/etl_api_to_bi.py                           1           0  0.36s           2025-09-15T18:53:35
================================================================================
[2025-09-15T20:54:31.171+0200] {manager.py:878} INFO - 
================================================================================
DAG File Processing Stats

File Path                           PID    Runtime      # DAGs    # Errors  Last Runtime    Last Run
----------------------------------  -----  ---------  --------  ----------  --------------  -------------------
/opt/airflow/dags/etl_api_to_bi.py                           1           0  0.34s           2025-09-15T18:54:06
================================================================================
[2025-09-15T20:54:59.167+0200] {manager.py:878} INFO - 
================================================================================
DAG File Processing Stats

File Path                           PID    Runtime      # DAGs    # Errors  Last Runtime    Last Run
----------------------------------  -----  ---------  --------  ----------  --------------  -------------------
/opt/airflow/dags/etl_api_to_bi.py                           1           0  0.32s           2025-09-15T18:54:37
================================================================================
[2025-09-15T20:55:27.244+0200] {manager.py:878} INFO - 
================================================================================
DAG File Processing Stats

File Path                           PID    Runtime      # DAGs    # Errors  Last Runtime    Last Run
----------------------------------  -----  ---------  --------  ----------  --------------  -------------------
/opt/airflow/dags/etl_api_to_bi.py                           1           0  0.30s           2025-09-15T18:55:08
================================================================================
[2025-09-15T20:55:55.234+0200] {manager.py:878} INFO - 
================================================================================
DAG File Processing Stats

File Path                           PID    Runtime      # DAGs    # Errors  Last Runtime    Last Run
----------------------------------  -----  ---------  --------  ----------  --------------  -------------------
/opt/airflow/dags/etl_api_to_bi.py                           1           0  0.22s           2025-09-15T18:55:39
================================================================================
[2025-09-15T20:56:23.331+0200] {manager.py:878} INFO - 
================================================================================
DAG File Processing Stats

File Path                           PID    Runtime      # DAGs    # Errors  Last Runtime    Last Run
----------------------------------  -----  ---------  --------  ----------  --------------  -------------------
/opt/airflow/dags/etl_api_to_bi.py                           1           0  0.35s           2025-09-15T18:56:10
================================================================================
[2025-09-15T20:56:40.679+0200] {manager.py:737} INFO - Searching for files in /opt/airflow/dags
[2025-09-15T20:56:40.721+0200] {manager.py:740} INFO - There are 1 files in /opt/airflow/dags
[2025-09-15T20:56:50.872+0200] {manager.py:878} INFO - 
================================================================================
DAG File Processing Stats

File Path                           PID    Runtime      # DAGs    # Errors  Last Runtime    Last Run
----------------------------------  -----  ---------  --------  ----------  --------------  -------------------
/opt/airflow/dags/etl_api_to_bi.py                           1           0  0.49s           2025-09-15T18:56:42
================================================================================
[2025-09-15T20:57:18.659+0200] {manager.py:878} INFO - 
================================================================================
DAG File Processing Stats

File Path                           PID    Runtime      # DAGs    # Errors  Last Runtime    Last Run
----------------------------------  -----  ---------  --------  ----------  --------------  -------------------
/opt/airflow/dags/etl_api_to_bi.py                           1           0  -2.36s          2025-09-15T18:57:10
================================================================================
[2025-09-15T20:57:46.593+0200] {manager.py:878} INFO - 
================================================================================
DAG File Processing Stats

File Path                           PID    Runtime      # DAGs    # Errors  Last Runtime    Last Run
----------------------------------  -----  ---------  --------  ----------  --------------  -------------------
/opt/airflow/dags/etl_api_to_bi.py                           1           0  0.33s           2025-09-15T18:57:41
================================================================================
[2025-09-15T20:58:14.804+0200] {manager.py:878} INFO - 
================================================================================
DAG File Processing Stats

File Path                           PID    Runtime      # DAGs    # Errors  Last Runtime    Last Run
----------------------------------  -----  ---------  --------  ----------  --------------  -------------------
/opt/airflow/dags/etl_api_to_bi.py                           1           0  0.32s           2025-09-15T18:58:12
================================================================================
[2025-09-15T20:58:42.511+0200] {manager.py:878} INFO - 
================================================================================
DAG File Processing Stats

File Path                           PID    Runtime      # DAGs    # Errors  Last Runtime    Last Run
----------------------------------  -----  ---------  --------  ----------  --------------  -------------------
/opt/airflow/dags/etl_api_to_bi.py                           1           0  0.32s           2025-09-15T18:58:12
================================================================================
[2025-09-15T20:59:10.507+0200] {manager.py:878} INFO - 
================================================================================
DAG File Processing Stats

File Path                           PID    Runtime      # DAGs    # Errors  Last Runtime    Last Run
----------------------------------  -----  ---------  --------  ----------  --------------  -------------------
/opt/airflow/dags/etl_api_to_bi.py                           1           0  0.21s           2025-09-15T18:58:43
================================================================================
[2025-09-15T20:59:38.452+0200] {manager.py:878} INFO - 
================================================================================
DAG File Processing Stats

File Path                           PID    Runtime      # DAGs    # Errors  Last Runtime    Last Run
----------------------------------  -----  ---------  --------  ----------  --------------  -------------------
/opt/airflow/dags/etl_api_to_bi.py                           1           0  0.22s           2025-09-15T18:59:14
================================================================================
[2025-09-15T21:00:06.246+0200] {manager.py:878} INFO - 
================================================================================
DAG File Processing Stats

File Path                           PID    Runtime      # DAGs    # Errors  Last Runtime    Last Run
----------------------------------  -----  ---------  --------  ----------  --------------  -------------------
/opt/airflow/dags/etl_api_to_bi.py                           1           0  0.22s           2025-09-15T18:59:45
================================================================================
[2025-09-15T21:00:34.265+0200] {manager.py:878} INFO - 
================================================================================
DAG File Processing Stats

File Path                           PID    Runtime      # DAGs    # Errors  Last Runtime    Last Run
----------------------------------  -----  ---------  --------  ----------  --------------  -------------------
/opt/airflow/dags/etl_api_to_bi.py                           1           0  0.25s           2025-09-15T19:00:16
================================================================================
[2025-09-15T21:01:02.095+0200] {manager.py:878} INFO - 
================================================================================
DAG File Processing Stats

File Path                           PID    Runtime      # DAGs    # Errors  Last Runtime    Last Run
----------------------------------  -----  ---------  --------  ----------  --------------  -------------------
/opt/airflow/dags/etl_api_to_bi.py                           1           0  0.31s           2025-09-15T19:00:47
================================================================================
[2025-09-15T21:01:29.960+0200] {manager.py:878} INFO - 
================================================================================
DAG File Processing Stats

File Path                           PID    Runtime      # DAGs    # Errors  Last Runtime    Last Run
----------------------------------  -----  ---------  --------  ----------  --------------  -------------------
/opt/airflow/dags/etl_api_to_bi.py                           1           0  0.28s           2025-09-15T19:01:18
================================================================================
[2025-09-15T21:01:41.129+0200] {manager.py:737} INFO - Searching for files in /opt/airflow/dags
[2025-09-15T21:01:41.159+0200] {manager.py:740} INFO - There are 1 files in /opt/airflow/dags
[2025-09-15T21:01:57.806+0200] {manager.py:878} INFO - 
================================================================================
DAG File Processing Stats

File Path                           PID    Runtime      # DAGs    # Errors  Last Runtime    Last Run
----------------------------------  -----  ---------  --------  ----------  --------------  -------------------
/opt/airflow/dags/etl_api_to_bi.py                           1           0  0.24s           2025-09-15T19:01:48
================================================================================
[2025-09-15T21:02:25.715+0200] {manager.py:878} INFO - 
================================================================================
DAG File Processing Stats

File Path                           PID    Runtime      # DAGs    # Errors  Last Runtime    Last Run
----------------------------------  -----  ---------  --------  ----------  --------------  -------------------
/opt/airflow/dags/etl_api_to_bi.py                           1           0  0.22s           2025-09-15T19:02:19
================================================================================
[2025-09-15T21:02:53.581+0200] {manager.py:878} INFO - 
================================================================================
DAG File Processing Stats

File Path                           PID    Runtime      # DAGs    # Errors  Last Runtime    Last Run
----------------------------------  -----  ---------  --------  ----------  --------------  -------------------
/opt/airflow/dags/etl_api_to_bi.py                           1           0  0.27s           2025-09-15T19:02:50
================================================================================
[2025-09-15T21:03:21.289+0200] {manager.py:878} INFO - 
================================================================================
DAG File Processing Stats

File Path                             PID  Runtime      # DAGs    # Errors  Last Runtime    Last Run
----------------------------------  -----  ---------  --------  ----------  --------------  -------------------
/opt/airflow/dags/etl_api_to_bi.py   1130  0.01s             1           0  0.27s           2025-09-15T19:02:50
================================================================================
[2025-09-15T21:03:49.629+0200] {manager.py:878} INFO - 
================================================================================
DAG File Processing Stats

File Path                           PID    Runtime      # DAGs    # Errors  Last Runtime    Last Run
----------------------------------  -----  ---------  --------  ----------  --------------  -------------------
/opt/airflow/dags/etl_api_to_bi.py                           1           0  0.36s           2025-09-15T19:03:21
================================================================================
[2025-09-15T21:04:17.507+0200] {manager.py:878} INFO - 
================================================================================
DAG File Processing Stats

File Path                           PID    Runtime      # DAGs    # Errors  Last Runtime    Last Run
----------------------------------  -----  ---------  --------  ----------  --------------  -------------------
/opt/airflow/dags/etl_api_to_bi.py                           1           0  0.79s           2025-09-15T19:03:52
================================================================================
[2025-09-15T21:04:45.443+0200] {manager.py:878} INFO - 
================================================================================
DAG File Processing Stats

File Path                           PID    Runtime      # DAGs    # Errors  Last Runtime    Last Run
----------------------------------  -----  ---------  --------  ----------  --------------  -------------------
/opt/airflow/dags/etl_api_to_bi.py                           1           0  0.33s           2025-09-15T19:04:22
================================================================================
[2025-09-15T21:05:13.515+0200] {manager.py:878} INFO - 
================================================================================
DAG File Processing Stats

File Path                           PID    Runtime      # DAGs    # Errors  Last Runtime    Last Run
----------------------------------  -----  ---------  --------  ----------  --------------  -------------------
/opt/airflow/dags/etl_api_to_bi.py                           1           0  0.35s           2025-09-15T19:04:53
================================================================================
[2025-09-15T21:05:41.319+0200] {manager.py:878} INFO - 
================================================================================
DAG File Processing Stats

File Path                           PID    Runtime      # DAGs    # Errors  Last Runtime    Last Run
----------------------------------  -----  ---------  --------  ----------  --------------  -------------------
/opt/airflow/dags/etl_api_to_bi.py                           1           0  0.32s           2025-09-15T19:05:24
================================================================================
[2025-09-15T21:06:08.961+0200] {manager.py:878} INFO - 
================================================================================
DAG File Processing Stats

File Path                           PID    Runtime      # DAGs    # Errors  Last Runtime    Last Run
----------------------------------  -----  ---------  --------  ----------  --------------  -------------------
/opt/airflow/dags/etl_api_to_bi.py                           1           0  0.42s           2025-09-15T19:05:55
================================================================================
[2025-09-15T21:06:36.786+0200] {manager.py:878} INFO - 
================================================================================
DAG File Processing Stats

File Path                           PID    Runtime      # DAGs    # Errors  Last Runtime    Last Run
----------------------------------  -----  ---------  --------  ----------  --------------  -------------------
/opt/airflow/dags/etl_api_to_bi.py                           1           0  0.26s           2025-09-15T19:06:26
================================================================================
[2025-09-15T21:06:41.871+0200] {manager.py:737} INFO - Searching for files in /opt/airflow/dags
[2025-09-15T21:06:41.899+0200] {manager.py:740} INFO - There are 1 files in /opt/airflow/dags
[2025-09-15T21:07:04.677+0200] {manager.py:878} INFO - 
================================================================================
DAG File Processing Stats

File Path                           PID    Runtime      # DAGs    # Errors  Last Runtime    Last Run
----------------------------------  -----  ---------  --------  ----------  --------------  -------------------
/opt/airflow/dags/etl_api_to_bi.py                           1           0  0.23s           2025-09-15T19:06:57
================================================================================
[2025-09-15T21:07:32.616+0200] {manager.py:878} INFO - 
================================================================================
DAG File Processing Stats

File Path                           PID    Runtime      # DAGs    # Errors  Last Runtime    Last Run
----------------------------------  -----  ---------  --------  ----------  --------------  -------------------
/opt/airflow/dags/etl_api_to_bi.py                           1           0  0.22s           2025-09-15T19:07:28
================================================================================
[2025-09-15T21:08:00.573+0200] {manager.py:878} INFO - 
================================================================================
DAG File Processing Stats

File Path                           PID    Runtime      # DAGs    # Errors  Last Runtime    Last Run
----------------------------------  -----  ---------  --------  ----------  --------------  -------------------
/opt/airflow/dags/etl_api_to_bi.py                           1           0  0.24s           2025-09-15T19:07:59
================================================================================
[2025-09-15T21:08:28.555+0200] {manager.py:878} INFO - 
================================================================================
DAG File Processing Stats

File Path                           PID    Runtime      # DAGs    # Errors  Last Runtime    Last Run
----------------------------------  -----  ---------  --------  ----------  --------------  -------------------
/opt/airflow/dags/etl_api_to_bi.py                           1           0  0.24s           2025-09-15T19:07:59
================================================================================
[2025-09-15T21:08:56.537+0200] {manager.py:878} INFO - 
================================================================================
DAG File Processing Stats

File Path                           PID    Runtime      # DAGs    # Errors  Last Runtime    Last Run
----------------------------------  -----  ---------  --------  ----------  --------------  -------------------
/opt/airflow/dags/etl_api_to_bi.py                           1           0  0.26s           2025-09-15T19:08:30
================================================================================
[2025-09-15T21:09:24.671+0200] {manager.py:878} INFO - 
================================================================================
DAG File Processing Stats

File Path                           PID    Runtime      # DAGs    # Errors  Last Runtime    Last Run
----------------------------------  -----  ---------  --------  ----------  --------------  -------------------
/opt/airflow/dags/etl_api_to_bi.py                           1           0  0.27s           2025-09-15T19:09:01
================================================================================
[2025-09-15T21:09:52.725+0200] {manager.py:878} INFO - 
================================================================================
DAG File Processing Stats

File Path                           PID    Runtime      # DAGs    # Errors  Last Runtime    Last Run
----------------------------------  -----  ---------  --------  ----------  --------------  -------------------
/opt/airflow/dags/etl_api_to_bi.py                           1           0  0.30s           2025-09-15T19:09:32
================================================================================
[2025-09-15T21:10:20.688+0200] {manager.py:878} INFO - 
================================================================================
DAG File Processing Stats

File Path                           PID    Runtime      # DAGs    # Errors  Last Runtime    Last Run
----------------------------------  -----  ---------  --------  ----------  --------------  -------------------
/opt/airflow/dags/etl_api_to_bi.py                           1           0  0.27s           2025-09-15T19:10:03
================================================================================
[2025-09-15T21:10:48.632+0200] {manager.py:878} INFO - 
================================================================================
DAG File Processing Stats

File Path                           PID    Runtime      # DAGs    # Errors  Last Runtime    Last Run
----------------------------------  -----  ---------  --------  ----------  --------------  -------------------
/opt/airflow/dags/etl_api_to_bi.py                           1           0  0.39s           2025-09-15T19:10:34
================================================================================
[2025-09-15T21:11:16.689+0200] {manager.py:878} INFO - 
================================================================================
DAG File Processing Stats

File Path                           PID    Runtime      # DAGs    # Errors  Last Runtime    Last Run
----------------------------------  -----  ---------  --------  ----------  --------------  -------------------
/opt/airflow/dags/etl_api_to_bi.py                           1           0  0.32s           2025-09-15T19:11:05
================================================================================
[2025-09-15T21:11:42.226+0200] {manager.py:737} INFO - Searching for files in /opt/airflow/dags
[2025-09-15T21:11:42.308+0200] {manager.py:740} INFO - There are 1 files in /opt/airflow/dags
[2025-09-15T21:11:44.405+0200] {manager.py:878} INFO - 
================================================================================
DAG File Processing Stats

File Path                           PID    Runtime      # DAGs    # Errors  Last Runtime    Last Run
----------------------------------  -----  ---------  --------  ----------  --------------  -------------------
/opt/airflow/dags/etl_api_to_bi.py                           1           0  0.52s           2025-09-15T19:11:37
================================================================================
[2025-09-15T21:12:12.511+0200] {manager.py:878} INFO - 
================================================================================
DAG File Processing Stats

File Path                           PID    Runtime      # DAGs    # Errors  Last Runtime    Last Run
----------------------------------  -----  ---------  --------  ----------  --------------  -------------------
/opt/airflow/dags/etl_api_to_bi.py                           1           0  0.34s           2025-09-15T19:12:07
================================================================================
[2025-09-15T21:12:40.545+0200] {manager.py:878} INFO - 
================================================================================
DAG File Processing Stats

File Path                           PID    Runtime      # DAGs    # Errors  Last Runtime    Last Run
----------------------------------  -----  ---------  --------  ----------  --------------  -------------------
/opt/airflow/dags/etl_api_to_bi.py                           1           0  0.36s           2025-09-15T19:12:38
================================================================================
[2025-09-15T21:13:08.427+0200] {manager.py:878} INFO - 
================================================================================
DAG File Processing Stats

File Path                           PID    Runtime      # DAGs    # Errors  Last Runtime    Last Run
----------------------------------  -----  ---------  --------  ----------  --------------  -------------------
/opt/airflow/dags/etl_api_to_bi.py                           1           0  0.36s           2025-09-15T19:12:38
================================================================================
[2025-09-15T21:13:36.477+0200] {manager.py:878} INFO - 
================================================================================
DAG File Processing Stats

File Path                           PID    Runtime      # DAGs    # Errors  Last Runtime    Last Run
----------------------------------  -----  ---------  --------  ----------  --------------  -------------------
/opt/airflow/dags/etl_api_to_bi.py                           1           0  0.29s           2025-09-15T19:13:09
================================================================================
[2025-09-15T21:14:04.458+0200] {manager.py:878} INFO - 
================================================================================
DAG File Processing Stats

File Path                           PID    Runtime      # DAGs    # Errors  Last Runtime    Last Run
----------------------------------  -----  ---------  --------  ----------  --------------  -------------------
/opt/airflow/dags/etl_api_to_bi.py                           1           0  0.28s           2025-09-15T19:13:40
================================================================================
[2025-09-15T21:14:32.311+0200] {manager.py:878} INFO - 
================================================================================
DAG File Processing Stats

File Path                           PID    Runtime      # DAGs    # Errors  Last Runtime    Last Run
----------------------------------  -----  ---------  --------  ----------  --------------  -------------------
/opt/airflow/dags/etl_api_to_bi.py                           1           0  0.33s           2025-09-15T19:14:11
================================================================================
[2025-09-15T21:15:00.420+0200] {manager.py:878} INFO - 
================================================================================
DAG File Processing Stats

File Path                           PID    Runtime      # DAGs    # Errors  Last Runtime    Last Run
----------------------------------  -----  ---------  --------  ----------  --------------  -------------------
/opt/airflow/dags/etl_api_to_bi.py                           1           0  0.25s           2025-09-15T19:14:42
================================================================================
[2025-09-15T21:15:28.168+0200] {manager.py:878} INFO - 
================================================================================
DAG File Processing Stats

File Path                           PID    Runtime      # DAGs    # Errors  Last Runtime    Last Run
----------------------------------  -----  ---------  --------  ----------  --------------  -------------------
/opt/airflow/dags/etl_api_to_bi.py                           1           0  0.26s           2025-09-15T19:15:13
================================================================================
[2025-09-15T21:15:56.094+0200] {manager.py:878} INFO - 
================================================================================
DAG File Processing Stats

File Path                           PID    Runtime      # DAGs    # Errors  Last Runtime    Last Run
----------------------------------  -----  ---------  --------  ----------  --------------  -------------------
/opt/airflow/dags/etl_api_to_bi.py                           1           0  0.26s           2025-09-15T19:15:43
================================================================================
[2025-09-15T21:16:23.047+0200] {manager.py:878} INFO - 
================================================================================
DAG File Processing Stats

File Path                           PID    Runtime      # DAGs    # Errors  Last Runtime    Last Run
----------------------------------  -----  ---------  --------  ----------  --------------  -------------------
/opt/airflow/dags/etl_api_to_bi.py                           1           0  0.88s           2025-09-15T19:16:15
================================================================================
[2025-09-15T21:16:42.715+0200] {manager.py:737} INFO - Searching for files in /opt/airflow/dags
[2025-09-15T21:16:42.767+0200] {manager.py:740} INFO - There are 1 files in /opt/airflow/dags
[2025-09-15T21:16:49.271+0200] {manager.py:878} INFO - 
================================================================================
DAG File Processing Stats

File Path                           PID    Runtime      # DAGs    # Errors  Last Runtime    Last Run
----------------------------------  -----  ---------  --------  ----------  --------------  -------------------
/opt/airflow/dags/etl_api_to_bi.py                           1           0  3.11s           2025-09-15T19:16:48
================================================================================
[2025-09-15T21:17:17.200+0200] {manager.py:878} INFO - 
================================================================================
DAG File Processing Stats

File Path                           PID    Runtime      # DAGs    # Errors  Last Runtime    Last Run
----------------------------------  -----  ---------  --------  ----------  --------------  -------------------
/opt/airflow/dags/etl_api_to_bi.py                           1           0  3.11s           2025-09-15T19:16:48
================================================================================
[2025-09-15T21:17:45.120+0200] {manager.py:878} INFO - 
================================================================================
DAG File Processing Stats

File Path                           PID    Runtime      # DAGs    # Errors  Last Runtime    Last Run
----------------------------------  -----  ---------  --------  ----------  --------------  -------------------
/opt/airflow/dags/etl_api_to_bi.py                           1           0  0.23s           2025-09-15T19:17:19
================================================================================
[2025-09-15T21:18:12.958+0200] {manager.py:878} INFO - 
================================================================================
DAG File Processing Stats

File Path                           PID    Runtime      # DAGs    # Errors  Last Runtime    Last Run
----------------------------------  -----  ---------  --------  ----------  --------------  -------------------
/opt/airflow/dags/etl_api_to_bi.py                           1           0  0.29s           2025-09-15T19:17:50
================================================================================
[2025-09-15T21:18:40.915+0200] {manager.py:878} INFO - 
================================================================================
DAG File Processing Stats

File Path                           PID    Runtime      # DAGs    # Errors  Last Runtime    Last Run
----------------------------------  -----  ---------  --------  ----------  --------------  -------------------
/opt/airflow/dags/etl_api_to_bi.py                           1           0  0.27s           2025-09-15T19:18:21
================================================================================
[2025-09-15T21:19:08.906+0200] {manager.py:878} INFO - 
================================================================================
DAG File Processing Stats

File Path                           PID    Runtime      # DAGs    # Errors  Last Runtime    Last Run
----------------------------------  -----  ---------  --------  ----------  --------------  -------------------
/opt/airflow/dags/etl_api_to_bi.py                           1           0  0.29s           2025-09-15T19:18:52
================================================================================
[2025-09-15T21:19:36.669+0200] {manager.py:878} INFO - 
================================================================================
DAG File Processing Stats

File Path                           PID    Runtime      # DAGs    # Errors  Last Runtime    Last Run
----------------------------------  -----  ---------  --------  ----------  --------------  -------------------
/opt/airflow/dags/etl_api_to_bi.py                           1           0  0.22s           2025-09-15T19:19:23
================================================================================
[2025-09-15T21:20:04.699+0200] {manager.py:878} INFO - 
================================================================================
DAG File Processing Stats

File Path                           PID    Runtime      # DAGs    # Errors  Last Runtime    Last Run
----------------------------------  -----  ---------  --------  ----------  --------------  -------------------
/opt/airflow/dags/etl_api_to_bi.py                           1           0  0.39s           2025-09-15T19:19:54
================================================================================
[2025-09-15T21:20:32.220+0200] {manager.py:878} INFO - 
================================================================================
DAG File Processing Stats

File Path                           PID    Runtime      # DAGs    # Errors  Last Runtime    Last Run
----------------------------------  -----  ---------  --------  ----------  --------------  -------------------
/opt/airflow/dags/etl_api_to_bi.py                           1           0  0.48s           2025-09-15T19:20:25
================================================================================
[2025-09-15T21:20:59.602+0200] {manager.py:878} INFO - 
================================================================================
DAG File Processing Stats

File Path                           PID    Runtime      # DAGs    # Errors  Last Runtime    Last Run
----------------------------------  -----  ---------  --------  ----------  --------------  -------------------
/opt/airflow/dags/etl_api_to_bi.py                           1           0  0.37s           2025-09-15T19:20:56
================================================================================
[2025-09-15T21:21:27.489+0200] {manager.py:878} INFO - 
================================================================================
DAG File Processing Stats

File Path                           PID    Runtime      # DAGs    # Errors  Last Runtime    Last Run
----------------------------------  -----  ---------  --------  ----------  --------------  -------------------
/opt/airflow/dags/etl_api_to_bi.py                           1           0  0.43s           2025-09-15T19:21:26
================================================================================
[2025-09-15T21:21:42.733+0200] {manager.py:737} INFO - Searching for files in /opt/airflow/dags
[2025-09-15T21:21:42.763+0200] {manager.py:740} INFO - There are 1 files in /opt/airflow/dags
[2025-09-15T21:21:55.339+0200] {manager.py:878} INFO - 
================================================================================
DAG File Processing Stats

File Path                           PID    Runtime      # DAGs    # Errors  Last Runtime    Last Run
----------------------------------  -----  ---------  --------  ----------  --------------  -------------------
/opt/airflow/dags/etl_api_to_bi.py                           1           0  0.43s           2025-09-15T19:21:26
================================================================================
[2025-09-15T21:22:23.330+0200] {manager.py:878} INFO - 
================================================================================
DAG File Processing Stats

File Path                           PID    Runtime      # DAGs    # Errors  Last Runtime    Last Run
----------------------------------  -----  ---------  --------  ----------  --------------  -------------------
/opt/airflow/dags/etl_api_to_bi.py                           1           0  0.22s           2025-09-15T19:21:57
================================================================================
[2025-09-15T21:22:50.775+0200] {manager.py:878} INFO - 
================================================================================
DAG File Processing Stats

File Path                           PID    Runtime      # DAGs    # Errors  Last Runtime    Last Run
----------------------------------  -----  ---------  --------  ----------  --------------  -------------------
/opt/airflow/dags/etl_api_to_bi.py                           1           0  0.49s           2025-09-15T19:22:28
================================================================================
[2025-09-15T21:23:18.674+0200] {manager.py:878} INFO - 
================================================================================
DAG File Processing Stats

File Path                           PID    Runtime      # DAGs    # Errors  Last Runtime    Last Run
----------------------------------  -----  ---------  --------  ----------  --------------  -------------------
/opt/airflow/dags/etl_api_to_bi.py                           1           0  0.68s           2025-09-15T19:23:00
================================================================================
[2025-09-15T21:23:46.736+0200] {manager.py:878} INFO - 
================================================================================
DAG File Processing Stats

File Path                           PID    Runtime      # DAGs    # Errors  Last Runtime    Last Run
----------------------------------  -----  ---------  --------  ----------  --------------  -------------------
/opt/airflow/dags/etl_api_to_bi.py                           1           0  0.24s           2025-09-15T19:23:31
================================================================================
[2025-09-15T21:24:14.546+0200] {manager.py:878} INFO - 
================================================================================
DAG File Processing Stats

File Path                           PID    Runtime      # DAGs    # Errors  Last Runtime    Last Run
----------------------------------  -----  ---------  --------  ----------  --------------  -------------------
/opt/airflow/dags/etl_api_to_bi.py                           1           0  0.23s           2025-09-15T19:24:02
================================================================================
[2025-09-15T21:24:42.428+0200] {manager.py:878} INFO - 
================================================================================
DAG File Processing Stats

File Path                           PID    Runtime      # DAGs    # Errors  Last Runtime    Last Run
----------------------------------  -----  ---------  --------  ----------  --------------  -------------------
/opt/airflow/dags/etl_api_to_bi.py                           1           0  0.25s           2025-09-15T19:24:33
================================================================================
[2025-09-15T21:25:10.193+0200] {manager.py:878} INFO - 
================================================================================
DAG File Processing Stats

File Path                           PID    Runtime      # DAGs    # Errors  Last Runtime    Last Run
----------------------------------  -----  ---------  --------  ----------  --------------  -------------------
/opt/airflow/dags/etl_api_to_bi.py                           1           0  -1.49s          2025-09-15T19:25:01
================================================================================
[2025-09-15T21:25:38.099+0200] {manager.py:878} INFO - 
================================================================================
DAG File Processing Stats

File Path                           PID    Runtime      # DAGs    # Errors  Last Runtime    Last Run
----------------------------------  -----  ---------  --------  ----------  --------------  -------------------
/opt/airflow/dags/etl_api_to_bi.py                           1           0  0.24s           2025-09-15T19:25:32
================================================================================
[2025-09-15T21:26:05.979+0200] {manager.py:878} INFO - 
================================================================================
DAG File Processing Stats

File Path                           PID    Runtime      # DAGs    # Errors  Last Runtime    Last Run
----------------------------------  -----  ---------  --------  ----------  --------------  -------------------
/opt/airflow/dags/etl_api_to_bi.py                           1           0  0.38s           2025-09-15T19:26:03
================================================================================
[2025-09-15T21:26:33.981+0200] {manager.py:878} INFO - 
================================================================================
DAG File Processing Stats

File Path                             PID  Runtime      # DAGs    # Errors  Last Runtime    Last Run
----------------------------------  -----  ---------  --------  ----------  --------------  -------------------
/opt/airflow/dags/etl_api_to_bi.py   1387  0.01s             1           0  0.38s           2025-09-15T19:26:03
================================================================================
[2025-09-15T21:26:43.126+0200] {manager.py:737} INFO - Searching for files in /opt/airflow/dags
[2025-09-15T21:26:43.168+0200] {manager.py:740} INFO - There are 1 files in /opt/airflow/dags
[2025-09-15T21:27:01.824+0200] {manager.py:878} INFO - 
================================================================================
DAG File Processing Stats

File Path                           PID    Runtime      # DAGs    # Errors  Last Runtime    Last Run
----------------------------------  -----  ---------  --------  ----------  --------------  -------------------
/opt/airflow/dags/etl_api_to_bi.py                           1           0  0.26s           2025-09-15T19:26:34
================================================================================
[2025-09-15T21:27:29.759+0200] {manager.py:878} INFO - 
================================================================================
DAG File Processing Stats

File Path                           PID    Runtime      # DAGs    # Errors  Last Runtime    Last Run
----------------------------------  -----  ---------  --------  ----------  --------------  -------------------
/opt/airflow/dags/etl_api_to_bi.py                           1           0  0.33s           2025-09-15T19:27:05
================================================================================
[2025-09-15T21:27:57.974+0200] {manager.py:878} INFO - 
================================================================================
DAG File Processing Stats

File Path                           PID    Runtime      # DAGs    # Errors  Last Runtime    Last Run
----------------------------------  -----  ---------  --------  ----------  --------------  -------------------
/opt/airflow/dags/etl_api_to_bi.py                           1           0  0.24s           2025-09-15T19:27:36
================================================================================
[2025-09-15T21:28:25.788+0200] {manager.py:878} INFO - 
================================================================================
DAG File Processing Stats

File Path                           PID    Runtime      # DAGs    # Errors  Last Runtime    Last Run
----------------------------------  -----  ---------  --------  ----------  --------------  -------------------
/opt/airflow/dags/etl_api_to_bi.py                           1           0  0.41s           2025-09-15T19:28:06
================================================================================
[2025-09-15T21:28:53.538+0200] {manager.py:878} INFO - 
================================================================================
DAG File Processing Stats

File Path                           PID    Runtime      # DAGs    # Errors  Last Runtime    Last Run
----------------------------------  -----  ---------  --------  ----------  --------------  -------------------
/opt/airflow/dags/etl_api_to_bi.py                           1           0  0.32s           2025-09-15T19:28:37
================================================================================
[2025-09-15T21:29:21.578+0200] {manager.py:878} INFO - 
================================================================================
DAG File Processing Stats

File Path                           PID    Runtime      # DAGs    # Errors  Last Runtime    Last Run
----------------------------------  -----  ---------  --------  ----------  --------------  -------------------
/opt/airflow/dags/etl_api_to_bi.py                           1           0  0.27s           2025-09-15T19:29:08
================================================================================
[2025-09-15T21:29:49.436+0200] {manager.py:878} INFO - 
================================================================================
DAG File Processing Stats

File Path                           PID    Runtime      # DAGs    # Errors  Last Runtime    Last Run
----------------------------------  -----  ---------  --------  ----------  --------------  -------------------
/opt/airflow/dags/etl_api_to_bi.py                           1           0  0.22s           2025-09-15T19:29:38
================================================================================
[2025-09-15T21:30:17.186+0200] {manager.py:878} INFO - 
================================================================================
DAG File Processing Stats

File Path                           PID    Runtime      # DAGs    # Errors  Last Runtime    Last Run
----------------------------------  -----  ---------  --------  ----------  --------------  -------------------
/opt/airflow/dags/etl_api_to_bi.py                           1           0  0.33s           2025-09-15T19:30:09
================================================================================
[2025-09-15T21:30:45.247+0200] {manager.py:878} INFO - 
================================================================================
DAG File Processing Stats

File Path                           PID    Runtime      # DAGs    # Errors  Last Runtime    Last Run
----------------------------------  -----  ---------  --------  ----------  --------------  -------------------
/opt/airflow/dags/etl_api_to_bi.py                           1           0  0.29s           2025-09-15T19:30:40
================================================================================
[2025-09-15T21:31:13.168+0200] {manager.py:878} INFO - 
================================================================================
DAG File Processing Stats

File Path                           PID    Runtime      # DAGs    # Errors  Last Runtime    Last Run
----------------------------------  -----  ---------  --------  ----------  --------------  -------------------
/opt/airflow/dags/etl_api_to_bi.py                           1           0  0.33s           2025-09-15T19:31:11
================================================================================
[2025-09-15T21:31:41.044+0200] {manager.py:878} INFO - 
================================================================================
DAG File Processing Stats

File Path                           PID    Runtime      # DAGs    # Errors  Last Runtime    Last Run
----------------------------------  -----  ---------  --------  ----------  --------------  -------------------
/opt/airflow/dags/etl_api_to_bi.py                           1           0  0.33s           2025-09-15T19:31:11
================================================================================
[2025-09-15T21:31:43.209+0200] {manager.py:737} INFO - Searching for files in /opt/airflow/dags
[2025-09-15T21:31:43.255+0200] {manager.py:740} INFO - There are 1 files in /opt/airflow/dags
[2025-09-15T21:32:09.052+0200] {manager.py:878} INFO - 
================================================================================
DAG File Processing Stats

File Path                           PID    Runtime      # DAGs    # Errors  Last Runtime    Last Run
----------------------------------  -----  ---------  --------  ----------  --------------  -------------------
/opt/airflow/dags/etl_api_to_bi.py                           1           0  0.26s           2025-09-15T19:31:42
================================================================================
[2025-09-15T21:32:36.769+0200] {manager.py:878} INFO - 
================================================================================
DAG File Processing Stats

File Path                           PID    Runtime      # DAGs    # Errors  Last Runtime    Last Run
----------------------------------  -----  ---------  --------  ----------  --------------  -------------------
/opt/airflow/dags/etl_api_to_bi.py                           1           0  0.22s           2025-09-15T19:32:13
================================================================================
[2025-09-15T21:33:04.752+0200] {manager.py:878} INFO - 
================================================================================
DAG File Processing Stats

File Path                           PID    Runtime      # DAGs    # Errors  Last Runtime    Last Run
----------------------------------  -----  ---------  --------  ----------  --------------  -------------------
/opt/airflow/dags/etl_api_to_bi.py                           1           0  0.33s           2025-09-15T19:32:44
================================================================================
[2025-09-15T21:33:32.646+0200] {manager.py:878} INFO - 
================================================================================
DAG File Processing Stats

File Path                           PID    Runtime      # DAGs    # Errors  Last Runtime    Last Run
----------------------------------  -----  ---------  --------  ----------  --------------  -------------------
/opt/airflow/dags/etl_api_to_bi.py                           1           0  0.32s           2025-09-15T19:33:15
================================================================================
[2025-09-15T21:34:00.513+0200] {manager.py:878} INFO - 
================================================================================
DAG File Processing Stats

File Path                           PID    Runtime      # DAGs    # Errors  Last Runtime    Last Run
----------------------------------  -----  ---------  --------  ----------  --------------  -------------------
/opt/airflow/dags/etl_api_to_bi.py                           1           0  0.27s           2025-09-15T19:33:45
================================================================================
[2025-09-15T21:34:28.568+0200] {manager.py:878} INFO - 
================================================================================
DAG File Processing Stats

File Path                           PID    Runtime      # DAGs    # Errors  Last Runtime    Last Run
----------------------------------  -----  ---------  --------  ----------  --------------  -------------------
/opt/airflow/dags/etl_api_to_bi.py                           1           0  0.51s           2025-09-15T19:34:16
================================================================================
[2025-09-15T21:34:56.038+0200] {manager.py:878} INFO - 
================================================================================
DAG File Processing Stats

File Path                           PID    Runtime      # DAGs    # Errors  Last Runtime    Last Run
----------------------------------  -----  ---------  --------  ----------  --------------  -------------------
/opt/airflow/dags/etl_api_to_bi.py                           1           0  0.55s           2025-09-15T19:34:48
================================================================================
[2025-09-15T21:35:23.459+0200] {manager.py:878} INFO - 
================================================================================
DAG File Processing Stats

File Path                           PID    Runtime      # DAGs    # Errors  Last Runtime    Last Run
----------------------------------  -----  ---------  --------  ----------  --------------  -------------------
/opt/airflow/dags/etl_api_to_bi.py                           1           0  1.30s           2025-09-15T19:35:20
================================================================================
[2025-09-15T21:35:51.773+0200] {manager.py:878} INFO - 
================================================================================
DAG File Processing Stats

File Path                             PID  Runtime      # DAGs    # Errors  Last Runtime    Last Run
----------------------------------  -----  ---------  --------  ----------  --------------  -------------------
/opt/airflow/dags/etl_api_to_bi.py   1507  1.07s             1           0  1.30s           2025-09-15T19:35:20
================================================================================
[2025-09-15T21:36:19.249+0200] {manager.py:878} INFO - 
================================================================================
DAG File Processing Stats

File Path                           PID    Runtime      # DAGs    # Errors  Last Runtime    Last Run
----------------------------------  -----  ---------  --------  ----------  --------------  -------------------
/opt/airflow/dags/etl_api_to_bi.py                           1           0  1.45s           2025-09-15T19:35:52
================================================================================
[2025-09-15T21:36:44.133+0200] {manager.py:737} INFO - Searching for files in /opt/airflow/dags
[2025-09-15T21:36:44.450+0200] {manager.py:740} INFO - There are 1 files in /opt/airflow/dags
[2025-09-15T21:36:47.605+0200] {manager.py:878} INFO - 
================================================================================
DAG File Processing Stats

File Path                           PID    Runtime      # DAGs    # Errors  Last Runtime    Last Run
----------------------------------  -----  ---------  --------  ----------  --------------  -------------------
/opt/airflow/dags/etl_api_to_bi.py                           1           0  0.97s           2025-09-15T19:36:23
================================================================================
[2025-09-15T21:37:15.702+0200] {manager.py:878} INFO - 
================================================================================
DAG File Processing Stats

File Path                           PID    Runtime      # DAGs    # Errors  Last Runtime    Last Run
----------------------------------  -----  ---------  --------  ----------  --------------  -------------------
/opt/airflow/dags/etl_api_to_bi.py                           1           0  0.34s           2025-09-15T19:36:54
================================================================================
[2025-09-15T21:37:43.903+0200] {manager.py:878} INFO - 
================================================================================
DAG File Processing Stats

File Path                           PID    Runtime      # DAGs    # Errors  Last Runtime    Last Run
----------------------------------  -----  ---------  --------  ----------  --------------  -------------------
/opt/airflow/dags/etl_api_to_bi.py                           1           0  0.25s           2025-09-15T19:37:24
================================================================================
[2025-09-15T21:38:13.180+0200] {manager.py:878} INFO - 
================================================================================
DAG File Processing Stats

File Path                           PID    Runtime      # DAGs    # Errors  Last Runtime    Last Run
----------------------------------  -----  ---------  --------  ----------  --------------  -------------------
/opt/airflow/dags/etl_api_to_bi.py                           1           0  0.54s           2025-09-15T19:37:55
================================================================================
[2025-09-15T21:38:40.743+0200] {manager.py:878} INFO - 
================================================================================
DAG File Processing Stats

File Path                           PID    Runtime      # DAGs    # Errors  Last Runtime    Last Run
----------------------------------  -----  ---------  --------  ----------  --------------  -------------------
/opt/airflow/dags/etl_api_to_bi.py                           1           0  0.88s           2025-09-15T19:38:26
================================================================================
[2025-09-15T21:39:07.782+0200] {manager.py:878} INFO - 
================================================================================
DAG File Processing Stats

File Path                           PID    Runtime      # DAGs    # Errors  Last Runtime    Last Run
----------------------------------  -----  ---------  --------  ----------  --------------  -------------------
/opt/airflow/dags/etl_api_to_bi.py                           1           0  -1.70s          2025-09-15T19:38:55
================================================================================
[2025-09-15T21:39:37.014+0200] {manager.py:878} INFO - 
================================================================================
DAG File Processing Stats

File Path                           PID    Runtime      # DAGs    # Errors  Last Runtime    Last Run
----------------------------------  -----  ---------  --------  ----------  --------------  -------------------
/opt/airflow/dags/etl_api_to_bi.py                           1           0  0.27s           2025-09-15T19:39:26
================================================================================
[2025-09-15T21:40:04.871+0200] {manager.py:878} INFO - 
================================================================================
DAG File Processing Stats

File Path                           PID    Runtime      # DAGs    # Errors  Last Runtime    Last Run
----------------------------------  -----  ---------  --------  ----------  --------------  -------------------
/opt/airflow/dags/etl_api_to_bi.py                           1           0  0.28s           2025-09-15T19:39:56
================================================================================
[2025-09-15T21:40:32.950+0200] {manager.py:878} INFO - 
================================================================================
DAG File Processing Stats

File Path                           PID    Runtime      # DAGs    # Errors  Last Runtime    Last Run
----------------------------------  -----  ---------  --------  ----------  --------------  -------------------
/opt/airflow/dags/etl_api_to_bi.py                           1           0  0.24s           2025-09-15T19:40:28
================================================================================
[2025-09-15T21:41:00.993+0200] {manager.py:878} INFO - 
================================================================================
DAG File Processing Stats

File Path                           PID    Runtime      # DAGs    # Errors  Last Runtime    Last Run
----------------------------------  -----  ---------  --------  ----------  --------------  -------------------
/opt/airflow/dags/etl_api_to_bi.py                           1           0  0.24s           2025-09-15T19:40:59
================================================================================
[2025-09-15T21:41:27.755+0200] {manager.py:878} INFO - 
================================================================================
DAG File Processing Stats

File Path                           PID    Runtime      # DAGs    # Errors  Last Runtime    Last Run
----------------------------------  -----  ---------  --------  ----------  --------------  -------------------
/opt/airflow/dags/etl_api_to_bi.py                           1           0  0.24s           2025-09-15T19:40:59
================================================================================
[2025-09-15T21:41:45.041+0200] {manager.py:737} INFO - Searching for files in /opt/airflow/dags
[2025-09-15T21:41:45.088+0200] {manager.py:740} INFO - There are 1 files in /opt/airflow/dags
[2025-09-15T21:41:57.280+0200] {manager.py:878} INFO - 
================================================================================
DAG File Processing Stats

File Path                           PID    Runtime      # DAGs    # Errors  Last Runtime    Last Run
----------------------------------  -----  ---------  --------  ----------  --------------  -------------------
/opt/airflow/dags/etl_api_to_bi.py                           1           0  0.25s           2025-09-15T19:41:30
================================================================================
[2025-09-15T21:42:24.961+0200] {manager.py:878} INFO - 
================================================================================
DAG File Processing Stats

File Path                           PID    Runtime      # DAGs    # Errors  Last Runtime    Last Run
----------------------------------  -----  ---------  --------  ----------  --------------  -------------------
/opt/airflow/dags/etl_api_to_bi.py                           1           0  0.21s           2025-09-15T19:42:00
================================================================================
[2025-09-15T21:42:53.002+0200] {manager.py:878} INFO - 
================================================================================
DAG File Processing Stats

File Path                           PID    Runtime      # DAGs    # Errors  Last Runtime    Last Run
----------------------------------  -----  ---------  --------  ----------  --------------  -------------------
/opt/airflow/dags/etl_api_to_bi.py                           1           0  0.24s           2025-09-15T19:42:31
================================================================================
[2025-09-15T21:43:20.975+0200] {manager.py:878} INFO - 
================================================================================
DAG File Processing Stats

File Path                           PID    Runtime      # DAGs    # Errors  Last Runtime    Last Run
----------------------------------  -----  ---------  --------  ----------  --------------  -------------------
/opt/airflow/dags/etl_api_to_bi.py                           1           0  0.23s           2025-09-15T19:43:02
================================================================================
[2025-09-15T21:43:47.780+0200] {manager.py:878} INFO - 
================================================================================
DAG File Processing Stats

File Path                           PID    Runtime      # DAGs    # Errors  Last Runtime    Last Run
----------------------------------  -----  ---------  --------  ----------  --------------  -------------------
/opt/airflow/dags/etl_api_to_bi.py                           1           0  0.31s           2025-09-15T19:43:33
================================================================================
[2025-09-15T21:44:14.613+0200] {manager.py:878} INFO - 
================================================================================
DAG File Processing Stats

File Path                           PID    Runtime      # DAGs    # Errors  Last Runtime    Last Run
----------------------------------  -----  ---------  --------  ----------  --------------  -------------------
/opt/airflow/dags/etl_api_to_bi.py                           1           0  0.24s           2025-09-15T19:44:04
================================================================================
[2025-09-15T21:44:42.619+0200] {manager.py:878} INFO - 
================================================================================
DAG File Processing Stats

File Path                           PID    Runtime      # DAGs    # Errors  Last Runtime    Last Run
----------------------------------  -----  ---------  --------  ----------  --------------  -------------------
/opt/airflow/dags/etl_api_to_bi.py                           1           0  0.23s           2025-09-15T19:44:35
================================================================================
[2025-09-15T21:45:10.707+0200] {manager.py:878} INFO - 
================================================================================
DAG File Processing Stats

File Path                           PID    Runtime      # DAGs    # Errors  Last Runtime    Last Run
----------------------------------  -----  ---------  --------  ----------  --------------  -------------------
/opt/airflow/dags/etl_api_to_bi.py                           1           0  0.37s           2025-09-15T19:45:06
================================================================================
[2025-09-15T21:45:38.727+0200] {manager.py:878} INFO - 
================================================================================
DAG File Processing Stats

File Path                           PID    Runtime      # DAGs    # Errors  Last Runtime    Last Run
----------------------------------  -----  ---------  --------  ----------  --------------  -------------------
/opt/airflow/dags/etl_api_to_bi.py                           1           0  0.36s           2025-09-15T19:45:37
================================================================================
[2025-09-15T21:46:06.689+0200] {manager.py:878} INFO - 
================================================================================
DAG File Processing Stats

File Path                           PID    Runtime      # DAGs    # Errors  Last Runtime    Last Run
----------------------------------  -----  ---------  --------  ----------  --------------  -------------------
/opt/airflow/dags/etl_api_to_bi.py                           1           0  0.36s           2025-09-15T19:45:37
================================================================================
[2025-09-15T21:46:34.722+0200] {manager.py:878} INFO - 
================================================================================
DAG File Processing Stats

File Path                           PID    Runtime      # DAGs    # Errors  Last Runtime    Last Run
----------------------------------  -----  ---------  --------  ----------  --------------  -------------------
/opt/airflow/dags/etl_api_to_bi.py                           1           0  0.29s           2025-09-15T19:46:08
================================================================================
[2025-09-15T21:46:45.076+0200] {manager.py:737} INFO - Searching for files in /opt/airflow/dags
[2025-09-15T21:46:45.111+0200] {manager.py:740} INFO - There are 1 files in /opt/airflow/dags
[2025-09-15T21:47:02.973+0200] {manager.py:878} INFO - 
================================================================================
DAG File Processing Stats

File Path                           PID    Runtime      # DAGs    # Errors  Last Runtime    Last Run
----------------------------------  -----  ---------  --------  ----------  --------------  -------------------
/opt/airflow/dags/etl_api_to_bi.py                           1           0  0.28s           2025-09-15T19:46:39
================================================================================
[2025-09-15T21:47:31.142+0200] {manager.py:878} INFO - 
================================================================================
DAG File Processing Stats

File Path                           PID    Runtime      # DAGs    # Errors  Last Runtime    Last Run
----------------------------------  -----  ---------  --------  ----------  --------------  -------------------
/opt/airflow/dags/etl_api_to_bi.py                           1           0  0.26s           2025-09-15T19:47:09
================================================================================
[2025-09-15T21:47:59.125+0200] {manager.py:878} INFO - 
================================================================================
DAG File Processing Stats

File Path                           PID    Runtime      # DAGs    # Errors  Last Runtime    Last Run
----------------------------------  -----  ---------  --------  ----------  --------------  -------------------
/opt/airflow/dags/etl_api_to_bi.py                           1           0  0.33s           2025-09-15T19:47:40
================================================================================
[2025-09-15T21:48:27.040+0200] {manager.py:878} INFO - 
================================================================================
DAG File Processing Stats

File Path                           PID    Runtime      # DAGs    # Errors  Last Runtime    Last Run
----------------------------------  -----  ---------  --------  ----------  --------------  -------------------
/opt/airflow/dags/etl_api_to_bi.py                           1           0  0.27s           2025-09-15T19:48:11
================================================================================
[2025-09-15T21:48:55.035+0200] {manager.py:878} INFO - 
================================================================================
DAG File Processing Stats

File Path                           PID    Runtime      # DAGs    # Errors  Last Runtime    Last Run
----------------------------------  -----  ---------  --------  ----------  --------------  -------------------
/opt/airflow/dags/etl_api_to_bi.py                           1           0  0.32s           2025-09-15T19:48:42
================================================================================
[2025-09-15T21:49:22.538+0200] {manager.py:878} INFO - 
================================================================================
DAG File Processing Stats

File Path                           PID    Runtime      # DAGs    # Errors  Last Runtime    Last Run
----------------------------------  -----  ---------  --------  ----------  --------------  -------------------
/opt/airflow/dags/etl_api_to_bi.py                           1           0  0.46s           2025-09-15T19:49:13
================================================================================
[2025-09-15T21:49:50.366+0200] {manager.py:878} INFO - 
================================================================================
DAG File Processing Stats

File Path                           PID    Runtime      # DAGs    # Errors  Last Runtime    Last Run
----------------------------------  -----  ---------  --------  ----------  --------------  -------------------
/opt/airflow/dags/etl_api_to_bi.py                           1           0  0.37s           2025-09-15T19:49:44
================================================================================
[2025-09-15T21:50:18.613+0200] {manager.py:878} INFO - 
================================================================================
DAG File Processing Stats

File Path                           PID    Runtime      # DAGs    # Errors  Last Runtime    Last Run
----------------------------------  -----  ---------  --------  ----------  --------------  -------------------
/opt/airflow/dags/etl_api_to_bi.py                           1           0  0.23s           2025-09-15T19:50:15
================================================================================
[2025-09-15T21:50:46.501+0200] {manager.py:878} INFO - 
================================================================================
DAG File Processing Stats

File Path                             PID  Runtime      # DAGs    # Errors  Last Runtime    Last Run
----------------------------------  -----  ---------  --------  ----------  --------------  -------------------
/opt/airflow/dags/etl_api_to_bi.py   1683  0.03s             1           0  0.23s           2025-09-15T19:50:15
================================================================================
[2025-09-15T21:51:14.486+0200] {manager.py:878} INFO - 
================================================================================
DAG File Processing Stats

File Path                           PID    Runtime      # DAGs    # Errors  Last Runtime    Last Run
----------------------------------  -----  ---------  --------  ----------  --------------  -------------------
/opt/airflow/dags/etl_api_to_bi.py                           1           0  0.54s           2025-09-15T19:50:47
================================================================================
[2025-09-15T21:51:42.442+0200] {manager.py:878} INFO - 
================================================================================
DAG File Processing Stats

File Path                           PID    Runtime      # DAGs    # Errors  Last Runtime    Last Run
----------------------------------  -----  ---------  --------  ----------  --------------  -------------------
/opt/airflow/dags/etl_api_to_bi.py                           1           0  0.31s           2025-09-15T19:51:17
================================================================================
[2025-09-15T21:51:45.520+0200] {manager.py:737} INFO - Searching for files in /opt/airflow/dags
[2025-09-15T21:51:45.554+0200] {manager.py:740} INFO - There are 1 files in /opt/airflow/dags
[2025-09-15T21:52:10.422+0200] {manager.py:878} INFO - 
================================================================================
DAG File Processing Stats

File Path                           PID    Runtime      # DAGs    # Errors  Last Runtime    Last Run
----------------------------------  -----  ---------  --------  ----------  --------------  -------------------
/opt/airflow/dags/etl_api_to_bi.py                           1           0  0.27s           2025-09-15T19:51:48
================================================================================
[2025-09-15T21:52:38.597+0200] {manager.py:878} INFO - 
================================================================================
DAG File Processing Stats

File Path                           PID    Runtime      # DAGs    # Errors  Last Runtime    Last Run
----------------------------------  -----  ---------  --------  ----------  --------------  -------------------
/opt/airflow/dags/etl_api_to_bi.py                           1           0  0.36s           2025-09-15T19:52:19
================================================================================
[2025-09-15T21:53:06.266+0200] {manager.py:878} INFO - 
================================================================================
DAG File Processing Stats

File Path                           PID    Runtime      # DAGs    # Errors  Last Runtime    Last Run
----------------------------------  -----  ---------  --------  ----------  --------------  -------------------
/opt/airflow/dags/etl_api_to_bi.py                           1           0  0.57s           2025-09-15T19:52:50
================================================================================
[2025-09-15T21:53:33.785+0200] {manager.py:878} INFO - 
================================================================================
DAG File Processing Stats

File Path                           PID    Runtime      # DAGs    # Errors  Last Runtime    Last Run
----------------------------------  -----  ---------  --------  ----------  --------------  -------------------
/opt/airflow/dags/etl_api_to_bi.py                           1           0  0.28s           2025-09-15T19:53:21
================================================================================
[2025-09-15T21:54:01.596+0200] {manager.py:878} INFO - 
================================================================================
DAG File Processing Stats

File Path                           PID    Runtime      # DAGs    # Errors  Last Runtime    Last Run
----------------------------------  -----  ---------  --------  ----------  --------------  -------------------
/opt/airflow/dags/etl_api_to_bi.py                           1           0  0.26s           2025-09-15T19:53:52
================================================================================
[2025-09-15T21:54:29.445+0200] {manager.py:878} INFO - 
================================================================================
DAG File Processing Stats

File Path                           PID    Runtime      # DAGs    # Errors  Last Runtime    Last Run
----------------------------------  -----  ---------  --------  ----------  --------------  -------------------
/opt/airflow/dags/etl_api_to_bi.py                           1           0  0.24s           2025-09-15T19:54:22
================================================================================
[2025-09-15T21:54:57.360+0200] {manager.py:878} INFO - 
================================================================================
DAG File Processing Stats

File Path                           PID    Runtime      # DAGs    # Errors  Last Runtime    Last Run
----------------------------------  -----  ---------  --------  ----------  --------------  -------------------
/opt/airflow/dags/etl_api_to_bi.py                           1           0  0.23s           2025-09-15T19:54:53
================================================================================
[2025-09-15T21:55:27.085+0200] {manager.py:878} INFO - 
================================================================================
DAG File Processing Stats

File Path                           PID    Runtime      # DAGs    # Errors  Last Runtime    Last Run
----------------------------------  -----  ---------  --------  ----------  --------------  -------------------
/opt/airflow/dags/etl_api_to_bi.py                           1           0  0.24s           2025-09-15T19:55:24
================================================================================
[2025-09-15T21:55:53.353+0200] {manager.py:878} INFO - 
================================================================================
DAG File Processing Stats

File Path                           PID    Runtime      # DAGs    # Errors  Last Runtime    Last Run
----------------------------------  -----  ---------  --------  ----------  --------------  -------------------
/opt/airflow/dags/etl_api_to_bi.py                           1           0  0.24s           2025-09-15T19:55:24
================================================================================
[2025-09-15T21:56:21.184+0200] {manager.py:878} INFO - 
================================================================================
DAG File Processing Stats

File Path                           PID    Runtime      # DAGs    # Errors  Last Runtime    Last Run
----------------------------------  -----  ---------  --------  ----------  --------------  -------------------
/opt/airflow/dags/etl_api_to_bi.py                           1           0  0.29s           2025-09-15T19:55:54
================================================================================
[2025-09-15T21:56:46.016+0200] {manager.py:737} INFO - Searching for files in /opt/airflow/dags
[2025-09-15T21:56:46.066+0200] {manager.py:740} INFO - There are 1 files in /opt/airflow/dags
[2025-09-15T21:56:49.167+0200] {manager.py:878} INFO - 
================================================================================
DAG File Processing Stats

File Path                           PID    Runtime      # DAGs    # Errors  Last Runtime    Last Run
----------------------------------  -----  ---------  --------  ----------  --------------  -------------------
/opt/airflow/dags/etl_api_to_bi.py                           1           0  0.23s           2025-09-15T19:56:25
================================================================================
[2025-09-15T21:57:16.986+0200] {manager.py:878} INFO - 
================================================================================
DAG File Processing Stats

File Path                           PID    Runtime      # DAGs    # Errors  Last Runtime    Last Run
----------------------------------  -----  ---------  --------  ----------  --------------  -------------------
/opt/airflow/dags/etl_api_to_bi.py                           1           0  0.21s           2025-09-15T19:56:56
================================================================================
[2025-09-15T21:57:44.883+0200] {manager.py:878} INFO - 
================================================================================
DAG File Processing Stats

File Path                           PID    Runtime      # DAGs    # Errors  Last Runtime    Last Run
----------------------------------  -----  ---------  --------  ----------  --------------  -------------------
/opt/airflow/dags/etl_api_to_bi.py                           1           0  0.41s           2025-09-15T19:57:27
================================================================================
[2025-09-15T21:58:11.732+0200] {manager.py:878} INFO - 
================================================================================
DAG File Processing Stats

File Path                           PID    Runtime      # DAGs    # Errors  Last Runtime    Last Run
----------------------------------  -----  ---------  --------  ----------  --------------  -------------------
/opt/airflow/dags/etl_api_to_bi.py                           1           0  0.23s           2025-09-15T19:57:58
================================================================================
[2025-09-15T21:58:41.224+0200] {manager.py:878} INFO - 
================================================================================
DAG File Processing Stats

File Path                           PID    Runtime      # DAGs    # Errors  Last Runtime    Last Run
----------------------------------  -----  ---------  --------  ----------  --------------  -------------------
/opt/airflow/dags/etl_api_to_bi.py                           1           0  0.32s           2025-09-15T19:58:29
================================================================================
[2025-09-15T21:59:08.647+0200] {manager.py:878} INFO - 
================================================================================
DAG File Processing Stats

File Path                           PID    Runtime      # DAGs    # Errors  Last Runtime    Last Run
----------------------------------  -----  ---------  --------  ----------  --------------  -------------------
/opt/airflow/dags/etl_api_to_bi.py                           1           0  0.65s           2025-09-15T19:59:00
================================================================================
[2025-09-15T21:59:36.113+0200] {manager.py:878} INFO - 
================================================================================
DAG File Processing Stats

File Path                           PID    Runtime      # DAGs    # Errors  Last Runtime    Last Run
----------------------------------  -----  ---------  --------  ----------  --------------  -------------------
/opt/airflow/dags/etl_api_to_bi.py                           1           0  0.33s           2025-09-15T19:59:31
================================================================================
[2025-09-15T22:00:04.331+0200] {manager.py:878} INFO - 
================================================================================
DAG File Processing Stats

File Path                           PID    Runtime      # DAGs    # Errors  Last Runtime    Last Run
----------------------------------  -----  ---------  --------  ----------  --------------  -------------------
/opt/airflow/dags/etl_api_to_bi.py                           1           0  0.42s           2025-09-15T20:00:02
================================================================================
[2025-09-15T22:00:32.084+0200] {manager.py:878} INFO - 
================================================================================
DAG File Processing Stats

File Path                           PID    Runtime      # DAGs    # Errors  Last Runtime    Last Run
----------------------------------  -----  ---------  --------  ----------  --------------  -------------------
/opt/airflow/dags/etl_api_to_bi.py                           1           0  0.42s           2025-09-15T20:00:02
================================================================================
[2025-09-15T22:00:59.897+0200] {manager.py:878} INFO - 
================================================================================
DAG File Processing Stats

File Path                           PID    Runtime      # DAGs    # Errors  Last Runtime    Last Run
----------------------------------  -----  ---------  --------  ----------  --------------  -------------------
/opt/airflow/dags/etl_api_to_bi.py                           1           0  0.23s           2025-09-15T20:00:33
================================================================================
[2025-09-15T22:01:26.717+0200] {manager.py:878} INFO - 
================================================================================
DAG File Processing Stats

File Path                           PID    Runtime      # DAGs    # Errors  Last Runtime    Last Run
----------------------------------  -----  ---------  --------  ----------  --------------  -------------------
/opt/airflow/dags/etl_api_to_bi.py                           1           0  0.27s           2025-09-15T20:01:04
================================================================================
[2025-09-15T22:01:46.220+0200] {manager.py:737} INFO - Searching for files in /opt/airflow/dags
[2025-09-15T22:01:46.264+0200] {manager.py:740} INFO - There are 1 files in /opt/airflow/dags
[2025-09-15T22:01:56.114+0200] {manager.py:878} INFO - 
================================================================================
DAG File Processing Stats

File Path                           PID    Runtime      # DAGs    # Errors  Last Runtime    Last Run
----------------------------------  -----  ---------  --------  ----------  --------------  -------------------
/opt/airflow/dags/etl_api_to_bi.py                           1           0  0.38s           2025-09-15T20:01:35
================================================================================
[2025-09-15T22:02:24.177+0200] {manager.py:878} INFO - 
================================================================================
DAG File Processing Stats

File Path                           PID    Runtime      # DAGs    # Errors  Last Runtime    Last Run
----------------------------------  -----  ---------  --------  ----------  --------------  -------------------
/opt/airflow/dags/etl_api_to_bi.py                           1           0  0.29s           2025-09-15T20:02:05
================================================================================
[2025-09-15T22:02:52.438+0200] {manager.py:878} INFO - 
================================================================================
DAG File Processing Stats

File Path                           PID    Runtime      # DAGs    # Errors  Last Runtime    Last Run
----------------------------------  -----  ---------  --------  ----------  --------------  -------------------
/opt/airflow/dags/etl_api_to_bi.py                           1           0  0.27s           2025-09-15T20:02:36
================================================================================
[2025-09-15T22:03:20.479+0200] {manager.py:878} INFO - 
================================================================================
DAG File Processing Stats

File Path                           PID    Runtime      # DAGs    # Errors  Last Runtime    Last Run
----------------------------------  -----  ---------  --------  ----------  --------------  -------------------
/opt/airflow/dags/etl_api_to_bi.py                           1           0  0.31s           2025-09-15T20:03:07
================================================================================
[2025-09-15T22:03:48.604+0200] {manager.py:878} INFO - 
================================================================================
DAG File Processing Stats

File Path                           PID    Runtime      # DAGs    # Errors  Last Runtime    Last Run
----------------------------------  -----  ---------  --------  ----------  --------------  -------------------
/opt/airflow/dags/etl_api_to_bi.py                           1           0  0.28s           2025-09-15T20:03:38
================================================================================
[2025-09-15T22:04:15.931+0200] {manager.py:878} INFO - 
================================================================================
DAG File Processing Stats

File Path                           PID    Runtime      # DAGs    # Errors  Last Runtime    Last Run
----------------------------------  -----  ---------  --------  ----------  --------------  -------------------
/opt/airflow/dags/etl_api_to_bi.py                           1           0  0.64s           2025-09-15T20:04:09
================================================================================
[2025-09-15T22:04:43.541+0200] {manager.py:878} INFO - 
================================================================================
DAG File Processing Stats

File Path                           PID    Runtime      # DAGs    # Errors  Last Runtime    Last Run
----------------------------------  -----  ---------  --------  ----------  --------------  -------------------
/opt/airflow/dags/etl_api_to_bi.py                           1           0  0.38s           2025-09-15T20:04:40
================================================================================
[2025-09-15T22:05:11.117+0200] {manager.py:878} INFO - 
================================================================================
DAG File Processing Stats

File Path                             PID  Runtime      # DAGs    # Errors  Last Runtime    Last Run
----------------------------------  -----  ---------  --------  ----------  --------------  -------------------
/opt/airflow/dags/etl_api_to_bi.py   1855  0.01s             1           0  0.38s           2025-09-15T20:04:40
================================================================================
[2025-09-15T22:05:39.209+0200] {manager.py:878} INFO - 
================================================================================
DAG File Processing Stats

File Path                           PID    Runtime      # DAGs    # Errors  Last Runtime    Last Run
----------------------------------  -----  ---------  --------  ----------  --------------  -------------------
/opt/airflow/dags/etl_api_to_bi.py                           1           0  0.32s           2025-09-15T20:05:11
================================================================================
[2025-09-15T22:06:07.185+0200] {manager.py:878} INFO - 
================================================================================
DAG File Processing Stats

File Path                           PID    Runtime      # DAGs    # Errors  Last Runtime    Last Run
----------------------------------  -----  ---------  --------  ----------  --------------  -------------------
/opt/airflow/dags/etl_api_to_bi.py                           1           0  0.25s           2025-09-15T20:05:42
================================================================================
[2025-09-15T22:06:35.116+0200] {manager.py:878} INFO - 
================================================================================
DAG File Processing Stats

File Path                           PID    Runtime      # DAGs    # Errors  Last Runtime    Last Run
----------------------------------  -----  ---------  --------  ----------  --------------  -------------------
/opt/airflow/dags/etl_api_to_bi.py                           1           0  0.28s           2025-09-15T20:06:13
================================================================================
[2025-09-15T22:06:46.789+0200] {manager.py:737} INFO - Searching for files in /opt/airflow/dags
[2025-09-15T22:06:46.819+0200] {manager.py:740} INFO - There are 1 files in /opt/airflow/dags
[2025-09-15T22:07:03.058+0200] {manager.py:878} INFO - 
================================================================================
DAG File Processing Stats

File Path                           PID    Runtime      # DAGs    # Errors  Last Runtime    Last Run
----------------------------------  -----  ---------  --------  ----------  --------------  -------------------
/opt/airflow/dags/etl_api_to_bi.py                           1           0  0.26s           2025-09-15T20:06:43
================================================================================
[2025-09-15T22:07:31.014+0200] {manager.py:878} INFO - 
================================================================================
DAG File Processing Stats

File Path                           PID    Runtime      # DAGs    # Errors  Last Runtime    Last Run
----------------------------------  -----  ---------  --------  ----------  --------------  -------------------
/opt/airflow/dags/etl_api_to_bi.py                           1           0  0.26s           2025-09-15T20:07:15
================================================================================
[2025-09-15T22:07:58.960+0200] {manager.py:878} INFO - 
================================================================================
DAG File Processing Stats

File Path                           PID    Runtime      # DAGs    # Errors  Last Runtime    Last Run
----------------------------------  -----  ---------  --------  ----------  --------------  -------------------
/opt/airflow/dags/etl_api_to_bi.py                           1           0  0.30s           2025-09-15T20:07:45
================================================================================
[2025-09-15T22:08:26.846+0200] {manager.py:878} INFO - 
================================================================================
DAG File Processing Stats

File Path                           PID    Runtime      # DAGs    # Errors  Last Runtime    Last Run
----------------------------------  -----  ---------  --------  ----------  --------------  -------------------
/opt/airflow/dags/etl_api_to_bi.py                           1           0  0.26s           2025-09-15T20:08:16
================================================================================
[2025-09-15T22:08:54.882+0200] {manager.py:878} INFO - 
================================================================================
DAG File Processing Stats

File Path                           PID    Runtime      # DAGs    # Errors  Last Runtime    Last Run
----------------------------------  -----  ---------  --------  ----------  --------------  -------------------
/opt/airflow/dags/etl_api_to_bi.py                           1           0  0.37s           2025-09-15T20:08:47
================================================================================
[2025-09-15T22:09:22.718+0200] {manager.py:878} INFO - 
================================================================================
DAG File Processing Stats

File Path                           PID    Runtime      # DAGs    # Errors  Last Runtime    Last Run
----------------------------------  -----  ---------  --------  ----------  --------------  -------------------
/opt/airflow/dags/etl_api_to_bi.py                           1           0  0.22s           2025-09-15T20:09:18
================================================================================
[2025-09-15T22:09:50.654+0200] {manager.py:878} INFO - 
================================================================================
DAG File Processing Stats

File Path                           PID    Runtime      # DAGs    # Errors  Last Runtime    Last Run
----------------------------------  -----  ---------  --------  ----------  --------------  -------------------
/opt/airflow/dags/etl_api_to_bi.py                           1           0  0.31s           2025-09-15T20:09:49
================================================================================
[2025-09-15T22:10:18.369+0200] {manager.py:878} INFO - 
================================================================================
DAG File Processing Stats

File Path                           PID    Runtime      # DAGs    # Errors  Last Runtime    Last Run
----------------------------------  -----  ---------  --------  ----------  --------------  -------------------
/opt/airflow/dags/etl_api_to_bi.py                           1           0  0.31s           2025-09-15T20:09:49
================================================================================
[2025-09-15T22:10:46.216+0200] {manager.py:878} INFO - 
================================================================================
DAG File Processing Stats

File Path                           PID    Runtime      # DAGs    # Errors  Last Runtime    Last Run
----------------------------------  -----  ---------  --------  ----------  --------------  -------------------
/opt/airflow/dags/etl_api_to_bi.py                           1           0  0.27s           2025-09-15T20:10:20
================================================================================
[2025-09-15T22:11:14.284+0200] {manager.py:878} INFO - 
================================================================================
DAG File Processing Stats

File Path                           PID    Runtime      # DAGs    # Errors  Last Runtime    Last Run
----------------------------------  -----  ---------  --------  ----------  --------------  -------------------
/opt/airflow/dags/etl_api_to_bi.py                           1           0  0.22s           2025-09-15T20:10:50
================================================================================
[2025-09-15T22:11:42.130+0200] {manager.py:878} INFO - 
================================================================================
DAG File Processing Stats

File Path                           PID    Runtime      # DAGs    # Errors  Last Runtime    Last Run
----------------------------------  -----  ---------  --------  ----------  --------------  -------------------
/opt/airflow/dags/etl_api_to_bi.py                           1           0  0.24s           2025-09-15T20:11:22
================================================================================
[2025-09-15T22:11:46.801+0200] {manager.py:737} INFO - Searching for files in /opt/airflow/dags
[2025-09-15T22:11:46.856+0200] {manager.py:740} INFO - There are 1 files in /opt/airflow/dags
[2025-09-15T22:12:09.758+0200] {manager.py:878} INFO - 
================================================================================
DAG File Processing Stats

File Path                           PID    Runtime      # DAGs    # Errors  Last Runtime    Last Run
----------------------------------  -----  ---------  --------  ----------  --------------  -------------------
/opt/airflow/dags/etl_api_to_bi.py                           1           0  0.45s           2025-09-15T20:11:53
================================================================================
[2025-09-15T22:12:35.079+0200] {manager.py:878} INFO - 
================================================================================
DAG File Processing Stats

File Path                           PID    Runtime      # DAGs    # Errors  Last Runtime    Last Run
----------------------------------  -----  ---------  --------  ----------  --------------  -------------------
/opt/airflow/dags/etl_api_to_bi.py                           1           0  0.30s           2025-09-15T20:12:24
================================================================================
[2025-09-15T22:13:03.122+0200] {manager.py:878} INFO - 
================================================================================
DAG File Processing Stats

File Path                           PID    Runtime      # DAGs    # Errors  Last Runtime    Last Run
----------------------------------  -----  ---------  --------  ----------  --------------  -------------------
/opt/airflow/dags/etl_api_to_bi.py                           1           0  0.39s           2025-09-15T20:12:55
================================================================================
[2025-09-15T22:13:31.150+0200] {manager.py:878} INFO - 
================================================================================
DAG File Processing Stats

File Path                           PID    Runtime      # DAGs    # Errors  Last Runtime    Last Run
----------------------------------  -----  ---------  --------  ----------  --------------  -------------------
/opt/airflow/dags/etl_api_to_bi.py                           1           0  0.34s           2025-09-15T20:13:26
================================================================================
[2025-09-15T22:13:58.766+0200] {manager.py:878} INFO - 
================================================================================
DAG File Processing Stats

File Path                           PID    Runtime      # DAGs    # Errors  Last Runtime    Last Run
----------------------------------  -----  ---------  --------  ----------  --------------  -------------------
/opt/airflow/dags/etl_api_to_bi.py                           1           0  0.69s           2025-09-15T20:13:58
================================================================================
[2025-09-15T22:14:26.874+0200] {manager.py:878} INFO - 
================================================================================
DAG File Processing Stats

File Path                           PID    Runtime      # DAGs    # Errors  Last Runtime    Last Run
----------------------------------  -----  ---------  --------  ----------  --------------  -------------------
/opt/airflow/dags/etl_api_to_bi.py                           1           0  0.69s           2025-09-15T20:13:58
================================================================================
[2025-09-15T22:14:54.804+0200] {manager.py:878} INFO - 
================================================================================
DAG File Processing Stats

File Path                           PID    Runtime      # DAGs    # Errors  Last Runtime    Last Run
----------------------------------  -----  ---------  --------  ----------  --------------  -------------------
/opt/airflow/dags/etl_api_to_bi.py                           1           0  0.30s           2025-09-15T20:14:29
================================================================================
[2025-09-15T22:15:22.337+0200] {manager.py:878} INFO - 
================================================================================
DAG File Processing Stats

File Path                           PID    Runtime      # DAGs    # Errors  Last Runtime    Last Run
----------------------------------  -----  ---------  --------  ----------  --------------  -------------------
/opt/airflow/dags/etl_api_to_bi.py                           1           0  0.61s           2025-09-15T20:15:00
================================================================================
[2025-09-15T22:15:49.691+0200] {manager.py:878} INFO - 
================================================================================
DAG File Processing Stats

File Path                           PID    Runtime      # DAGs    # Errors  Last Runtime    Last Run
----------------------------------  -----  ---------  --------  ----------  --------------  -------------------
/opt/airflow/dags/etl_api_to_bi.py                           1           0  0.42s           2025-09-15T20:15:31
================================================================================
[2025-09-15T22:16:17.786+0200] {manager.py:878} INFO - 
================================================================================
DAG File Processing Stats

File Path                           PID    Runtime      # DAGs    # Errors  Last Runtime    Last Run
----------------------------------  -----  ---------  --------  ----------  --------------  -------------------
/opt/airflow/dags/etl_api_to_bi.py                           1           0  0.28s           2025-09-15T20:16:02
================================================================================
[2025-09-15T22:16:45.698+0200] {manager.py:878} INFO - 
================================================================================
DAG File Processing Stats

File Path                           PID    Runtime      # DAGs    # Errors  Last Runtime    Last Run
----------------------------------  -----  ---------  --------  ----------  --------------  -------------------
/opt/airflow/dags/etl_api_to_bi.py                           1           0  0.29s           2025-09-15T20:16:33
================================================================================
[2025-09-15T22:16:46.884+0200] {manager.py:737} INFO - Searching for files in /opt/airflow/dags
[2025-09-15T22:16:46.933+0200] {manager.py:740} INFO - There are 1 files in /opt/airflow/dags
[2025-09-15T22:17:13.705+0200] {manager.py:878} INFO - 
================================================================================
DAG File Processing Stats

File Path                           PID    Runtime      # DAGs    # Errors  Last Runtime    Last Run
----------------------------------  -----  ---------  --------  ----------  --------------  -------------------
/opt/airflow/dags/etl_api_to_bi.py                           1           0  0.48s           2025-09-15T20:17:04
================================================================================
[2025-09-15T22:17:41.141+0200] {manager.py:878} INFO - 
================================================================================
DAG File Processing Stats

File Path                           PID    Runtime      # DAGs    # Errors  Last Runtime    Last Run
----------------------------------  -----  ---------  --------  ----------  --------------  -------------------
/opt/airflow/dags/etl_api_to_bi.py                           1           0  0.39s           2025-09-15T20:17:35
================================================================================
[2025-09-15T22:18:08.561+0200] {manager.py:878} INFO - 
================================================================================
DAG File Processing Stats

File Path                           PID    Runtime      # DAGs    # Errors  Last Runtime    Last Run
----------------------------------  -----  ---------  --------  ----------  --------------  -------------------
/opt/airflow/dags/etl_api_to_bi.py                           1           0  0.87s           2025-09-15T20:18:06
================================================================================
[2025-09-15T22:18:36.464+0200] {manager.py:878} INFO - 
================================================================================
DAG File Processing Stats

File Path                           PID    Runtime      # DAGs    # Errors  Last Runtime    Last Run
----------------------------------  -----  ---------  --------  ----------  --------------  -------------------
/opt/airflow/dags/etl_api_to_bi.py                           1           0  0.87s           2025-09-15T20:18:06
================================================================================
[2025-09-15T22:19:04.491+0200] {manager.py:878} INFO - 
================================================================================
DAG File Processing Stats

File Path                           PID    Runtime      # DAGs    # Errors  Last Runtime    Last Run
----------------------------------  -----  ---------  --------  ----------  --------------  -------------------
/opt/airflow/dags/etl_api_to_bi.py                           1           0  0.34s           2025-09-15T20:18:37
================================================================================
[2025-09-15T22:19:32.615+0200] {manager.py:878} INFO - 
================================================================================
DAG File Processing Stats

File Path                           PID    Runtime      # DAGs    # Errors  Last Runtime    Last Run
----------------------------------  -----  ---------  --------  ----------  --------------  -------------------
/opt/airflow/dags/etl_api_to_bi.py                           1           0  0.30s           2025-09-15T20:19:07
================================================================================
[2025-09-15T22:20:00.440+0200] {manager.py:878} INFO - 
================================================================================
DAG File Processing Stats

File Path                           PID    Runtime      # DAGs    # Errors  Last Runtime    Last Run
----------------------------------  -----  ---------  --------  ----------  --------------  -------------------
/opt/airflow/dags/etl_api_to_bi.py                           1           0  0.41s           2025-09-15T20:19:39
================================================================================
[2025-09-15T22:20:28.281+0200] {manager.py:878} INFO - 
================================================================================
DAG File Processing Stats

File Path                           PID    Runtime      # DAGs    # Errors  Last Runtime    Last Run
----------------------------------  -----  ---------  --------  ----------  --------------  -------------------
/opt/airflow/dags/etl_api_to_bi.py                           1           0  1.19s           2025-09-15T20:20:10
================================================================================
[2025-09-15T22:20:55.673+0200] {manager.py:878} INFO - 
================================================================================
DAG File Processing Stats

File Path                           PID    Runtime      # DAGs    # Errors  Last Runtime    Last Run
----------------------------------  -----  ---------  --------  ----------  --------------  -------------------
/opt/airflow/dags/etl_api_to_bi.py                           1           0  0.26s           2025-09-15T20:20:41
================================================================================
[2025-09-15T22:21:23.434+0200] {manager.py:878} INFO - 
================================================================================
DAG File Processing Stats

File Path                           PID    Runtime      # DAGs    # Errors  Last Runtime    Last Run
----------------------------------  -----  ---------  --------  ----------  --------------  -------------------
/opt/airflow/dags/etl_api_to_bi.py                           1           0  0.24s           2025-09-15T20:21:11
================================================================================
[2025-09-15T22:21:47.091+0200] {manager.py:737} INFO - Searching for files in /opt/airflow/dags
[2025-09-15T22:21:47.133+0200] {manager.py:740} INFO - There are 1 files in /opt/airflow/dags
[2025-09-15T22:21:51.189+0200] {manager.py:878} INFO - 
================================================================================
DAG File Processing Stats

File Path                           PID    Runtime      # DAGs    # Errors  Last Runtime    Last Run
----------------------------------  -----  ---------  --------  ----------  --------------  -------------------
/opt/airflow/dags/etl_api_to_bi.py                           1           0  0.25s           2025-09-15T20:21:42
================================================================================
[2025-09-15T22:22:19.107+0200] {manager.py:878} INFO - 
================================================================================
DAG File Processing Stats

File Path                           PID    Runtime      # DAGs    # Errors  Last Runtime    Last Run
----------------------------------  -----  ---------  --------  ----------  --------------  -------------------
/opt/airflow/dags/etl_api_to_bi.py                           1           0  0.33s           2025-09-15T20:22:13
================================================================================
[2025-09-15T22:22:46.768+0200] {manager.py:878} INFO - 
================================================================================
DAG File Processing Stats

File Path                           PID    Runtime      # DAGs    # Errors  Last Runtime    Last Run
----------------------------------  -----  ---------  --------  ----------  --------------  -------------------
/opt/airflow/dags/etl_api_to_bi.py                           1           0  0.40s           2025-09-15T20:22:44
================================================================================
[2025-09-15T22:23:14.537+0200] {manager.py:878} INFO - 
================================================================================
DAG File Processing Stats

File Path                             PID  Runtime      # DAGs    # Errors  Last Runtime    Last Run
----------------------------------  -----  ---------  --------  ----------  --------------  -------------------
/opt/airflow/dags/etl_api_to_bi.py   2062  0.01s             1           0  0.40s           2025-09-15T20:22:44
================================================================================
[2025-09-15T22:23:42.590+0200] {manager.py:878} INFO - 
================================================================================
DAG File Processing Stats

File Path                           PID    Runtime      # DAGs    # Errors  Last Runtime    Last Run
----------------------------------  -----  ---------  --------  ----------  --------------  -------------------
/opt/airflow/dags/etl_api_to_bi.py                           1           0  0.39s           2025-09-15T20:23:14
================================================================================
[2025-09-15T22:24:10.550+0200] {manager.py:878} INFO - 
================================================================================
DAG File Processing Stats

File Path                           PID    Runtime      # DAGs    # Errors  Last Runtime    Last Run
----------------------------------  -----  ---------  --------  ----------  --------------  -------------------
/opt/airflow/dags/etl_api_to_bi.py                           1           0  0.25s           2025-09-15T20:23:45
================================================================================
[2025-09-15T22:24:38.567+0200] {manager.py:878} INFO - 
================================================================================
DAG File Processing Stats

File Path                           PID    Runtime      # DAGs    # Errors  Last Runtime    Last Run
----------------------------------  -----  ---------  --------  ----------  --------------  -------------------
/opt/airflow/dags/etl_api_to_bi.py                           1           0  0.26s           2025-09-15T20:24:16
================================================================================
[2025-09-15T22:25:06.266+0200] {manager.py:878} INFO - 
================================================================================
DAG File Processing Stats

File Path                           PID    Runtime      # DAGs    # Errors  Last Runtime    Last Run
----------------------------------  -----  ---------  --------  ----------  --------------  -------------------
/opt/airflow/dags/etl_api_to_bi.py                           1           0  0.34s           2025-09-15T20:24:48
================================================================================
[2025-09-15T22:25:34.573+0200] {manager.py:878} INFO - 
================================================================================
DAG File Processing Stats

File Path                           PID    Runtime      # DAGs    # Errors  Last Runtime    Last Run
----------------------------------  -----  ---------  --------  ----------  --------------  -------------------
/opt/airflow/dags/etl_api_to_bi.py                           1           0  0.38s           2025-09-15T20:25:18
================================================================================
[2025-09-15T22:26:02.447+0200] {manager.py:878} INFO - 
================================================================================
DAG File Processing Stats

File Path                           PID    Runtime      # DAGs    # Errors  Last Runtime    Last Run
----------------------------------  -----  ---------  --------  ----------  --------------  -------------------
/opt/airflow/dags/etl_api_to_bi.py                           1           0  -1.68s          2025-09-15T20:25:48
================================================================================
[2025-09-15T22:26:30.477+0200] {manager.py:878} INFO - 
================================================================================
DAG File Processing Stats

File Path                           PID    Runtime      # DAGs    # Errors  Last Runtime    Last Run
----------------------------------  -----  ---------  --------  ----------  --------------  -------------------
/opt/airflow/dags/etl_api_to_bi.py                           1           0  1.00s           2025-09-15T20:26:20
================================================================================
[2025-09-15T22:26:47.173+0200] {manager.py:737} INFO - Searching for files in /opt/airflow/dags
[2025-09-15T22:26:47.207+0200] {manager.py:740} INFO - There are 1 files in /opt/airflow/dags
[2025-09-15T22:26:58.472+0200] {manager.py:878} INFO - 
================================================================================
DAG File Processing Stats

File Path                           PID    Runtime      # DAGs    # Errors  Last Runtime    Last Run
----------------------------------  -----  ---------  --------  ----------  --------------  -------------------
/opt/airflow/dags/etl_api_to_bi.py                           1           0  0.33s           2025-09-15T20:26:50
================================================================================
[2025-09-15T22:27:26.174+0200] {manager.py:878} INFO - 
================================================================================
DAG File Processing Stats

File Path                           PID    Runtime      # DAGs    # Errors  Last Runtime    Last Run
----------------------------------  -----  ---------  --------  ----------  --------------  -------------------
/opt/airflow/dags/etl_api_to_bi.py                           1           0  0.79s           2025-09-15T20:27:22
================================================================================
[2025-09-15T23:01:03.521+0200] {manager.py:470} INFO - Processing files using up to 2 processes at a time 
[2025-09-15T23:01:03.555+0200] {manager.py:471} INFO - Process each file at most once every 30 seconds
[2025-09-15T23:01:03.557+0200] {manager.py:472} INFO - Checking for new files in /opt/airflow/dags every 300 seconds
[2025-09-15T23:01:03.559+0200] {manager.py:737} INFO - Searching for files in /opt/airflow/dags
[2025-09-15T23:01:03.699+0200] {manager.py:740} INFO - There are 1 files in /opt/airflow/dags
[2025-09-15T23:01:04.065+0200] {manager.py:878} INFO - 
================================================================================
DAG File Processing Stats

File Path                             PID  Runtime      # DAGs    # Errors  Last Runtime    Last Run
----------------------------------  -----  ---------  --------  ----------  --------------  ----------
/opt/airflow/dags/etl_api_to_bi.py    172  0.11s             0           0
================================================================================
[2025-09-15T23:01:31.813+0200] {manager.py:878} INFO - 
================================================================================
DAG File Processing Stats

File Path                           PID    Runtime      # DAGs    # Errors  Last Runtime    Last Run
----------------------------------  -----  ---------  --------  ----------  --------------  -------------------
/opt/airflow/dags/etl_api_to_bi.py                           1           0  1.18s           2025-09-15T21:01:05
================================================================================
[2025-09-15T23:01:59.744+0200] {manager.py:878} INFO - 
================================================================================
DAG File Processing Stats

File Path                           PID    Runtime      # DAGs    # Errors  Last Runtime    Last Run
----------------------------------  -----  ---------  --------  ----------  --------------  -------------------
/opt/airflow/dags/etl_api_to_bi.py                           1           0  1.09s           2025-09-15T21:01:37
================================================================================
[2025-09-15T23:02:27.191+0200] {manager.py:878} INFO - 
================================================================================
DAG File Processing Stats

File Path                           PID    Runtime      # DAGs    # Errors  Last Runtime    Last Run
----------------------------------  -----  ---------  --------  ----------  --------------  -------------------
/opt/airflow/dags/etl_api_to_bi.py                           1           0  0.48s           2025-09-15T21:02:07
================================================================================
[2025-09-15T23:02:54.921+0200] {manager.py:878} INFO - 
================================================================================
DAG File Processing Stats

File Path                           PID    Runtime      # DAGs    # Errors  Last Runtime    Last Run
----------------------------------  -----  ---------  --------  ----------  --------------  -------------------
/opt/airflow/dags/etl_api_to_bi.py                           1           0  1.65s           2025-09-15T21:02:39
================================================================================
[2025-09-15T23:03:22.948+0200] {manager.py:878} INFO - 
================================================================================
DAG File Processing Stats

File Path                           PID    Runtime      # DAGs    # Errors  Last Runtime    Last Run
----------------------------------  -----  ---------  --------  ----------  --------------  -------------------
/opt/airflow/dags/etl_api_to_bi.py                           1           0  0.51s           2025-09-15T21:03:10
================================================================================
[2025-09-15T23:03:50.955+0200] {manager.py:878} INFO - 
================================================================================
DAG File Processing Stats

File Path                           PID    Runtime      # DAGs    # Errors  Last Runtime    Last Run
----------------------------------  -----  ---------  --------  ----------  --------------  -------------------
/opt/airflow/dags/etl_api_to_bi.py                           1           0  0.23s           2025-09-15T21:03:41
================================================================================
[2025-09-15T23:04:19.066+0200] {manager.py:878} INFO - 
================================================================================
DAG File Processing Stats

File Path                           PID    Runtime      # DAGs    # Errors  Last Runtime    Last Run
----------------------------------  -----  ---------  --------  ----------  --------------  -------------------
/opt/airflow/dags/etl_api_to_bi.py                           1           0  0.42s           2025-09-15T21:04:12
================================================================================
[2025-09-15T23:04:46.428+0200] {manager.py:878} INFO - 
================================================================================
DAG File Processing Stats

File Path                           PID    Runtime      # DAGs    # Errors  Last Runtime    Last Run
----------------------------------  -----  ---------  --------  ----------  --------------  -------------------
/opt/airflow/dags/etl_api_to_bi.py                           1           0  0.50s           2025-09-15T21:04:43
================================================================================
[2025-09-15T23:05:14.064+0200] {manager.py:878} INFO - 
================================================================================
DAG File Processing Stats

File Path                             PID  Runtime      # DAGs    # Errors  Last Runtime    Last Run
----------------------------------  -----  ---------  --------  ----------  --------------  -------------------
/opt/airflow/dags/etl_api_to_bi.py    262  0.02s             1           0  0.50s           2025-09-15T21:04:43
================================================================================
[2025-09-15T23:05:41.949+0200] {manager.py:878} INFO - 
================================================================================
DAG File Processing Stats

File Path                           PID    Runtime      # DAGs    # Errors  Last Runtime    Last Run
----------------------------------  -----  ---------  --------  ----------  --------------  -------------------
/opt/airflow/dags/etl_api_to_bi.py                           1           0  0.38s           2025-09-15T21:05:14
================================================================================
[2025-09-15T23:06:03.826+0200] {manager.py:737} INFO - Searching for files in /opt/airflow/dags
[2025-09-15T23:06:03.891+0200] {manager.py:740} INFO - There are 1 files in /opt/airflow/dags
[2025-09-15T23:06:09.353+0200] {manager.py:878} INFO - 
================================================================================
DAG File Processing Stats

File Path                           PID    Runtime      # DAGs    # Errors  Last Runtime    Last Run
----------------------------------  -----  ---------  --------  ----------  --------------  -------------------
/opt/airflow/dags/etl_api_to_bi.py                           1           0  0.53s           2025-09-15T21:05:45
================================================================================
[2025-09-15T23:06:37.103+0200] {manager.py:878} INFO - 
================================================================================
DAG File Processing Stats

File Path                           PID    Runtime      # DAGs    # Errors  Last Runtime    Last Run
----------------------------------  -----  ---------  --------  ----------  --------------  -------------------
/opt/airflow/dags/etl_api_to_bi.py                           1           0  0.53s           2025-09-15T21:06:16
================================================================================
[2025-09-15T23:07:05.210+0200] {manager.py:878} INFO - 
================================================================================
DAG File Processing Stats

File Path                           PID    Runtime      # DAGs    # Errors  Last Runtime    Last Run
----------------------------------  -----  ---------  --------  ----------  --------------  -------------------
/opt/airflow/dags/etl_api_to_bi.py                           1           0  0.47s           2025-09-15T21:06:47
================================================================================
[2025-09-15T23:07:33.429+0200] {manager.py:878} INFO - 
================================================================================
DAG File Processing Stats

File Path                           PID    Runtime      # DAGs    # Errors  Last Runtime    Last Run
----------------------------------  -----  ---------  --------  ----------  --------------  -------------------
/opt/airflow/dags/etl_api_to_bi.py                           1           0  0.45s           2025-09-15T21:07:18
================================================================================
[2025-09-15T23:08:00.843+0200] {manager.py:878} INFO - 
================================================================================
DAG File Processing Stats

File Path                           PID    Runtime      # DAGs    # Errors  Last Runtime    Last Run
----------------------------------  -----  ---------  --------  ----------  --------------  -------------------
/opt/airflow/dags/etl_api_to_bi.py                           1           0  1.30s           2025-09-15T21:07:48
================================================================================
[2025-09-15T23:08:28.741+0200] {manager.py:878} INFO - 
================================================================================
DAG File Processing Stats

File Path                           PID    Runtime      # DAGs    # Errors  Last Runtime    Last Run
----------------------------------  -----  ---------  --------  ----------  --------------  -------------------
/opt/airflow/dags/etl_api_to_bi.py                           1           0  0.27s           2025-09-15T21:08:19
================================================================================
[2025-09-15T23:08:56.834+0200] {manager.py:878} INFO - 
================================================================================
DAG File Processing Stats

File Path                           PID    Runtime      # DAGs    # Errors  Last Runtime    Last Run
----------------------------------  -----  ---------  --------  ----------  --------------  -------------------
/opt/airflow/dags/etl_api_to_bi.py                           1           0  0.29s           2025-09-15T21:08:51
================================================================================
[2025-09-15T23:09:24.657+0200] {manager.py:878} INFO - 
================================================================================
DAG File Processing Stats

File Path                           PID    Runtime      # DAGs    # Errors  Last Runtime    Last Run
----------------------------------  -----  ---------  --------  ----------  --------------  -------------------
/opt/airflow/dags/etl_api_to_bi.py                           1           0  0.30s           2025-09-15T21:09:21
================================================================================
[2025-09-15T23:09:52.632+0200] {manager.py:878} INFO - 
================================================================================
DAG File Processing Stats

File Path                             PID  Runtime      # DAGs    # Errors  Last Runtime    Last Run
----------------------------------  -----  ---------  --------  ----------  --------------  -------------------
/opt/airflow/dags/etl_api_to_bi.py    307  0.04s             1           0  0.30s           2025-09-15T21:09:21
================================================================================
[2025-09-15T23:10:20.473+0200] {manager.py:878} INFO - 
================================================================================
DAG File Processing Stats

File Path                           PID    Runtime      # DAGs    # Errors  Last Runtime    Last Run
----------------------------------  -----  ---------  --------  ----------  --------------  -------------------
/opt/airflow/dags/etl_api_to_bi.py                           1           0  0.70s           2025-09-15T21:09:53
================================================================================
[2025-09-15T23:10:48.448+0200] {manager.py:878} INFO - 
================================================================================
DAG File Processing Stats

File Path                           PID    Runtime      # DAGs    # Errors  Last Runtime    Last Run
----------------------------------  -----  ---------  --------  ----------  --------------  -------------------
/opt/airflow/dags/etl_api_to_bi.py                           1           0  1.21s           2025-09-15T21:10:24
================================================================================
[2025-09-15T23:11:04.143+0200] {manager.py:737} INFO - Searching for files in /opt/airflow/dags
[2025-09-15T23:11:04.187+0200] {manager.py:740} INFO - There are 1 files in /opt/airflow/dags
[2025-09-15T23:11:16.577+0200] {manager.py:878} INFO - 
================================================================================
DAG File Processing Stats

File Path                           PID    Runtime      # DAGs    # Errors  Last Runtime    Last Run
----------------------------------  -----  ---------  --------  ----------  --------------  -------------------
/opt/airflow/dags/etl_api_to_bi.py                           1           0  0.30s           2025-09-15T21:10:55
================================================================================
[2025-09-15T23:12:59.925+0200] {manager.py:470} INFO - Processing files using up to 2 processes at a time 
[2025-09-15T23:12:59.933+0200] {manager.py:471} INFO - Process each file at most once every 30 seconds
[2025-09-15T23:12:59.939+0200] {manager.py:472} INFO - Checking for new files in /opt/airflow/dags every 300 seconds
[2025-09-15T23:12:59.965+0200] {manager.py:737} INFO - Searching for files in /opt/airflow/dags
[2025-09-15T23:13:00.123+0200] {manager.py:740} INFO - There are 1 files in /opt/airflow/dags
[2025-09-15T23:13:01.143+0200] {manager.py:878} INFO - 
================================================================================
DAG File Processing Stats

File Path                             PID  Runtime      # DAGs    # Errors  Last Runtime    Last Run
----------------------------------  -----  ---------  --------  ----------  --------------  ----------
/opt/airflow/dags/etl_api_to_bi.py    173  0.13s             0           0
================================================================================
[2025-09-15T23:13:28.596+0200] {manager.py:878} INFO - 
================================================================================
DAG File Processing Stats

File Path                           PID    Runtime      # DAGs    # Errors  Last Runtime    Last Run
----------------------------------  -----  ---------  --------  ----------  --------------  -------------------
/opt/airflow/dags/etl_api_to_bi.py                           1           0  1.04s           2025-09-15T21:13:02
================================================================================
[2025-09-15T23:13:56.282+0200] {manager.py:878} INFO - 
================================================================================
DAG File Processing Stats

File Path                           PID    Runtime      # DAGs    # Errors  Last Runtime    Last Run
----------------------------------  -----  ---------  --------  ----------  --------------  -------------------
/opt/airflow/dags/etl_api_to_bi.py                           1           0  0.25s           2025-09-15T21:13:32
================================================================================
[2025-09-15T23:14:24.255+0200] {manager.py:878} INFO - 
================================================================================
DAG File Processing Stats

File Path                           PID    Runtime      # DAGs    # Errors  Last Runtime    Last Run
----------------------------------  -----  ---------  --------  ----------  --------------  -------------------
/opt/airflow/dags/etl_api_to_bi.py                           1           0  0.25s           2025-09-15T21:14:03
================================================================================
[2025-09-15T23:14:51.929+0200] {manager.py:878} INFO - 
================================================================================
DAG File Processing Stats

File Path                           PID    Runtime      # DAGs    # Errors  Last Runtime    Last Run
----------------------------------  -----  ---------  --------  ----------  --------------  -------------------
/opt/airflow/dags/etl_api_to_bi.py                           1           0  0.60s           2025-09-15T21:14:34
================================================================================
[2025-09-15T23:15:19.246+0200] {manager.py:878} INFO - 
================================================================================
DAG File Processing Stats

File Path                           PID    Runtime      # DAGs    # Errors  Last Runtime    Last Run
----------------------------------  -----  ---------  --------  ----------  --------------  -------------------
/opt/airflow/dags/etl_api_to_bi.py                           1           0  0.55s           2025-09-15T21:15:05
================================================================================
[2025-09-15T23:15:46.943+0200] {manager.py:878} INFO - 
================================================================================
DAG File Processing Stats

File Path                           PID    Runtime      # DAGs    # Errors  Last Runtime    Last Run
----------------------------------  -----  ---------  --------  ----------  --------------  -------------------
/opt/airflow/dags/etl_api_to_bi.py                           1           0  1.39s           2025-09-15T21:15:37
================================================================================
[2025-09-15T23:16:14.702+0200] {manager.py:878} INFO - 
================================================================================
DAG File Processing Stats

File Path                           PID    Runtime      # DAGs    # Errors  Last Runtime    Last Run
----------------------------------  -----  ---------  --------  ----------  --------------  -------------------
/opt/airflow/dags/etl_api_to_bi.py                           1           0  0.32s           2025-09-15T21:16:07
================================================================================
[2025-09-15T23:16:42.536+0200] {manager.py:878} INFO - 
================================================================================
DAG File Processing Stats

File Path                           PID    Runtime      # DAGs    # Errors  Last Runtime    Last Run
----------------------------------  -----  ---------  --------  ----------  --------------  -------------------
/opt/airflow/dags/etl_api_to_bi.py                           1           0  0.31s           2025-09-15T21:16:38
================================================================================
[2025-09-15T23:17:10.434+0200] {manager.py:878} INFO - 
================================================================================
DAG File Processing Stats

File Path                           PID    Runtime      # DAGs    # Errors  Last Runtime    Last Run
----------------------------------  -----  ---------  --------  ----------  --------------  -------------------
/opt/airflow/dags/etl_api_to_bi.py                           1           0  0.42s           2025-09-15T21:17:09
================================================================================
[2025-09-15T23:17:38.086+0200] {manager.py:878} INFO - 
================================================================================
DAG File Processing Stats

File Path                           PID    Runtime      # DAGs    # Errors  Last Runtime    Last Run
----------------------------------  -----  ---------  --------  ----------  --------------  -------------------
/opt/airflow/dags/etl_api_to_bi.py                           1           0  0.42s           2025-09-15T21:17:09
================================================================================
[2025-09-15T23:18:00.026+0200] {manager.py:737} INFO - Searching for files in /opt/airflow/dags
[2025-09-15T23:18:00.135+0200] {manager.py:740} INFO - There are 1 files in /opt/airflow/dags
[2025-09-15T23:18:05.422+0200] {manager.py:878} INFO - 
================================================================================
DAG File Processing Stats

File Path                           PID    Runtime      # DAGs    # Errors  Last Runtime    Last Run
----------------------------------  -----  ---------  --------  ----------  --------------  -------------------
/opt/airflow/dags/etl_api_to_bi.py                           1           0  0.63s           2025-09-15T21:17:40
================================================================================
[2025-09-15T23:36:55.511+0200] {manager.py:470} INFO - Processing files using up to 2 processes at a time 
[2025-09-15T23:36:55.513+0200] {manager.py:471} INFO - Process each file at most once every 30 seconds
[2025-09-15T23:36:55.514+0200] {manager.py:472} INFO - Checking for new files in /opt/airflow/dags every 300 seconds
[2025-09-15T23:36:55.516+0200] {manager.py:737} INFO - Searching for files in /opt/airflow/dags
[2025-09-15T23:36:55.658+0200] {manager.py:740} INFO - There are 1 files in /opt/airflow/dags
[2025-09-15T23:36:55.996+0200] {manager.py:878} INFO - 
================================================================================
DAG File Processing Stats

File Path                             PID  Runtime      # DAGs    # Errors  Last Runtime    Last Run
----------------------------------  -----  ---------  --------  ----------  --------------  ----------
/opt/airflow/dags/etl_api_to_bi.py    172  0.10s             0           0
================================================================================
[2025-09-15T23:37:23.454+0200] {manager.py:878} INFO - 
================================================================================
DAG File Processing Stats

File Path                           PID    Runtime      # DAGs    # Errors  Last Runtime    Last Run
----------------------------------  -----  ---------  --------  ----------  --------------  -------------------
/opt/airflow/dags/etl_api_to_bi.py                           1           0  0.96s           2025-09-15T21:36:56
================================================================================
[2025-09-15T23:37:51.213+0200] {manager.py:878} INFO - 
================================================================================
DAG File Processing Stats

File Path                           PID    Runtime      # DAGs    # Errors  Last Runtime    Last Run
----------------------------------  -----  ---------  --------  ----------  --------------  -------------------
/opt/airflow/dags/etl_api_to_bi.py                           1           0  0.28s           2025-09-15T21:37:27
================================================================================
[2025-09-15T23:38:18.981+0200] {manager.py:878} INFO - 
================================================================================
DAG File Processing Stats

File Path                           PID    Runtime      # DAGs    # Errors  Last Runtime    Last Run
----------------------------------  -----  ---------  --------  ----------  --------------  -------------------
/opt/airflow/dags/etl_api_to_bi.py                           1           0  0.26s           2025-09-15T21:37:57
================================================================================
[2025-09-15T23:38:46.660+0200] {manager.py:878} INFO - 
================================================================================
DAG File Processing Stats

File Path                           PID    Runtime      # DAGs    # Errors  Last Runtime    Last Run
----------------------------------  -----  ---------  --------  ----------  --------------  -------------------
/opt/airflow/dags/etl_api_to_bi.py                           1           0  0.78s           2025-09-15T21:38:29
================================================================================
[2025-09-15T23:39:13.444+0200] {manager.py:878} INFO - 
================================================================================
DAG File Processing Stats

File Path                           PID    Runtime      # DAGs    # Errors  Last Runtime    Last Run
----------------------------------  -----  ---------  --------  ----------  --------------  -------------------
/opt/airflow/dags/etl_api_to_bi.py                           1           0  0.73s           2025-09-15T21:39:00
================================================================================
[2025-09-15T23:39:39.502+0200] {manager.py:878} INFO - 
================================================================================
DAG File Processing Stats

File Path                           PID    Runtime      # DAGs    # Errors  Last Runtime    Last Run
----------------------------------  -----  ---------  --------  ----------  --------------  -------------------
/opt/airflow/dags/etl_api_to_bi.py                           1           0  0.24s           2025-09-15T21:39:31
================================================================================
[2025-09-15T23:40:07.367+0200] {manager.py:878} INFO - 
================================================================================
DAG File Processing Stats

File Path                           PID    Runtime      # DAGs    # Errors  Last Runtime    Last Run
----------------------------------  -----  ---------  --------  ----------  --------------  -------------------
/opt/airflow/dags/etl_api_to_bi.py                           1           0  0.30s           2025-09-15T21:40:02
================================================================================
[2025-09-15T23:40:35.204+0200] {manager.py:878} INFO - 
================================================================================
DAG File Processing Stats

File Path                           PID    Runtime      # DAGs    # Errors  Last Runtime    Last Run
----------------------------------  -----  ---------  --------  ----------  --------------  -------------------
/opt/airflow/dags/etl_api_to_bi.py                           1           0  0.32s           2025-09-15T21:40:33
================================================================================
[2025-09-15T23:41:02.950+0200] {manager.py:878} INFO - 
================================================================================
DAG File Processing Stats

File Path                           PID    Runtime      # DAGs    # Errors  Last Runtime    Last Run
----------------------------------  -----  ---------  --------  ----------  --------------  -------------------
/opt/airflow/dags/etl_api_to_bi.py                           1           0  0.32s           2025-09-15T21:40:33
================================================================================
[2025-09-15T23:41:30.650+0200] {manager.py:878} INFO - 
================================================================================
DAG File Processing Stats

File Path                           PID    Runtime      # DAGs    # Errors  Last Runtime    Last Run
----------------------------------  -----  ---------  --------  ----------  --------------  -------------------
/opt/airflow/dags/etl_api_to_bi.py                           1           0  0.31s           2025-09-15T21:41:04
================================================================================
[2025-09-15T23:41:56.042+0200] {manager.py:737} INFO - Searching for files in /opt/airflow/dags
[2025-09-15T23:41:56.079+0200] {manager.py:740} INFO - There are 1 files in /opt/airflow/dags
[2025-09-15T23:41:58.541+0200] {manager.py:878} INFO - 
================================================================================
DAG File Processing Stats

File Path                           PID    Runtime      # DAGs    # Errors  Last Runtime    Last Run
----------------------------------  -----  ---------  --------  ----------  --------------  -------------------
/opt/airflow/dags/etl_api_to_bi.py                           1           0  0.22s           2025-09-15T21:41:34
================================================================================
[2025-09-15T23:42:26.349+0200] {manager.py:878} INFO - 
================================================================================
DAG File Processing Stats

File Path                           PID    Runtime      # DAGs    # Errors  Last Runtime    Last Run
----------------------------------  -----  ---------  --------  ----------  --------------  -------------------
/opt/airflow/dags/etl_api_to_bi.py                           1           0  0.34s           2025-09-15T21:42:06
================================================================================
[2025-09-15T23:42:54.151+0200] {manager.py:878} INFO - 
================================================================================
DAG File Processing Stats

File Path                           PID    Runtime      # DAGs    # Errors  Last Runtime    Last Run
----------------------------------  -----  ---------  --------  ----------  --------------  -------------------
/opt/airflow/dags/etl_api_to_bi.py                           1           0  0.38s           2025-09-15T21:42:36
================================================================================
[2025-09-15T23:43:22.118+0200] {manager.py:878} INFO - 
================================================================================
DAG File Processing Stats

File Path                           PID    Runtime      # DAGs    # Errors  Last Runtime    Last Run
----------------------------------  -----  ---------  --------  ----------  --------------  -------------------
/opt/airflow/dags/etl_api_to_bi.py                           1           0  0.29s           2025-09-15T21:43:07
================================================================================
[2025-09-15T23:43:49.897+0200] {manager.py:878} INFO - 
================================================================================
DAG File Processing Stats

File Path                           PID    Runtime      # DAGs    # Errors  Last Runtime    Last Run
----------------------------------  -----  ---------  --------  ----------  --------------  -------------------
/opt/airflow/dags/etl_api_to_bi.py                           1           0  0.33s           2025-09-15T21:43:38
================================================================================
[2025-09-15T23:44:17.903+0200] {manager.py:878} INFO - 
================================================================================
DAG File Processing Stats

File Path                           PID    Runtime      # DAGs    # Errors  Last Runtime    Last Run
----------------------------------  -----  ---------  --------  ----------  --------------  -------------------
/opt/airflow/dags/etl_api_to_bi.py                           1           0  0.24s           2025-09-15T21:44:09
================================================================================
[2025-09-15T23:44:46.339+0200] {manager.py:878} INFO - 
================================================================================
DAG File Processing Stats

File Path                           PID    Runtime      # DAGs    # Errors  Last Runtime    Last Run
----------------------------------  -----  ---------  --------  ----------  --------------  -------------------
/opt/airflow/dags/etl_api_to_bi.py                           1           0  0.33s           2025-09-15T21:44:40
================================================================================
[2025-09-15T23:45:15.532+0200] {manager.py:878} INFO - 
================================================================================
DAG File Processing Stats

File Path                           PID    Runtime      # DAGs    # Errors  Last Runtime    Last Run
----------------------------------  -----  ---------  --------  ----------  --------------  -------------------
/opt/airflow/dags/etl_api_to_bi.py                           1           0  0.35s           2025-09-15T21:45:11
================================================================================
[2025-09-15T23:45:45.083+0200] {manager.py:878} INFO - 
================================================================================
DAG File Processing Stats

File Path                           PID    Runtime      # DAGs    # Errors  Last Runtime    Last Run
----------------------------------  -----  ---------  --------  ----------  --------------  -------------------
/opt/airflow/dags/etl_api_to_bi.py                           1           0  0.38s           2025-09-15T21:45:42
================================================================================
[2025-09-15T23:46:13.966+0200] {manager.py:878} INFO - 
================================================================================
DAG File Processing Stats

File Path                           PID    Runtime      # DAGs    # Errors  Last Runtime    Last Run
----------------------------------  -----  ---------  --------  ----------  --------------  -------------------
/opt/airflow/dags/etl_api_to_bi.py                           1           0  0.30s           2025-09-15T21:46:12
================================================================================
[2025-09-15T23:46:42.463+0200] {manager.py:878} INFO - 
================================================================================
DAG File Processing Stats

File Path                           PID    Runtime      # DAGs    # Errors  Last Runtime    Last Run
----------------------------------  -----  ---------  --------  ----------  --------------  -------------------
/opt/airflow/dags/etl_api_to_bi.py                           1           0  0.30s           2025-09-15T21:46:12
================================================================================
[2025-09-15T23:46:56.850+0200] {manager.py:737} INFO - Searching for files in /opt/airflow/dags
[2025-09-15T23:46:56.887+0200] {manager.py:740} INFO - There are 1 files in /opt/airflow/dags
[2025-09-15T23:47:10.823+0200] {manager.py:878} INFO - 
================================================================================
DAG File Processing Stats

File Path                           PID    Runtime      # DAGs    # Errors  Last Runtime    Last Run
----------------------------------  -----  ---------  --------  ----------  --------------  -------------------
/opt/airflow/dags/etl_api_to_bi.py                           1           0  0.35s           2025-09-15T21:46:43
================================================================================
[2025-09-15T23:47:39.093+0200] {manager.py:878} INFO - 
================================================================================
DAG File Processing Stats

File Path                           PID    Runtime      # DAGs    # Errors  Last Runtime    Last Run
----------------------------------  -----  ---------  --------  ----------  --------------  -------------------
/opt/airflow/dags/etl_api_to_bi.py                           1           0  0.75s           2025-09-15T21:47:15
================================================================================
[2025-09-15T23:48:06.983+0200] {manager.py:878} INFO - 
================================================================================
DAG File Processing Stats

File Path                           PID    Runtime      # DAGs    # Errors  Last Runtime    Last Run
----------------------------------  -----  ---------  --------  ----------  --------------  -------------------
/opt/airflow/dags/etl_api_to_bi.py                           1           0  0.35s           2025-09-15T21:47:46
================================================================================
[2025-09-15T23:48:35.093+0200] {manager.py:878} INFO - 
================================================================================
DAG File Processing Stats

File Path                           PID    Runtime      # DAGs    # Errors  Last Runtime    Last Run
----------------------------------  -----  ---------  --------  ----------  --------------  -------------------
/opt/airflow/dags/etl_api_to_bi.py                           1           0  0.30s           2025-09-15T21:48:16
================================================================================
[2025-09-15T23:49:02.812+0200] {manager.py:878} INFO - 
================================================================================
DAG File Processing Stats

File Path                           PID    Runtime      # DAGs    # Errors  Last Runtime    Last Run
----------------------------------  -----  ---------  --------  ----------  --------------  -------------------
/opt/airflow/dags/etl_api_to_bi.py                           1           0  0.48s           2025-09-15T21:48:47
================================================================================
[2025-09-15T23:49:30.894+0200] {manager.py:878} INFO - 
================================================================================
DAG File Processing Stats

File Path                           PID    Runtime      # DAGs    # Errors  Last Runtime    Last Run
----------------------------------  -----  ---------  --------  ----------  --------------  -------------------
/opt/airflow/dags/etl_api_to_bi.py                           1           0  0.36s           2025-09-15T21:49:18
================================================================================
[2025-09-15T23:49:59.085+0200] {manager.py:878} INFO - 
================================================================================
DAG File Processing Stats

File Path                           PID    Runtime      # DAGs    # Errors  Last Runtime    Last Run
----------------------------------  -----  ---------  --------  ----------  --------------  -------------------
/opt/airflow/dags/etl_api_to_bi.py                           1           0  0.26s           2025-09-15T21:49:48
================================================================================
[2025-09-15T23:50:26.821+0200] {manager.py:878} INFO - 
================================================================================
DAG File Processing Stats

File Path                           PID    Runtime      # DAGs    # Errors  Last Runtime    Last Run
----------------------------------  -----  ---------  --------  ----------  --------------  -------------------
/opt/airflow/dags/etl_api_to_bi.py                           1           0  -1.44s          2025-09-15T21:50:16
================================================================================
[2025-09-15T23:50:54.721+0200] {manager.py:878} INFO - 
================================================================================
DAG File Processing Stats

File Path                           PID    Runtime      # DAGs    # Errors  Last Runtime    Last Run
----------------------------------  -----  ---------  --------  ----------  --------------  -------------------
/opt/airflow/dags/etl_api_to_bi.py                           1           0  0.34s           2025-09-15T21:50:47
================================================================================
[2025-09-15T23:51:22.573+0200] {manager.py:878} INFO - 
================================================================================
DAG File Processing Stats

File Path                           PID    Runtime      # DAGs    # Errors  Last Runtime    Last Run
----------------------------------  -----  ---------  --------  ----------  --------------  -------------------
/opt/airflow/dags/etl_api_to_bi.py                           1           0  0.24s           2025-09-15T21:51:18
================================================================================
[2025-09-16T00:55:41.871+0200] {manager.py:470} INFO - Processing files using up to 2 processes at a time 
[2025-09-16T00:55:41.872+0200] {manager.py:471} INFO - Process each file at most once every 30 seconds
[2025-09-16T00:55:41.873+0200] {manager.py:472} INFO - Checking for new files in /opt/airflow/dags every 300 seconds
[2025-09-16T00:55:41.875+0200] {manager.py:737} INFO - Searching for files in /opt/airflow/dags
[2025-09-16T00:55:41.901+0200] {manager.py:740} INFO - There are 1 files in /opt/airflow/dags
[2025-09-16T00:55:42.188+0200] {manager.py:878} INFO - 
================================================================================
DAG File Processing Stats

File Path                             PID  Runtime      # DAGs    # Errors  Last Runtime    Last Run
----------------------------------  -----  ---------  --------  ----------  --------------  ----------
/opt/airflow/dags/etl_api_to_bi.py    172  0.08s             0           0
================================================================================
[2025-09-16T00:56:12.397+0200] {manager.py:878} INFO - 
================================================================================
DAG File Processing Stats

File Path                           PID    Runtime      # DAGs    # Errors  Last Runtime    Last Run
----------------------------------  -----  ---------  --------  ----------  --------------  -------------------
/opt/airflow/dags/etl_api_to_bi.py                           1           0  0.68s           2025-09-15T22:55:42
================================================================================
[2025-09-16T00:56:42.497+0200] {manager.py:878} INFO - 
================================================================================
DAG File Processing Stats

File Path                           PID    Runtime      # DAGs    # Errors  Last Runtime    Last Run
----------------------------------  -----  ---------  --------  ----------  --------------  -------------------
/opt/airflow/dags/etl_api_to_bi.py                           1           0  0.24s           2025-09-15T22:56:13
================================================================================
[2025-09-16T00:57:12.703+0200] {manager.py:878} INFO - 
================================================================================
DAG File Processing Stats

File Path                           PID    Runtime      # DAGs    # Errors  Last Runtime    Last Run
----------------------------------  -----  ---------  --------  ----------  --------------  -------------------
/opt/airflow/dags/etl_api_to_bi.py                           1           0  0.34s           2025-09-15T22:56:43
================================================================================
[2025-09-16T00:57:43.111+0200] {manager.py:878} INFO - 
================================================================================
DAG File Processing Stats

File Path                           PID    Runtime      # DAGs    # Errors  Last Runtime    Last Run
----------------------------------  -----  ---------  --------  ----------  --------------  -------------------
/opt/airflow/dags/etl_api_to_bi.py                           1           0  0.44s           2025-09-15T22:57:14
================================================================================
[2025-09-16T00:58:13.306+0200] {manager.py:878} INFO - 
================================================================================
DAG File Processing Stats

File Path                           PID    Runtime      # DAGs    # Errors  Last Runtime    Last Run
----------------------------------  -----  ---------  --------  ----------  --------------  -------------------
/opt/airflow/dags/etl_api_to_bi.py                           1           0  0.90s           2025-09-15T22:57:45
================================================================================
[2025-09-16T00:58:43.640+0200] {manager.py:878} INFO - 
================================================================================
DAG File Processing Stats

File Path                           PID    Runtime      # DAGs    # Errors  Last Runtime    Last Run
----------------------------------  -----  ---------  --------  ----------  --------------  -------------------
/opt/airflow/dags/etl_api_to_bi.py                           1           0  0.49s           2025-09-15T22:58:16
================================================================================
[2025-09-16T00:59:14.120+0200] {manager.py:878} INFO - 
================================================================================
DAG File Processing Stats

File Path                           PID    Runtime      # DAGs    # Errors  Last Runtime    Last Run
----------------------------------  -----  ---------  --------  ----------  --------------  -------------------
/opt/airflow/dags/etl_api_to_bi.py                           1           0  0.34s           2025-09-15T22:58:47
================================================================================
[2025-09-16T00:59:44.379+0200] {manager.py:878} INFO - 
================================================================================
DAG File Processing Stats

File Path                           PID    Runtime      # DAGs    # Errors  Last Runtime    Last Run
----------------------------------  -----  ---------  --------  ----------  --------------  -------------------
/opt/airflow/dags/etl_api_to_bi.py                           1           0  0.26s           2025-09-15T22:59:17
================================================================================
[2025-09-16T01:00:14.788+0200] {manager.py:878} INFO - 
================================================================================
DAG File Processing Stats

File Path                           PID    Runtime      # DAGs    # Errors  Last Runtime    Last Run
----------------------------------  -----  ---------  --------  ----------  --------------  -------------------
/opt/airflow/dags/etl_api_to_bi.py                           1           0  0.24s           2025-09-15T22:59:47
================================================================================
[2025-09-16T01:00:42.229+0200] {manager.py:737} INFO - Searching for files in /opt/airflow/dags
[2025-09-16T01:00:42.274+0200] {manager.py:740} INFO - There are 1 files in /opt/airflow/dags
[2025-09-16T01:00:45.321+0200] {manager.py:878} INFO - 
================================================================================
DAG File Processing Stats

File Path                           PID    Runtime      # DAGs    # Errors  Last Runtime    Last Run
----------------------------------  -----  ---------  --------  ----------  --------------  -------------------
/opt/airflow/dags/etl_api_to_bi.py                           1           0  0.25s           2025-09-15T23:00:18
================================================================================
[2025-09-16T01:01:15.655+0200] {manager.py:878} INFO - 
================================================================================
DAG File Processing Stats

File Path                           PID    Runtime      # DAGs    # Errors  Last Runtime    Last Run
----------------------------------  -----  ---------  --------  ----------  --------------  -------------------
/opt/airflow/dags/etl_api_to_bi.py                           1           0  0.25s           2025-09-15T23:00:48
================================================================================
[2025-09-16T01:01:45.928+0200] {manager.py:878} INFO - 
================================================================================
DAG File Processing Stats

File Path                           PID    Runtime      # DAGs    # Errors  Last Runtime    Last Run
----------------------------------  -----  ---------  --------  ----------  --------------  -------------------
/opt/airflow/dags/etl_api_to_bi.py                           1           0  0.26s           2025-09-15T23:01:18
================================================================================
[2025-09-16T01:02:16.410+0200] {manager.py:878} INFO - 
================================================================================
DAG File Processing Stats

File Path                           PID    Runtime      # DAGs    # Errors  Last Runtime    Last Run
----------------------------------  -----  ---------  --------  ----------  --------------  -------------------
/opt/airflow/dags/etl_api_to_bi.py                           1           0  0.25s           2025-09-15T23:01:49
================================================================================
[2025-09-16T01:02:46.938+0200] {manager.py:878} INFO - 
================================================================================
DAG File Processing Stats

File Path                           PID    Runtime      # DAGs    # Errors  Last Runtime    Last Run
----------------------------------  -----  ---------  --------  ----------  --------------  -------------------
/opt/airflow/dags/etl_api_to_bi.py                           1           0  0.32s           2025-09-15T23:02:19
================================================================================
[2025-09-16T01:03:17.239+0200] {manager.py:878} INFO - 
================================================================================
DAG File Processing Stats

File Path                           PID    Runtime      # DAGs    # Errors  Last Runtime    Last Run
----------------------------------  -----  ---------  --------  ----------  --------------  -------------------
/opt/airflow/dags/etl_api_to_bi.py                           1           0  0.27s           2025-09-15T23:02:50
================================================================================
[2025-09-16T01:03:47.648+0200] {manager.py:878} INFO - 
================================================================================
DAG File Processing Stats

File Path                           PID    Runtime      # DAGs    # Errors  Last Runtime    Last Run
----------------------------------  -----  ---------  --------  ----------  --------------  -------------------
/opt/airflow/dags/etl_api_to_bi.py                           1           0  0.44s           2025-09-15T23:03:20
================================================================================
[2025-09-16T01:04:17.734+0200] {manager.py:878} INFO - 
================================================================================
DAG File Processing Stats

File Path                           PID    Runtime      # DAGs    # Errors  Last Runtime    Last Run
----------------------------------  -----  ---------  --------  ----------  --------------  -------------------
/opt/airflow/dags/etl_api_to_bi.py                           1           0  0.57s           2025-09-15T23:03:51
================================================================================
[2025-09-16T01:04:47.957+0200] {manager.py:878} INFO - 
================================================================================
DAG File Processing Stats

File Path                           PID    Runtime      # DAGs    # Errors  Last Runtime    Last Run
----------------------------------  -----  ---------  --------  ----------  --------------  -------------------
/opt/airflow/dags/etl_api_to_bi.py                           1           0  0.27s           2025-09-15T23:04:22
================================================================================
[2025-09-16T01:05:18.426+0200] {manager.py:878} INFO - 
================================================================================
DAG File Processing Stats

File Path                           PID    Runtime      # DAGs    # Errors  Last Runtime    Last Run
----------------------------------  -----  ---------  --------  ----------  --------------  -------------------
/opt/airflow/dags/etl_api_to_bi.py                           1           0  0.27s           2025-09-15T23:04:52
================================================================================
[2025-09-16T01:05:42.865+0200] {manager.py:737} INFO - Searching for files in /opt/airflow/dags
[2025-09-16T01:05:42.904+0200] {manager.py:740} INFO - There are 1 files in /opt/airflow/dags
[2025-09-16T01:05:48.971+0200] {manager.py:878} INFO - 
================================================================================
DAG File Processing Stats

File Path                           PID    Runtime      # DAGs    # Errors  Last Runtime    Last Run
----------------------------------  -----  ---------  --------  ----------  --------------  -------------------
/opt/airflow/dags/etl_api_to_bi.py                           1           0  0.27s           2025-09-15T23:05:23
================================================================================
[2025-09-16T01:06:19.358+0200] {manager.py:878} INFO - 
================================================================================
DAG File Processing Stats

File Path                           PID    Runtime      # DAGs    # Errors  Last Runtime    Last Run
----------------------------------  -----  ---------  --------  ----------  --------------  -------------------
/opt/airflow/dags/etl_api_to_bi.py                           1           0  0.33s           2025-09-15T23:05:53
================================================================================
[2025-09-16T01:06:49.940+0200] {manager.py:878} INFO - 
================================================================================
DAG File Processing Stats

File Path                           PID    Runtime      # DAGs    # Errors  Last Runtime    Last Run
----------------------------------  -----  ---------  --------  ----------  --------------  -------------------
/opt/airflow/dags/etl_api_to_bi.py                           1           0  0.31s           2025-09-15T23:06:24
================================================================================
[2025-09-16T01:07:20.537+0200] {manager.py:878} INFO - 
================================================================================
DAG File Processing Stats

File Path                           PID    Runtime      # DAGs    # Errors  Last Runtime    Last Run
----------------------------------  -----  ---------  --------  ----------  --------------  -------------------
/opt/airflow/dags/etl_api_to_bi.py                           1           0  0.27s           2025-09-15T23:06:54
================================================================================
[2025-09-16T01:07:51.061+0200] {manager.py:878} INFO - 
================================================================================
DAG File Processing Stats

File Path                           PID    Runtime      # DAGs    # Errors  Last Runtime    Last Run
----------------------------------  -----  ---------  --------  ----------  --------------  -------------------
/opt/airflow/dags/etl_api_to_bi.py                           1           0  0.38s           2025-09-15T23:07:25
================================================================================
[2025-09-16T01:08:21.674+0200] {manager.py:878} INFO - 
================================================================================
DAG File Processing Stats

File Path                           PID    Runtime      # DAGs    # Errors  Last Runtime    Last Run
----------------------------------  -----  ---------  --------  ----------  --------------  -------------------
/opt/airflow/dags/etl_api_to_bi.py                           1           0  0.36s           2025-09-15T23:07:55
================================================================================
[2025-09-16T01:08:52.228+0200] {manager.py:878} INFO - 
================================================================================
DAG File Processing Stats

File Path                           PID    Runtime      # DAGs    # Errors  Last Runtime    Last Run
----------------------------------  -----  ---------  --------  ----------  --------------  -------------------
/opt/airflow/dags/etl_api_to_bi.py                           1           0  0.23s           2025-09-15T23:08:26
================================================================================
[2025-09-16T01:09:22.698+0200] {manager.py:878} INFO - 
================================================================================
DAG File Processing Stats

File Path                           PID    Runtime      # DAGs    # Errors  Last Runtime    Last Run
----------------------------------  -----  ---------  --------  ----------  --------------  -------------------
/opt/airflow/dags/etl_api_to_bi.py                           1           0  0.34s           2025-09-15T23:08:56
================================================================================
[2025-09-16T01:09:53.366+0200] {manager.py:878} INFO - 
================================================================================
DAG File Processing Stats

File Path                           PID    Runtime      # DAGs    # Errors  Last Runtime    Last Run
----------------------------------  -----  ---------  --------  ----------  --------------  -------------------
/opt/airflow/dags/etl_api_to_bi.py                           1           0  0.24s           2025-09-15T23:09:27
================================================================================
[2025-09-16T01:10:23.755+0200] {manager.py:878} INFO - 
================================================================================
DAG File Processing Stats

File Path                           PID    Runtime      # DAGs    # Errors  Last Runtime    Last Run
----------------------------------  -----  ---------  --------  ----------  --------------  -------------------
/opt/airflow/dags/etl_api_to_bi.py                           1           0  0.24s           2025-09-15T23:09:57
================================================================================
[2025-09-16T01:10:42.980+0200] {manager.py:737} INFO - Searching for files in /opt/airflow/dags
[2025-09-16T01:10:43.014+0200] {manager.py:740} INFO - There are 1 files in /opt/airflow/dags
[2025-09-16T01:10:54.318+0200] {manager.py:878} INFO - 
================================================================================
DAG File Processing Stats

File Path                           PID    Runtime      # DAGs    # Errors  Last Runtime    Last Run
----------------------------------  -----  ---------  --------  ----------  --------------  -------------------
/opt/airflow/dags/etl_api_to_bi.py                           1           0  0.30s           2025-09-15T23:10:28
================================================================================
[2025-09-16T01:11:24.711+0200] {manager.py:878} INFO - 
================================================================================
DAG File Processing Stats

File Path                           PID    Runtime      # DAGs    # Errors  Last Runtime    Last Run
----------------------------------  -----  ---------  --------  ----------  --------------  -------------------
/opt/airflow/dags/etl_api_to_bi.py                           1           0  0.26s           2025-09-15T23:10:58
================================================================================
[2025-09-16T01:11:55.050+0200] {manager.py:878} INFO - 
================================================================================
DAG File Processing Stats

File Path                           PID    Runtime      # DAGs    # Errors  Last Runtime    Last Run
----------------------------------  -----  ---------  --------  ----------  --------------  -------------------
/opt/airflow/dags/etl_api_to_bi.py                           1           0  0.54s           2025-09-15T23:11:29
================================================================================
[2025-09-16T01:12:25.095+0200] {manager.py:878} INFO - 
================================================================================
DAG File Processing Stats

File Path                           PID    Runtime      # DAGs    # Errors  Last Runtime    Last Run
----------------------------------  -----  ---------  --------  ----------  --------------  -------------------
/opt/airflow/dags/etl_api_to_bi.py                           1           0  0.38s           2025-09-15T23:11:59
================================================================================
[2025-09-16T01:12:55.382+0200] {manager.py:878} INFO - 
================================================================================
DAG File Processing Stats

File Path                           PID    Runtime      # DAGs    # Errors  Last Runtime    Last Run
----------------------------------  -----  ---------  --------  ----------  --------------  -------------------
/opt/airflow/dags/etl_api_to_bi.py                           1           0  0.25s           2025-09-15T23:12:30
================================================================================
[2025-09-16T01:13:25.804+0200] {manager.py:878} INFO - 
================================================================================
DAG File Processing Stats

File Path                           PID    Runtime      # DAGs    # Errors  Last Runtime    Last Run
----------------------------------  -----  ---------  --------  ----------  --------------  -------------------
/opt/airflow/dags/etl_api_to_bi.py                           1           0  0.29s           2025-09-15T23:13:00
================================================================================
[2025-09-16T01:13:56.127+0200] {manager.py:878} INFO - 
================================================================================
DAG File Processing Stats

File Path                           PID    Runtime      # DAGs    # Errors  Last Runtime    Last Run
----------------------------------  -----  ---------  --------  ----------  --------------  -------------------
/opt/airflow/dags/etl_api_to_bi.py                           1           0  0.30s           2025-09-15T23:13:31
================================================================================
[2025-09-16T01:14:26.571+0200] {manager.py:878} INFO - 
================================================================================
DAG File Processing Stats

File Path                           PID    Runtime      # DAGs    # Errors  Last Runtime    Last Run
----------------------------------  -----  ---------  --------  ----------  --------------  -------------------
/opt/airflow/dags/etl_api_to_bi.py                           1           0  0.33s           2025-09-15T23:14:01
================================================================================
[2025-09-16T01:14:57.227+0200] {manager.py:878} INFO - 
================================================================================
DAG File Processing Stats

File Path                           PID    Runtime      # DAGs    # Errors  Last Runtime    Last Run
----------------------------------  -----  ---------  --------  ----------  --------------  -------------------
/opt/airflow/dags/etl_api_to_bi.py                           1           0  0.36s           2025-09-15T23:14:32
================================================================================
[2025-09-16T01:15:27.460+0200] {manager.py:878} INFO - 
================================================================================
DAG File Processing Stats

File Path                           PID    Runtime      # DAGs    # Errors  Last Runtime    Last Run
----------------------------------  -----  ---------  --------  ----------  --------------  -------------------
/opt/airflow/dags/etl_api_to_bi.py                           1           0  0.88s           2025-09-15T23:15:03
================================================================================
[2025-09-16T01:15:43.767+0200] {manager.py:737} INFO - Searching for files in /opt/airflow/dags
[2025-09-16T01:15:43.798+0200] {manager.py:740} INFO - There are 1 files in /opt/airflow/dags
[2025-09-16T01:15:57.912+0200] {manager.py:878} INFO - 
================================================================================
DAG File Processing Stats

File Path                           PID    Runtime      # DAGs    # Errors  Last Runtime    Last Run
----------------------------------  -----  ---------  --------  ----------  --------------  -------------------
/opt/airflow/dags/etl_api_to_bi.py                           1           0  0.37s           2025-09-15T23:15:33
================================================================================
[2025-09-16T01:16:28.178+0200] {manager.py:878} INFO - 
================================================================================
DAG File Processing Stats

File Path                           PID    Runtime      # DAGs    # Errors  Last Runtime    Last Run
----------------------------------  -----  ---------  --------  ----------  --------------  -------------------
/opt/airflow/dags/etl_api_to_bi.py                           1           0  0.20s           2025-09-15T23:16:04
================================================================================
[2025-09-16T01:16:58.501+0200] {manager.py:878} INFO - 
================================================================================
DAG File Processing Stats

File Path                           PID    Runtime      # DAGs    # Errors  Last Runtime    Last Run
----------------------------------  -----  ---------  --------  ----------  --------------  -------------------
/opt/airflow/dags/etl_api_to_bi.py                           1           0  0.32s           2025-09-15T23:16:34
================================================================================
[2025-09-16T01:17:28.957+0200] {manager.py:878} INFO - 
================================================================================
DAG File Processing Stats

File Path                           PID    Runtime      # DAGs    # Errors  Last Runtime    Last Run
----------------------------------  -----  ---------  --------  ----------  --------------  -------------------
/opt/airflow/dags/etl_api_to_bi.py                           1           0  0.31s           2025-09-15T23:17:05
================================================================================
[2025-09-16T01:17:59.610+0200] {manager.py:878} INFO - 
================================================================================
DAG File Processing Stats

File Path                           PID    Runtime      # DAGs    # Errors  Last Runtime    Last Run
----------------------------------  -----  ---------  --------  ----------  --------------  -------------------
/opt/airflow/dags/etl_api_to_bi.py                           1           0  0.29s           2025-09-15T23:17:35
================================================================================
[2025-09-16T01:18:29.663+0200] {manager.py:878} INFO - 
================================================================================
DAG File Processing Stats

File Path                           PID    Runtime      # DAGs    # Errors  Last Runtime    Last Run
----------------------------------  -----  ---------  --------  ----------  --------------  -------------------
/opt/airflow/dags/etl_api_to_bi.py                           1           0  0.49s           2025-09-15T23:18:06
================================================================================
[2025-09-16T01:19:00.007+0200] {manager.py:878} INFO - 
================================================================================
DAG File Processing Stats

File Path                           PID    Runtime      # DAGs    # Errors  Last Runtime    Last Run
----------------------------------  -----  ---------  --------  ----------  --------------  -------------------
/opt/airflow/dags/etl_api_to_bi.py                           1           0  0.76s           2025-09-15T23:18:38
================================================================================
[2025-09-16T01:19:30.209+0200] {manager.py:878} INFO - 
================================================================================
DAG File Processing Stats

File Path                           PID    Runtime      # DAGs    # Errors  Last Runtime    Last Run
----------------------------------  -----  ---------  --------  ----------  --------------  -------------------
/opt/airflow/dags/etl_api_to_bi.py                           1           0  0.38s           2025-09-15T23:19:09
================================================================================
[2025-09-16T01:20:00.522+0200] {manager.py:878} INFO - 
================================================================================
DAG File Processing Stats

File Path                           PID    Runtime      # DAGs    # Errors  Last Runtime    Last Run
----------------------------------  -----  ---------  --------  ----------  --------------  -------------------
/opt/airflow/dags/etl_api_to_bi.py                           1           0  0.22s           2025-09-15T23:19:39
================================================================================
[2025-09-16T01:20:30.619+0200] {manager.py:878} INFO - 
================================================================================
DAG File Processing Stats

File Path                           PID    Runtime      # DAGs    # Errors  Last Runtime    Last Run
----------------------------------  -----  ---------  --------  ----------  --------------  -------------------
/opt/airflow/dags/etl_api_to_bi.py                           1           0  0.68s           2025-09-15T23:20:10
================================================================================
[2025-09-16T01:20:43.868+0200] {manager.py:737} INFO - Searching for files in /opt/airflow/dags
[2025-09-16T01:20:43.922+0200] {manager.py:740} INFO - There are 1 files in /opt/airflow/dags
[2025-09-16T01:21:00.692+0200] {manager.py:878} INFO - 
================================================================================
DAG File Processing Stats

File Path                           PID    Runtime      # DAGs    # Errors  Last Runtime    Last Run
----------------------------------  -----  ---------  --------  ----------  --------------  -------------------
/opt/airflow/dags/etl_api_to_bi.py                           1           0  0.30s           2025-09-15T23:20:40
================================================================================
[2025-09-16T01:21:31.274+0200] {manager.py:878} INFO - 
================================================================================
DAG File Processing Stats

File Path                           PID    Runtime      # DAGs    # Errors  Last Runtime    Last Run
----------------------------------  -----  ---------  --------  ----------  --------------  -------------------
/opt/airflow/dags/etl_api_to_bi.py                           1           0  0.29s           2025-09-15T23:21:11
================================================================================
[2025-09-16T01:22:01.822+0200] {manager.py:878} INFO - 
================================================================================
DAG File Processing Stats

File Path                           PID    Runtime      # DAGs    # Errors  Last Runtime    Last Run
----------------------------------  -----  ---------  --------  ----------  --------------  -------------------
/opt/airflow/dags/etl_api_to_bi.py                           1           0  0.31s           2025-09-15T23:21:41
================================================================================
[2025-09-16T01:22:32.351+0200] {manager.py:878} INFO - 
================================================================================
DAG File Processing Stats

File Path                           PID    Runtime      # DAGs    # Errors  Last Runtime    Last Run
----------------------------------  -----  ---------  --------  ----------  --------------  -------------------
/opt/airflow/dags/etl_api_to_bi.py                           1           0  0.35s           2025-09-15T23:22:12
================================================================================
[2025-09-16T01:23:02.917+0200] {manager.py:878} INFO - 
================================================================================
DAG File Processing Stats

File Path                           PID    Runtime      # DAGs    # Errors  Last Runtime    Last Run
----------------------------------  -----  ---------  --------  ----------  --------------  -------------------
/opt/airflow/dags/etl_api_to_bi.py                           1           0  0.34s           2025-09-15T23:22:43
================================================================================
[2025-09-16T01:23:33.443+0200] {manager.py:878} INFO - 
================================================================================
DAG File Processing Stats

File Path                           PID    Runtime      # DAGs    # Errors  Last Runtime    Last Run
----------------------------------  -----  ---------  --------  ----------  --------------  -------------------
/opt/airflow/dags/etl_api_to_bi.py                           1           0  0.26s           2025-09-15T23:23:13
================================================================================
[2025-09-16T01:24:03.945+0200] {manager.py:878} INFO - 
================================================================================
DAG File Processing Stats

File Path                           PID    Runtime      # DAGs    # Errors  Last Runtime    Last Run
----------------------------------  -----  ---------  --------  ----------  --------------  -------------------
/opt/airflow/dags/etl_api_to_bi.py                           1           0  0.41s           2025-09-15T23:23:44
================================================================================
[2025-09-16T01:24:34.527+0200] {manager.py:878} INFO - 
================================================================================
DAG File Processing Stats

File Path                           PID    Runtime      # DAGs    # Errors  Last Runtime    Last Run
----------------------------------  -----  ---------  --------  ----------  --------------  -------------------
/opt/airflow/dags/etl_api_to_bi.py                           1           0  0.26s           2025-09-15T23:24:14
================================================================================
[2025-09-16T01:25:05.033+0200] {manager.py:878} INFO - 
================================================================================
DAG File Processing Stats

File Path                           PID    Runtime      # DAGs    # Errors  Last Runtime    Last Run
----------------------------------  -----  ---------  --------  ----------  --------------  -------------------
/opt/airflow/dags/etl_api_to_bi.py                           1           0  0.23s           2025-09-15T23:24:45
================================================================================
[2025-09-16T01:25:35.423+0200] {manager.py:878} INFO - 
================================================================================
DAG File Processing Stats

File Path                           PID    Runtime      # DAGs    # Errors  Last Runtime    Last Run
----------------------------------  -----  ---------  --------  ----------  --------------  -------------------
/opt/airflow/dags/etl_api_to_bi.py                           1           0  0.21s           2025-09-15T23:25:15
================================================================================
[2025-09-16T01:25:44.497+0200] {manager.py:737} INFO - Searching for files in /opt/airflow/dags
[2025-09-16T01:25:44.523+0200] {manager.py:740} INFO - There are 1 files in /opt/airflow/dags
[2025-09-16T01:26:05.793+0200] {manager.py:878} INFO - 
================================================================================
DAG File Processing Stats

File Path                           PID    Runtime      # DAGs    # Errors  Last Runtime    Last Run
----------------------------------  -----  ---------  --------  ----------  --------------  -------------------
/opt/airflow/dags/etl_api_to_bi.py                           1           0  0.26s           2025-09-15T23:25:45
================================================================================
[2025-09-16T01:26:24.449+0200] {manager.py:452} INFO - Exiting gracefully upon receiving signal 15
[2025-09-16T17:00:11.544+0200] {manager.py:470} INFO - Processing files using up to 2 processes at a time 
[2025-09-16T17:00:11.546+0200] {manager.py:471} INFO - Process each file at most once every 30 seconds
[2025-09-16T17:00:11.548+0200] {manager.py:472} INFO - Checking for new files in /opt/airflow/dags every 300 seconds
[2025-09-16T17:00:11.549+0200] {manager.py:737} INFO - Searching for files in /opt/airflow/dags
[2025-09-16T17:00:11.579+0200] {manager.py:740} INFO - There are 1 files in /opt/airflow/dags
[2025-09-16T17:00:12.004+0200] {manager.py:878} INFO - 
================================================================================
DAG File Processing Stats

File Path                             PID  Runtime      # DAGs    # Errors  Last Runtime    Last Run
----------------------------------  -----  ---------  --------  ----------  --------------  ----------
/opt/airflow/dags/etl_api_to_bi.py    171  0.25s             0           0
================================================================================
[2025-09-16T17:00:40.797+0200] {manager.py:878} INFO - 
================================================================================
DAG File Processing Stats

File Path                           PID    Runtime      # DAGs    # Errors  Last Runtime    Last Run
----------------------------------  -----  ---------  --------  ----------  --------------  -------------------
/opt/airflow/dags/etl_api_to_bi.py                           1           0  1.00s           2025-09-16T15:00:12
================================================================================
[2025-09-16T17:01:10.264+0200] {manager.py:878} INFO - 
================================================================================
DAG File Processing Stats

File Path                           PID    Runtime      # DAGs    # Errors  Last Runtime    Last Run
----------------------------------  -----  ---------  --------  ----------  --------------  -------------------
/opt/airflow/dags/etl_api_to_bi.py                           1           0  1.10s           2025-09-16T15:00:43
================================================================================
[2025-09-16T17:01:39.508+0200] {manager.py:878} INFO - 
================================================================================
DAG File Processing Stats

File Path                           PID    Runtime      # DAGs    # Errors  Last Runtime    Last Run
----------------------------------  -----  ---------  --------  ----------  --------------  -------------------
/opt/airflow/dags/etl_api_to_bi.py                           1           0  0.37s           2025-09-16T15:01:14
================================================================================
[2025-09-16T17:02:07.490+0200] {manager.py:878} INFO - 
================================================================================
DAG File Processing Stats

File Path                           PID    Runtime      # DAGs    # Errors  Last Runtime    Last Run
----------------------------------  -----  ---------  --------  ----------  --------------  -------------------
/opt/airflow/dags/etl_api_to_bi.py                           1           0  0.41s           2025-09-16T15:01:44
================================================================================
[2025-09-16T17:02:36.806+0200] {manager.py:878} INFO - 
================================================================================
DAG File Processing Stats

File Path                           PID    Runtime      # DAGs    # Errors  Last Runtime    Last Run
----------------------------------  -----  ---------  --------  ----------  --------------  -------------------
/opt/airflow/dags/etl_api_to_bi.py                           1           0  0.44s           2025-09-16T15:02:16
================================================================================
[2025-09-16T17:03:05.618+0200] {manager.py:878} INFO - 
================================================================================
DAG File Processing Stats

File Path                           PID    Runtime      # DAGs    # Errors  Last Runtime    Last Run
----------------------------------  -----  ---------  --------  ----------  --------------  -------------------
/opt/airflow/dags/etl_api_to_bi.py                           1           0  0.80s           2025-09-16T15:02:47
================================================================================
[2025-09-16T17:03:34.545+0200] {manager.py:878} INFO - 
================================================================================
DAG File Processing Stats

File Path                           PID    Runtime      # DAGs    # Errors  Last Runtime    Last Run
----------------------------------  -----  ---------  --------  ----------  --------------  -------------------
/opt/airflow/dags/etl_api_to_bi.py                           1           0  0.69s           2025-09-16T15:03:18
================================================================================
[2025-09-16T17:04:03.613+0200] {manager.py:878} INFO - 
================================================================================
DAG File Processing Stats

File Path                           PID    Runtime      # DAGs    # Errors  Last Runtime    Last Run
----------------------------------  -----  ---------  --------  ----------  --------------  -------------------
/opt/airflow/dags/etl_api_to_bi.py                           1           0  0.43s           2025-09-16T15:03:49
================================================================================
[2025-09-16T17:04:32.615+0200] {manager.py:878} INFO - 
================================================================================
DAG File Processing Stats

File Path                           PID    Runtime      # DAGs    # Errors  Last Runtime    Last Run
----------------------------------  -----  ---------  --------  ----------  --------------  -------------------
/opt/airflow/dags/etl_api_to_bi.py                           1           0  0.28s           2025-09-16T15:04:20
================================================================================
[2025-09-16T17:05:01.825+0200] {manager.py:878} INFO - 
================================================================================
DAG File Processing Stats

File Path                           PID    Runtime      # DAGs    # Errors  Last Runtime    Last Run
----------------------------------  -----  ---------  --------  ----------  --------------  -------------------
/opt/airflow/dags/etl_api_to_bi.py                           1           0  0.25s           2025-09-16T15:04:51
================================================================================
[2025-09-16T17:05:11.914+0200] {manager.py:737} INFO - Searching for files in /opt/airflow/dags
[2025-09-16T17:05:11.949+0200] {manager.py:740} INFO - There are 1 files in /opt/airflow/dags
[2025-09-16T17:05:30.973+0200] {manager.py:878} INFO - 
================================================================================
DAG File Processing Stats

File Path                           PID    Runtime      # DAGs    # Errors  Last Runtime    Last Run
----------------------------------  -----  ---------  --------  ----------  --------------  -------------------
/opt/airflow/dags/etl_api_to_bi.py                           1           0  0.35s           2025-09-16T15:05:21
================================================================================
[2025-09-16T17:05:59.988+0200] {manager.py:878} INFO - 
================================================================================
DAG File Processing Stats

File Path                           PID    Runtime      # DAGs    # Errors  Last Runtime    Last Run
----------------------------------  -----  ---------  --------  ----------  --------------  -------------------
/opt/airflow/dags/etl_api_to_bi.py                           1           0  1.28s           2025-09-16T15:05:53
================================================================================
[2025-09-16T17:06:29.350+0200] {manager.py:878} INFO - 
================================================================================
DAG File Processing Stats

File Path                           PID    Runtime      # DAGs    # Errors  Last Runtime    Last Run
----------------------------------  -----  ---------  --------  ----------  --------------  -------------------
/opt/airflow/dags/etl_api_to_bi.py                           1           0  1.22s           2025-09-16T15:06:24
================================================================================
[2025-09-16T17:06:58.725+0200] {manager.py:878} INFO - 
================================================================================
DAG File Processing Stats

File Path                           PID    Runtime      # DAGs    # Errors  Last Runtime    Last Run
----------------------------------  -----  ---------  --------  ----------  --------------  -------------------
/opt/airflow/dags/etl_api_to_bi.py                           1           0  0.31s           2025-09-16T15:06:55
================================================================================
[2025-09-16T17:07:27.838+0200] {manager.py:878} INFO - 
================================================================================
DAG File Processing Stats

File Path                           PID    Runtime      # DAGs    # Errors  Last Runtime    Last Run
----------------------------------  -----  ---------  --------  ----------  --------------  -------------------
/opt/airflow/dags/etl_api_to_bi.py                           1           0  0.21s           2025-09-16T15:07:26
================================================================================
[2025-09-16T17:07:57.066+0200] {manager.py:878} INFO - 
================================================================================
DAG File Processing Stats

File Path                           PID    Runtime      # DAGs    # Errors  Last Runtime    Last Run
----------------------------------  -----  ---------  --------  ----------  --------------  -------------------
/opt/airflow/dags/etl_api_to_bi.py                           1           0  0.22s           2025-09-16T15:07:56
================================================================================
[2025-09-16T17:08:26.069+0200] {manager.py:878} INFO - 
================================================================================
DAG File Processing Stats

File Path                           PID    Runtime      # DAGs    # Errors  Last Runtime    Last Run
----------------------------------  -----  ---------  --------  ----------  --------------  -------------------
/opt/airflow/dags/etl_api_to_bi.py                           1           0  0.22s           2025-09-16T15:07:56
================================================================================
[2025-09-16T17:08:55.197+0200] {manager.py:878} INFO - 
================================================================================
DAG File Processing Stats

File Path                           PID    Runtime      # DAGs    # Errors  Last Runtime    Last Run
----------------------------------  -----  ---------  --------  ----------  --------------  -------------------
/opt/airflow/dags/etl_api_to_bi.py                           1           0  0.22s           2025-09-16T15:08:27
================================================================================
[2025-09-16T17:09:24.233+0200] {manager.py:878} INFO - 
================================================================================
DAG File Processing Stats

File Path                           PID    Runtime      # DAGs    # Errors  Last Runtime    Last Run
----------------------------------  -----  ---------  --------  ----------  --------------  -------------------
/opt/airflow/dags/etl_api_to_bi.py                           1           0  0.26s           2025-09-16T15:08:58
================================================================================
[2025-09-16T17:09:53.382+0200] {manager.py:878} INFO - 
================================================================================
DAG File Processing Stats

File Path                           PID    Runtime      # DAGs    # Errors  Last Runtime    Last Run
----------------------------------  -----  ---------  --------  ----------  --------------  -------------------
/opt/airflow/dags/etl_api_to_bi.py                           1           0  0.21s           2025-09-16T15:09:29
================================================================================
[2025-09-16T17:10:12.580+0200] {manager.py:737} INFO - Searching for files in /opt/airflow/dags
[2025-09-16T17:10:12.609+0200] {manager.py:740} INFO - There are 1 files in /opt/airflow/dags
[2025-09-16T17:10:22.484+0200] {manager.py:878} INFO - 
================================================================================
DAG File Processing Stats

File Path                           PID    Runtime      # DAGs    # Errors  Last Runtime    Last Run
----------------------------------  -----  ---------  --------  ----------  --------------  -------------------
/opt/airflow/dags/etl_api_to_bi.py                           1           0  0.21s           2025-09-16T15:10:00
================================================================================
[2025-09-16T17:10:51.629+0200] {manager.py:878} INFO - 
================================================================================
DAG File Processing Stats

File Path                           PID    Runtime      # DAGs    # Errors  Last Runtime    Last Run
----------------------------------  -----  ---------  --------  ----------  --------------  -------------------
/opt/airflow/dags/etl_api_to_bi.py                           1           0  0.20s           2025-09-16T15:10:30
================================================================================
[2025-09-16T17:11:20.824+0200] {manager.py:878} INFO - 
================================================================================
DAG File Processing Stats

File Path                           PID    Runtime      # DAGs    # Errors  Last Runtime    Last Run
----------------------------------  -----  ---------  --------  ----------  --------------  -------------------
/opt/airflow/dags/etl_api_to_bi.py                           1           0  0.21s           2025-09-16T15:11:01
================================================================================
[2025-09-16T17:11:49.845+0200] {manager.py:878} INFO - 
================================================================================
DAG File Processing Stats

File Path                           PID    Runtime      # DAGs    # Errors  Last Runtime    Last Run
----------------------------------  -----  ---------  --------  ----------  --------------  -------------------
/opt/airflow/dags/etl_api_to_bi.py                           1           0  0.22s           2025-09-16T15:11:33
================================================================================
[2025-09-16T17:12:19.006+0200] {manager.py:878} INFO - 
================================================================================
DAG File Processing Stats

File Path                           PID    Runtime      # DAGs    # Errors  Last Runtime    Last Run
----------------------------------  -----  ---------  --------  ----------  --------------  -------------------
/opt/airflow/dags/etl_api_to_bi.py                           1           0  0.25s           2025-09-16T15:12:04
================================================================================
[2025-09-16T17:12:47.984+0200] {manager.py:878} INFO - 
================================================================================
DAG File Processing Stats

File Path                           PID    Runtime      # DAGs    # Errors  Last Runtime    Last Run
----------------------------------  -----  ---------  --------  ----------  --------------  -------------------
/opt/airflow/dags/etl_api_to_bi.py                           1           0  0.28s           2025-09-16T15:12:35
================================================================================
[2025-09-16T17:13:17.170+0200] {manager.py:878} INFO - 
================================================================================
DAG File Processing Stats

File Path                           PID    Runtime      # DAGs    # Errors  Last Runtime    Last Run
----------------------------------  -----  ---------  --------  ----------  --------------  -------------------
/opt/airflow/dags/etl_api_to_bi.py                           1           0  0.25s           2025-09-16T15:13:06
================================================================================
[2025-09-16T17:13:46.264+0200] {manager.py:878} INFO - 
================================================================================
DAG File Processing Stats

File Path                           PID    Runtime      # DAGs    # Errors  Last Runtime    Last Run
----------------------------------  -----  ---------  --------  ----------  --------------  -------------------
/opt/airflow/dags/etl_api_to_bi.py                           1           0  0.20s           2025-09-16T15:13:37
================================================================================
[2025-09-16T17:14:15.390+0200] {manager.py:878} INFO - 
================================================================================
DAG File Processing Stats

File Path                           PID    Runtime      # DAGs    # Errors  Last Runtime    Last Run
----------------------------------  -----  ---------  --------  ----------  --------------  -------------------
/opt/airflow/dags/etl_api_to_bi.py                           1           0  0.25s           2025-09-16T15:14:08
================================================================================
[2025-09-16T17:14:44.530+0200] {manager.py:878} INFO - 
================================================================================
DAG File Processing Stats

File Path                           PID    Runtime      # DAGs    # Errors  Last Runtime    Last Run
----------------------------------  -----  ---------  --------  ----------  --------------  -------------------
/opt/airflow/dags/etl_api_to_bi.py                           1           0  0.24s           2025-09-16T15:14:39
================================================================================
[2025-09-16T17:15:12.646+0200] {manager.py:737} INFO - Searching for files in /opt/airflow/dags
[2025-09-16T17:15:12.678+0200] {manager.py:740} INFO - There are 1 files in /opt/airflow/dags
[2025-09-16T17:15:13.709+0200] {manager.py:878} INFO - 
================================================================================
DAG File Processing Stats

File Path                           PID    Runtime      # DAGs    # Errors  Last Runtime    Last Run
----------------------------------  -----  ---------  --------  ----------  --------------  -------------------
/opt/airflow/dags/etl_api_to_bi.py                           1           0  0.30s           2025-09-16T15:15:10
================================================================================
[2025-09-16T17:15:42.730+0200] {manager.py:878} INFO - 
================================================================================
DAG File Processing Stats

File Path                           PID    Runtime      # DAGs    # Errors  Last Runtime    Last Run
----------------------------------  -----  ---------  --------  ----------  --------------  -------------------
/opt/airflow/dags/etl_api_to_bi.py                           1           0  0.23s           2025-09-16T15:15:41
================================================================================
[2025-09-16T17:16:11.671+0200] {manager.py:878} INFO - 
================================================================================
DAG File Processing Stats

File Path                           PID    Runtime      # DAGs    # Errors  Last Runtime    Last Run
----------------------------------  -----  ---------  --------  ----------  --------------  -------------------
/opt/airflow/dags/etl_api_to_bi.py                           1           0  0.23s           2025-09-16T15:15:41
================================================================================
[2025-09-16T17:16:40.779+0200] {manager.py:878} INFO - 
================================================================================
DAG File Processing Stats

File Path                           PID    Runtime      # DAGs    # Errors  Last Runtime    Last Run
----------------------------------  -----  ---------  --------  ----------  --------------  -------------------
/opt/airflow/dags/etl_api_to_bi.py                           1           0  0.22s           2025-09-16T15:16:12
================================================================================
[2025-09-16T17:17:09.744+0200] {manager.py:878} INFO - 
================================================================================
DAG File Processing Stats

File Path                           PID    Runtime      # DAGs    # Errors  Last Runtime    Last Run
----------------------------------  -----  ---------  --------  ----------  --------------  -------------------
/opt/airflow/dags/etl_api_to_bi.py                           1           0  0.21s           2025-09-16T15:16:44
================================================================================
[2025-09-16T17:17:38.910+0200] {manager.py:878} INFO - 
================================================================================
DAG File Processing Stats

File Path                           PID    Runtime      # DAGs    # Errors  Last Runtime    Last Run
----------------------------------  -----  ---------  --------  ----------  --------------  -------------------
/opt/airflow/dags/etl_api_to_bi.py                           1           0  0.21s           2025-09-16T15:17:15
================================================================================
[2025-09-16T17:18:07.992+0200] {manager.py:878} INFO - 
================================================================================
DAG File Processing Stats

File Path                           PID    Runtime      # DAGs    # Errors  Last Runtime    Last Run
----------------------------------  -----  ---------  --------  ----------  --------------  -------------------
/opt/airflow/dags/etl_api_to_bi.py                           1           0  0.20s           2025-09-16T15:17:46
================================================================================
[2025-09-16T17:18:37.045+0200] {manager.py:878} INFO - 
================================================================================
DAG File Processing Stats

File Path                           PID    Runtime      # DAGs    # Errors  Last Runtime    Last Run
----------------------------------  -----  ---------  --------  ----------  --------------  -------------------
/opt/airflow/dags/etl_api_to_bi.py                           1           0  0.20s           2025-09-16T15:18:17
================================================================================
[2025-09-16T17:19:06.137+0200] {manager.py:878} INFO - 
================================================================================
DAG File Processing Stats

File Path                           PID    Runtime      # DAGs    # Errors  Last Runtime    Last Run
----------------------------------  -----  ---------  --------  ----------  --------------  -------------------
/opt/airflow/dags/etl_api_to_bi.py                           1           0  0.23s           2025-09-16T15:18:48
================================================================================
[2025-09-16T17:19:35.209+0200] {manager.py:878} INFO - 
================================================================================
DAG File Processing Stats

File Path                           PID    Runtime      # DAGs    # Errors  Last Runtime    Last Run
----------------------------------  -----  ---------  --------  ----------  --------------  -------------------
/opt/airflow/dags/etl_api_to_bi.py                           1           0  0.21s           2025-09-16T15:19:19
================================================================================
[2025-09-16T17:20:04.333+0200] {manager.py:878} INFO - 
================================================================================
DAG File Processing Stats

File Path                           PID    Runtime      # DAGs    # Errors  Last Runtime    Last Run
----------------------------------  -----  ---------  --------  ----------  --------------  -------------------
/opt/airflow/dags/etl_api_to_bi.py                           1           0  0.20s           2025-09-16T15:19:50
================================================================================
[2025-09-16T17:20:13.425+0200] {manager.py:737} INFO - Searching for files in /opt/airflow/dags
[2025-09-16T17:20:13.453+0200] {manager.py:740} INFO - There are 1 files in /opt/airflow/dags
[2025-09-16T17:20:33.388+0200] {manager.py:878} INFO - 
================================================================================
DAG File Processing Stats

File Path                           PID    Runtime      # DAGs    # Errors  Last Runtime    Last Run
----------------------------------  -----  ---------  --------  ----------  --------------  -------------------
/opt/airflow/dags/etl_api_to_bi.py                           1           0  0.20s           2025-09-16T15:20:21
================================================================================
[2025-09-16T17:21:02.502+0200] {manager.py:878} INFO - 
================================================================================
DAG File Processing Stats

File Path                           PID    Runtime      # DAGs    # Errors  Last Runtime    Last Run
----------------------------------  -----  ---------  --------  ----------  --------------  -------------------
/opt/airflow/dags/etl_api_to_bi.py                           1           0  0.20s           2025-09-16T15:20:52
================================================================================
[2025-09-16T17:21:31.506+0200] {manager.py:878} INFO - 
================================================================================
DAG File Processing Stats

File Path                           PID    Runtime      # DAGs    # Errors  Last Runtime    Last Run
----------------------------------  -----  ---------  --------  ----------  --------------  -------------------
/opt/airflow/dags/etl_api_to_bi.py                           1           0  0.22s           2025-09-16T15:21:23
================================================================================
[2025-09-16T17:22:00.575+0200] {manager.py:878} INFO - 
================================================================================
DAG File Processing Stats

File Path                           PID    Runtime      # DAGs    # Errors  Last Runtime    Last Run
----------------------------------  -----  ---------  --------  ----------  --------------  -------------------
/opt/airflow/dags/etl_api_to_bi.py                           1           0  0.21s           2025-09-16T15:21:54
================================================================================
[2025-09-16T17:22:29.585+0200] {manager.py:878} INFO - 
================================================================================
DAG File Processing Stats

File Path                           PID    Runtime      # DAGs    # Errors  Last Runtime    Last Run
----------------------------------  -----  ---------  --------  ----------  --------------  -------------------
/opt/airflow/dags/etl_api_to_bi.py                           1           0  0.23s           2025-09-16T15:22:25
================================================================================
[2025-09-16T17:22:58.693+0200] {manager.py:878} INFO - 
================================================================================
DAG File Processing Stats

File Path                           PID    Runtime      # DAGs    # Errors  Last Runtime    Last Run
----------------------------------  -----  ---------  --------  ----------  --------------  -------------------
/opt/airflow/dags/etl_api_to_bi.py                           1           0  0.26s           2025-09-16T15:22:56
================================================================================
[2025-09-16T17:23:27.720+0200] {manager.py:878} INFO - 
================================================================================
DAG File Processing Stats

File Path                             PID  Runtime      # DAGs    # Errors  Last Runtime    Last Run
----------------------------------  -----  ---------  --------  ----------  --------------  -------------------
/opt/airflow/dags/etl_api_to_bi.py    519  0.01s             1           0  0.26s           2025-09-16T15:22:56
================================================================================
[2025-09-16T17:23:56.819+0200] {manager.py:878} INFO - 
================================================================================
DAG File Processing Stats

File Path                           PID    Runtime      # DAGs    # Errors  Last Runtime    Last Run
----------------------------------  -----  ---------  --------  ----------  --------------  -------------------
/opt/airflow/dags/etl_api_to_bi.py                           1           0  0.26s           2025-09-16T15:23:27
================================================================================
[2025-09-16T17:24:25.940+0200] {manager.py:878} INFO - 
================================================================================
DAG File Processing Stats

File Path                           PID    Runtime      # DAGs    # Errors  Last Runtime    Last Run
----------------------------------  -----  ---------  --------  ----------  --------------  -------------------
/opt/airflow/dags/etl_api_to_bi.py                           1           0  0.42s           2025-09-16T15:23:59
================================================================================
[2025-09-16T17:24:55.207+0200] {manager.py:878} INFO - 
================================================================================
DAG File Processing Stats

File Path                           PID    Runtime      # DAGs    # Errors  Last Runtime    Last Run
----------------------------------  -----  ---------  --------  ----------  --------------  -------------------
/opt/airflow/dags/etl_api_to_bi.py                           1           0  0.34s           2025-09-16T15:24:29
================================================================================
[2025-09-16T17:25:14.099+0200] {manager.py:737} INFO - Searching for files in /opt/airflow/dags
[2025-09-16T17:25:14.141+0200] {manager.py:740} INFO - There are 1 files in /opt/airflow/dags
[2025-09-16T17:25:24.271+0200] {manager.py:878} INFO - 
================================================================================
DAG File Processing Stats

File Path                           PID    Runtime      # DAGs    # Errors  Last Runtime    Last Run
----------------------------------  -----  ---------  --------  ----------  --------------  -------------------
/opt/airflow/dags/etl_api_to_bi.py                           1           0  0.22s           2025-09-16T15:25:00
================================================================================
[2025-09-16T17:25:53.266+0200] {manager.py:878} INFO - 
================================================================================
DAG File Processing Stats

File Path                           PID    Runtime      # DAGs    # Errors  Last Runtime    Last Run
----------------------------------  -----  ---------  --------  ----------  --------------  -------------------
/opt/airflow/dags/etl_api_to_bi.py                           1           0  0.24s           2025-09-16T15:25:31
================================================================================
[2025-09-16T17:26:22.364+0200] {manager.py:878} INFO - 
================================================================================
DAG File Processing Stats

File Path                           PID    Runtime      # DAGs    # Errors  Last Runtime    Last Run
----------------------------------  -----  ---------  --------  ----------  --------------  -------------------
/opt/airflow/dags/etl_api_to_bi.py                           1           0  0.24s           2025-09-16T15:26:02
================================================================================
[2025-09-16T17:26:51.408+0200] {manager.py:878} INFO - 
================================================================================
DAG File Processing Stats

File Path                           PID    Runtime      # DAGs    # Errors  Last Runtime    Last Run
----------------------------------  -----  ---------  --------  ----------  --------------  -------------------
/opt/airflow/dags/etl_api_to_bi.py                           1           0  0.26s           2025-09-16T15:26:33
================================================================================
[2025-09-16T17:27:20.230+0200] {manager.py:878} INFO - 
================================================================================
DAG File Processing Stats

File Path                           PID    Runtime      # DAGs    # Errors  Last Runtime    Last Run
----------------------------------  -----  ---------  --------  ----------  --------------  -------------------
/opt/airflow/dags/etl_api_to_bi.py                           1           0  0.77s           2025-09-16T15:27:05
================================================================================
[2025-09-16T17:27:49.332+0200] {manager.py:878} INFO - 
================================================================================
DAG File Processing Stats

File Path                           PID    Runtime      # DAGs    # Errors  Last Runtime    Last Run
----------------------------------  -----  ---------  --------  ----------  --------------  -------------------
/opt/airflow/dags/etl_api_to_bi.py                           1           0  0.27s           2025-09-16T15:27:35
================================================================================
[2025-09-16T17:28:18.635+0200] {manager.py:878} INFO - 
================================================================================
DAG File Processing Stats

File Path                           PID    Runtime      # DAGs    # Errors  Last Runtime    Last Run
----------------------------------  -----  ---------  --------  ----------  --------------  -------------------
/opt/airflow/dags/etl_api_to_bi.py                           1           0  0.27s           2025-09-16T15:28:06
================================================================================
[2025-09-16T17:28:47.788+0200] {manager.py:878} INFO - 
================================================================================
DAG File Processing Stats

File Path                           PID    Runtime      # DAGs    # Errors  Last Runtime    Last Run
----------------------------------  -----  ---------  --------  ----------  --------------  -------------------
/opt/airflow/dags/etl_api_to_bi.py                           1           0  0.37s           2025-09-16T15:28:36
================================================================================
[2025-09-16T17:29:16.473+0200] {manager.py:878} INFO - 
================================================================================
DAG File Processing Stats

File Path                           PID    Runtime      # DAGs    # Errors  Last Runtime    Last Run
----------------------------------  -----  ---------  --------  ----------  --------------  -------------------
/opt/airflow/dags/etl_api_to_bi.py                           1           0  0.58s           2025-09-16T15:29:08
================================================================================
[2025-09-16T17:29:45.519+0200] {manager.py:878} INFO - 
================================================================================
DAG File Processing Stats

File Path                           PID    Runtime      # DAGs    # Errors  Last Runtime    Last Run
----------------------------------  -----  ---------  --------  ----------  --------------  -------------------
/opt/airflow/dags/etl_api_to_bi.py                           1           0  0.24s           2025-09-16T15:29:38
================================================================================
[2025-09-16T17:30:14.651+0200] {manager.py:737} INFO - Searching for files in /opt/airflow/dags
[2025-09-16T17:30:14.693+0200] {manager.py:740} INFO - There are 1 files in /opt/airflow/dags
[2025-09-16T17:30:14.726+0200] {manager.py:878} INFO - 
================================================================================
DAG File Processing Stats

File Path                           PID    Runtime      # DAGs    # Errors  Last Runtime    Last Run
----------------------------------  -----  ---------  --------  ----------  --------------  -------------------
/opt/airflow/dags/etl_api_to_bi.py                           1           0  0.43s           2025-09-16T15:30:09
================================================================================
[2025-09-16T17:30:43.812+0200] {manager.py:878} INFO - 
================================================================================
DAG File Processing Stats

File Path                           PID    Runtime      # DAGs    # Errors  Last Runtime    Last Run
----------------------------------  -----  ---------  --------  ----------  --------------  -------------------
/opt/airflow/dags/etl_api_to_bi.py                           1           0  0.28s           2025-09-16T15:30:41
================================================================================
[2025-09-16T17:31:12.934+0200] {manager.py:878} INFO - 
================================================================================
DAG File Processing Stats

File Path                           PID    Runtime      # DAGs    # Errors  Last Runtime    Last Run
----------------------------------  -----  ---------  --------  ----------  --------------  -------------------
/opt/airflow/dags/etl_api_to_bi.py                           1           0  0.24s           2025-09-16T15:31:11
================================================================================
[2025-09-16T17:31:42.061+0200] {manager.py:878} INFO - 
================================================================================
DAG File Processing Stats

File Path                             PID  Runtime      # DAGs    # Errors  Last Runtime    Last Run
----------------------------------  -----  ---------  --------  ----------  --------------  -------------------
/opt/airflow/dags/etl_api_to_bi.py    631  0.01s             1           0  0.24s           2025-09-16T15:31:11
================================================================================
[2025-09-16T17:32:10.995+0200] {manager.py:878} INFO - 
================================================================================
DAG File Processing Stats

File Path                           PID    Runtime      # DAGs    # Errors  Last Runtime    Last Run
----------------------------------  -----  ---------  --------  ----------  --------------  -------------------
/opt/airflow/dags/etl_api_to_bi.py                           1           0  0.42s           2025-09-16T15:31:42
================================================================================
[2025-09-16T17:32:39.967+0200] {manager.py:878} INFO - 
================================================================================
DAG File Processing Stats

File Path                           PID    Runtime      # DAGs    # Errors  Last Runtime    Last Run
----------------------------------  -----  ---------  --------  ----------  --------------  -------------------
/opt/airflow/dags/etl_api_to_bi.py                           1           0  0.22s           2025-09-16T15:32:13
================================================================================
[2025-09-16T17:33:09.075+0200] {manager.py:878} INFO - 
================================================================================
DAG File Processing Stats

File Path                           PID    Runtime      # DAGs    # Errors  Last Runtime    Last Run
----------------------------------  -----  ---------  --------  ----------  --------------  -------------------
/opt/airflow/dags/etl_api_to_bi.py                           1           0  0.26s           2025-09-16T15:32:44
================================================================================
[2025-09-16T17:33:38.262+0200] {manager.py:878} INFO - 
================================================================================
DAG File Processing Stats

File Path                           PID    Runtime      # DAGs    # Errors  Last Runtime    Last Run
----------------------------------  -----  ---------  --------  ----------  --------------  -------------------
/opt/airflow/dags/etl_api_to_bi.py                           1           0  0.23s           2025-09-16T15:33:15
================================================================================
[2025-09-16T17:34:07.791+0200] {manager.py:878} INFO - 
================================================================================
DAG File Processing Stats

File Path                           PID    Runtime      # DAGs    # Errors  Last Runtime    Last Run
----------------------------------  -----  ---------  --------  ----------  --------------  -------------------
/opt/airflow/dags/etl_api_to_bi.py                           1           0  1.25s           2025-09-16T15:33:46
================================================================================
[2025-09-16T17:34:36.875+0200] {manager.py:878} INFO - 
================================================================================
DAG File Processing Stats

File Path                           PID    Runtime      # DAGs    # Errors  Last Runtime    Last Run
----------------------------------  -----  ---------  --------  ----------  --------------  -------------------
/opt/airflow/dags/etl_api_to_bi.py                           1           0  0.29s           2025-09-16T15:34:16
================================================================================
[2025-09-16T17:35:05.649+0200] {manager.py:878} INFO - 
================================================================================
DAG File Processing Stats

File Path                           PID    Runtime      # DAGs    # Errors  Last Runtime    Last Run
----------------------------------  -----  ---------  --------  ----------  --------------  -------------------
/opt/airflow/dags/etl_api_to_bi.py                           1           0  0.72s           2025-09-16T15:34:48
================================================================================
[2025-09-16T17:35:14.848+0200] {manager.py:737} INFO - Searching for files in /opt/airflow/dags
[2025-09-16T17:35:14.887+0200] {manager.py:740} INFO - There are 1 files in /opt/airflow/dags
[2025-09-16T17:35:34.711+0200] {manager.py:878} INFO - 
================================================================================
DAG File Processing Stats

File Path                           PID    Runtime      # DAGs    # Errors  Last Runtime    Last Run
----------------------------------  -----  ---------  --------  ----------  --------------  -------------------
/opt/airflow/dags/etl_api_to_bi.py                           1           0  0.32s           2025-09-16T15:35:18
================================================================================
[2025-09-16T17:36:03.941+0200] {manager.py:878} INFO - 
================================================================================
DAG File Processing Stats

File Path                           PID    Runtime      # DAGs    # Errors  Last Runtime    Last Run
----------------------------------  -----  ---------  --------  ----------  --------------  -------------------
/opt/airflow/dags/etl_api_to_bi.py                           1           0  0.33s           2025-09-16T15:35:49
================================================================================
[2025-09-16T17:36:32.908+0200] {manager.py:878} INFO - 
================================================================================
DAG File Processing Stats

File Path                           PID    Runtime      # DAGs    # Errors  Last Runtime    Last Run
----------------------------------  -----  ---------  --------  ----------  --------------  -------------------
/opt/airflow/dags/etl_api_to_bi.py                           1           0  0.21s           2025-09-16T15:36:20
================================================================================
[2025-09-16T17:37:02.034+0200] {manager.py:878} INFO - 
================================================================================
DAG File Processing Stats

File Path                           PID    Runtime      # DAGs    # Errors  Last Runtime    Last Run
----------------------------------  -----  ---------  --------  ----------  --------------  -------------------
/opt/airflow/dags/etl_api_to_bi.py                           1           0  0.25s           2025-09-16T15:36:52
================================================================================
[2025-09-16T17:37:31.084+0200] {manager.py:878} INFO - 
================================================================================
DAG File Processing Stats

File Path                           PID    Runtime      # DAGs    # Errors  Last Runtime    Last Run
----------------------------------  -----  ---------  --------  ----------  --------------  -------------------
/opt/airflow/dags/etl_api_to_bi.py                           1           0  0.35s           2025-09-16T15:37:23
================================================================================
[2025-09-16T17:37:58.942+0200] {manager.py:878} INFO - 
================================================================================
DAG File Processing Stats

File Path                           PID    Runtime      # DAGs    # Errors  Last Runtime    Last Run
----------------------------------  -----  ---------  --------  ----------  --------------  -------------------
/opt/airflow/dags/etl_api_to_bi.py                           1           0  0.31s           2025-09-16T15:37:54
================================================================================
[2025-09-16T17:38:27.932+0200] {manager.py:878} INFO - 
================================================================================
DAG File Processing Stats

File Path                           PID    Runtime      # DAGs    # Errors  Last Runtime    Last Run
----------------------------------  -----  ---------  --------  ----------  --------------  -------------------
/opt/airflow/dags/etl_api_to_bi.py                           1           0  0.43s           2025-09-16T15:38:25
================================================================================
[2025-09-16T17:38:57.020+0200] {manager.py:878} INFO - 
================================================================================
DAG File Processing Stats

File Path                           PID    Runtime      # DAGs    # Errors  Last Runtime    Last Run
----------------------------------  -----  ---------  --------  ----------  --------------  -------------------
/opt/airflow/dags/etl_api_to_bi.py                           1           0  1.05s           2025-09-16T15:38:56
================================================================================
[2025-09-16T17:39:25.974+0200] {manager.py:878} INFO - 
================================================================================
DAG File Processing Stats

File Path                           PID    Runtime      # DAGs    # Errors  Last Runtime    Last Run
----------------------------------  -----  ---------  --------  ----------  --------------  -------------------
/opt/airflow/dags/etl_api_to_bi.py                           1           0  1.05s           2025-09-16T15:38:56
================================================================================
[2025-09-16T17:39:55.039+0200] {manager.py:878} INFO - 
================================================================================
DAG File Processing Stats

File Path                           PID    Runtime      # DAGs    # Errors  Last Runtime    Last Run
----------------------------------  -----  ---------  --------  ----------  --------------  -------------------
/opt/airflow/dags/etl_api_to_bi.py                           1           0  0.29s           2025-09-16T15:39:27
================================================================================
[2025-09-16T17:40:15.019+0200] {manager.py:737} INFO - Searching for files in /opt/airflow/dags
[2025-09-16T17:40:15.486+0200] {manager.py:740} INFO - There are 1 files in /opt/airflow/dags
[2025-09-16T17:40:23.813+0200] {manager.py:878} INFO - 
================================================================================
DAG File Processing Stats

File Path                           PID    Runtime      # DAGs    # Errors  Last Runtime    Last Run
----------------------------------  -----  ---------  --------  ----------  --------------  -------------------
/opt/airflow/dags/etl_api_to_bi.py                           1           0  0.27s           2025-09-16T15:39:58
================================================================================
[2025-09-16T17:40:52.768+0200] {manager.py:878} INFO - 
================================================================================
DAG File Processing Stats

File Path                           PID    Runtime      # DAGs    # Errors  Last Runtime    Last Run
----------------------------------  -----  ---------  --------  ----------  --------------  -------------------
/opt/airflow/dags/etl_api_to_bi.py                           1           0  0.34s           2025-09-16T15:40:29
================================================================================
[2025-09-16T17:41:21.950+0200] {manager.py:878} INFO - 
================================================================================
DAG File Processing Stats

File Path                           PID    Runtime      # DAGs    # Errors  Last Runtime    Last Run
----------------------------------  -----  ---------  --------  ----------  --------------  -------------------
/opt/airflow/dags/etl_api_to_bi.py                           1           0  0.22s           2025-09-16T15:41:00
================================================================================
[2025-09-16T17:41:50.901+0200] {manager.py:878} INFO - 
================================================================================
DAG File Processing Stats

File Path                           PID    Runtime      # DAGs    # Errors  Last Runtime    Last Run
----------------------------------  -----  ---------  --------  ----------  --------------  -------------------
/opt/airflow/dags/etl_api_to_bi.py                           1           0  0.28s           2025-09-16T15:41:31
================================================================================
[2025-09-16T17:42:20.100+0200] {manager.py:878} INFO - 
================================================================================
DAG File Processing Stats

File Path                           PID    Runtime      # DAGs    # Errors  Last Runtime    Last Run
----------------------------------  -----  ---------  --------  ----------  --------------  -------------------
/opt/airflow/dags/etl_api_to_bi.py                           1           0  0.27s           2025-09-16T15:42:02
================================================================================
[2025-09-16T17:42:49.039+0200] {manager.py:878} INFO - 
================================================================================
DAG File Processing Stats

File Path                           PID    Runtime      # DAGs    # Errors  Last Runtime    Last Run
----------------------------------  -----  ---------  --------  ----------  --------------  -------------------
/opt/airflow/dags/etl_api_to_bi.py                           1           0  0.22s           2025-09-16T15:42:33
================================================================================
[2025-09-16T17:43:18.133+0200] {manager.py:878} INFO - 
================================================================================
DAG File Processing Stats

File Path                           PID    Runtime      # DAGs    # Errors  Last Runtime    Last Run
----------------------------------  -----  ---------  --------  ----------  --------------  -------------------
/opt/airflow/dags/etl_api_to_bi.py                           1           0  0.26s           2025-09-16T15:43:04
================================================================================
[2025-09-16T17:43:47.090+0200] {manager.py:878} INFO - 
================================================================================
DAG File Processing Stats

File Path                           PID    Runtime      # DAGs    # Errors  Last Runtime    Last Run
----------------------------------  -----  ---------  --------  ----------  --------------  -------------------
/opt/airflow/dags/etl_api_to_bi.py                           1           0  0.23s           2025-09-16T15:43:35
================================================================================
[2025-09-16T17:44:16.165+0200] {manager.py:878} INFO - 
================================================================================
DAG File Processing Stats

File Path                           PID    Runtime      # DAGs    # Errors  Last Runtime    Last Run
----------------------------------  -----  ---------  --------  ----------  --------------  -------------------
/opt/airflow/dags/etl_api_to_bi.py                           1           0  0.20s           2025-09-16T15:44:06
================================================================================
[2025-09-16T17:44:45.072+0200] {manager.py:878} INFO - 
================================================================================
DAG File Processing Stats

File Path                           PID    Runtime      # DAGs    # Errors  Last Runtime    Last Run
----------------------------------  -----  ---------  --------  ----------  --------------  -------------------
/opt/airflow/dags/etl_api_to_bi.py                           1           0  0.24s           2025-09-16T15:44:37
================================================================================
[2025-09-16T17:45:14.209+0200] {manager.py:878} INFO - 
================================================================================
DAG File Processing Stats

File Path                           PID    Runtime      # DAGs    # Errors  Last Runtime    Last Run
----------------------------------  -----  ---------  --------  ----------  --------------  -------------------
/opt/airflow/dags/etl_api_to_bi.py                           1           0  0.29s           2025-09-16T15:45:08
================================================================================
[2025-09-16T17:45:15.216+0200] {manager.py:737} INFO - Searching for files in /opt/airflow/dags
[2025-09-16T17:45:15.244+0200] {manager.py:740} INFO - There are 1 files in /opt/airflow/dags
[2025-09-16T17:45:43.244+0200] {manager.py:878} INFO - 
================================================================================
DAG File Processing Stats

File Path                           PID    Runtime      # DAGs    # Errors  Last Runtime    Last Run
----------------------------------  -----  ---------  --------  ----------  --------------  -------------------
/opt/airflow/dags/etl_api_to_bi.py                           1           0  0.29s           2025-09-16T15:45:39
================================================================================
[2025-09-16T17:46:12.379+0200] {manager.py:878} INFO - 
================================================================================
DAG File Processing Stats

File Path                           PID    Runtime      # DAGs    # Errors  Last Runtime    Last Run
----------------------------------  -----  ---------  --------  ----------  --------------  -------------------
/opt/airflow/dags/etl_api_to_bi.py                           1           0  0.29s           2025-09-16T15:46:10
================================================================================
[2025-09-16T17:46:41.322+0200] {manager.py:878} INFO - 
================================================================================
DAG File Processing Stats

File Path                             PID  Runtime      # DAGs    # Errors  Last Runtime    Last Run
----------------------------------  -----  ---------  --------  ----------  --------------  -------------------
/opt/airflow/dags/etl_api_to_bi.py    808  0.01s             1           0  0.29s           2025-09-16T15:46:10
================================================================================
[2025-09-16T17:47:10.252+0200] {manager.py:878} INFO - 
================================================================================
DAG File Processing Stats

File Path                           PID    Runtime      # DAGs    # Errors  Last Runtime    Last Run
----------------------------------  -----  ---------  --------  ----------  --------------  -------------------
/opt/airflow/dags/etl_api_to_bi.py                           1           0  0.29s           2025-09-16T15:46:41
================================================================================
[2025-09-16T17:47:39.400+0200] {manager.py:878} INFO - 
================================================================================
DAG File Processing Stats

File Path                           PID    Runtime      # DAGs    # Errors  Last Runtime    Last Run
----------------------------------  -----  ---------  --------  ----------  --------------  -------------------
/opt/airflow/dags/etl_api_to_bi.py                           1           0  0.34s           2025-09-16T15:47:12
================================================================================
[2025-09-16T17:48:08.411+0200] {manager.py:878} INFO - 
================================================================================
DAG File Processing Stats

File Path                           PID    Runtime      # DAGs    # Errors  Last Runtime    Last Run
----------------------------------  -----  ---------  --------  ----------  --------------  -------------------
/opt/airflow/dags/etl_api_to_bi.py                           1           0  0.29s           2025-09-16T15:47:43
================================================================================
[2025-09-16T17:48:37.614+0200] {manager.py:878} INFO - 
================================================================================
DAG File Processing Stats

File Path                           PID    Runtime      # DAGs    # Errors  Last Runtime    Last Run
----------------------------------  -----  ---------  --------  ----------  --------------  -------------------
/opt/airflow/dags/etl_api_to_bi.py                           1           0  0.28s           2025-09-16T15:48:14
================================================================================
[2025-09-16T17:49:06.561+0200] {manager.py:878} INFO - 
================================================================================
DAG File Processing Stats

File Path                           PID    Runtime      # DAGs    # Errors  Last Runtime    Last Run
----------------------------------  -----  ---------  --------  ----------  --------------  -------------------
/opt/airflow/dags/etl_api_to_bi.py                           1           0  0.27s           2025-09-16T15:48:45
================================================================================
[2025-09-16T17:49:35.584+0200] {manager.py:878} INFO - 
================================================================================
DAG File Processing Stats

File Path                           PID    Runtime      # DAGs    # Errors  Last Runtime    Last Run
----------------------------------  -----  ---------  --------  ----------  --------------  -------------------
/opt/airflow/dags/etl_api_to_bi.py                           1           0  0.28s           2025-09-16T15:49:16
================================================================================
[2025-09-16T17:50:04.597+0200] {manager.py:878} INFO - 
================================================================================
DAG File Processing Stats

File Path                           PID    Runtime      # DAGs    # Errors  Last Runtime    Last Run
----------------------------------  -----  ---------  --------  ----------  --------------  -------------------
/opt/airflow/dags/etl_api_to_bi.py                           1           0  0.28s           2025-09-16T15:49:47
================================================================================
[2025-09-16T17:50:15.712+0200] {manager.py:737} INFO - Searching for files in /opt/airflow/dags
[2025-09-16T17:50:15.751+0200] {manager.py:740} INFO - There are 1 files in /opt/airflow/dags
[2025-09-16T17:50:33.689+0200] {manager.py:878} INFO - 
================================================================================
DAG File Processing Stats

File Path                           PID    Runtime      # DAGs    # Errors  Last Runtime    Last Run
----------------------------------  -----  ---------  --------  ----------  --------------  -------------------
/opt/airflow/dags/etl_api_to_bi.py                           1           0  0.28s           2025-09-16T15:50:19
================================================================================
[2025-09-16T17:51:02.745+0200] {manager.py:878} INFO - 
================================================================================
DAG File Processing Stats

File Path                           PID    Runtime      # DAGs    # Errors  Last Runtime    Last Run
----------------------------------  -----  ---------  --------  ----------  --------------  -------------------
/opt/airflow/dags/etl_api_to_bi.py                           1           0  0.25s           2025-09-16T15:50:50
================================================================================
[2025-09-16T17:51:31.712+0200] {manager.py:878} INFO - 
================================================================================
DAG File Processing Stats

File Path                           PID    Runtime      # DAGs    # Errors  Last Runtime    Last Run
----------------------------------  -----  ---------  --------  ----------  --------------  -------------------
/opt/airflow/dags/etl_api_to_bi.py                           1           0  0.31s           2025-09-16T15:51:21
================================================================================
[2025-09-16T17:52:00.932+0200] {manager.py:878} INFO - 
================================================================================
DAG File Processing Stats

File Path                           PID    Runtime      # DAGs    # Errors  Last Runtime    Last Run
----------------------------------  -----  ---------  --------  ----------  --------------  -------------------
/opt/airflow/dags/etl_api_to_bi.py                           1           0  0.37s           2025-09-16T15:51:51
================================================================================
[2025-09-16T17:52:29.938+0200] {manager.py:878} INFO - 
================================================================================
DAG File Processing Stats

File Path                           PID    Runtime      # DAGs    # Errors  Last Runtime    Last Run
----------------------------------  -----  ---------  --------  ----------  --------------  -------------------
/opt/airflow/dags/etl_api_to_bi.py                           1           0  0.27s           2025-09-16T15:52:23
================================================================================
[2025-09-16T17:52:59.173+0200] {manager.py:878} INFO - 
================================================================================
DAG File Processing Stats

File Path                           PID    Runtime      # DAGs    # Errors  Last Runtime    Last Run
----------------------------------  -----  ---------  --------  ----------  --------------  -------------------
/opt/airflow/dags/etl_api_to_bi.py                           1           0  0.45s           2025-09-16T15:52:54
================================================================================
[2025-09-16T17:53:28.271+0200] {manager.py:878} INFO - 
================================================================================
DAG File Processing Stats

File Path                           PID    Runtime      # DAGs    # Errors  Last Runtime    Last Run
----------------------------------  -----  ---------  --------  ----------  --------------  -------------------
/opt/airflow/dags/etl_api_to_bi.py                           1           0  0.43s           2025-09-16T15:53:25
================================================================================
[2025-09-16T17:53:57.455+0200] {manager.py:878} INFO - 
================================================================================
DAG File Processing Stats

File Path                           PID    Runtime      # DAGs    # Errors  Last Runtime    Last Run
----------------------------------  -----  ---------  --------  ----------  --------------  -------------------
/opt/airflow/dags/etl_api_to_bi.py                           1           0  0.22s           2025-09-16T15:53:56
================================================================================
[2025-09-16T17:54:26.382+0200] {manager.py:878} INFO - 
================================================================================
DAG File Processing Stats

File Path                           PID    Runtime      # DAGs    # Errors  Last Runtime    Last Run
----------------------------------  -----  ---------  --------  ----------  --------------  -------------------
/opt/airflow/dags/etl_api_to_bi.py                           1           0  0.22s           2025-09-16T15:53:56
================================================================================
[2025-09-16T17:54:56.178+0200] {manager.py:878} INFO - 
================================================================================
DAG File Processing Stats

File Path                           PID    Runtime      # DAGs    # Errors  Last Runtime    Last Run
----------------------------------  -----  ---------  --------  ----------  --------------  -------------------
/opt/airflow/dags/etl_api_to_bi.py                           1           0  0.20s           2025-09-16T15:54:27
================================================================================
[2025-09-16T17:55:15.779+0200] {manager.py:737} INFO - Searching for files in /opt/airflow/dags
[2025-09-16T17:55:15.822+0200] {manager.py:740} INFO - There are 1 files in /opt/airflow/dags
[2025-09-16T17:55:24.639+0200] {manager.py:878} INFO - 
================================================================================
DAG File Processing Stats

File Path                           PID    Runtime      # DAGs    # Errors  Last Runtime    Last Run
----------------------------------  -----  ---------  --------  ----------  --------------  -------------------
/opt/airflow/dags/etl_api_to_bi.py                           1           0  0.27s           2025-09-16T15:54:58
================================================================================
[2025-09-16T17:55:53.644+0200] {manager.py:878} INFO - 
================================================================================
DAG File Processing Stats

File Path                           PID    Runtime      # DAGs    # Errors  Last Runtime    Last Run
----------------------------------  -----  ---------  --------  ----------  --------------  -------------------
/opt/airflow/dags/etl_api_to_bi.py                           1           0  0.43s           2025-09-16T15:55:29
================================================================================
[2025-09-16T17:56:23.286+0200] {manager.py:878} INFO - 
================================================================================
DAG File Processing Stats

File Path                           PID    Runtime      # DAGs    # Errors  Last Runtime    Last Run
----------------------------------  -----  ---------  --------  ----------  --------------  -------------------
/opt/airflow/dags/etl_api_to_bi.py                           1           0  1.88s           2025-09-16T15:56:01
================================================================================
[2025-09-16T17:56:52.574+0200] {manager.py:878} INFO - 
================================================================================
DAG File Processing Stats

File Path                           PID    Runtime      # DAGs    # Errors  Last Runtime    Last Run
----------------------------------  -----  ---------  --------  ----------  --------------  -------------------
/opt/airflow/dags/etl_api_to_bi.py                           1           0  0.39s           2025-09-16T15:56:32
================================================================================
[2025-09-16T17:57:21.901+0200] {manager.py:878} INFO - 
================================================================================
DAG File Processing Stats

File Path                           PID    Runtime      # DAGs    # Errors  Last Runtime    Last Run
----------------------------------  -----  ---------  --------  ----------  --------------  -------------------
/opt/airflow/dags/etl_api_to_bi.py                           1           0  0.28s           2025-09-16T15:57:03
================================================================================
[2025-09-16T17:57:51.144+0200] {manager.py:878} INFO - 
================================================================================
DAG File Processing Stats

File Path                           PID    Runtime      # DAGs    # Errors  Last Runtime    Last Run
----------------------------------  -----  ---------  --------  ----------  --------------  -------------------
/opt/airflow/dags/etl_api_to_bi.py                           1           0  0.27s           2025-09-16T15:57:34
================================================================================
[2025-09-16T17:58:20.259+0200] {manager.py:878} INFO - 
================================================================================
DAG File Processing Stats

File Path                           PID    Runtime      # DAGs    # Errors  Last Runtime    Last Run
----------------------------------  -----  ---------  --------  ----------  --------------  -------------------
/opt/airflow/dags/etl_api_to_bi.py                           1           0  0.44s           2025-09-16T15:58:05
================================================================================
[2025-09-16T17:58:49.279+0200] {manager.py:878} INFO - 
================================================================================
DAG File Processing Stats

File Path                           PID    Runtime      # DAGs    # Errors  Last Runtime    Last Run
----------------------------------  -----  ---------  --------  ----------  --------------  -------------------
/opt/airflow/dags/etl_api_to_bi.py                           1           0  0.28s           2025-09-16T15:58:36
================================================================================
[2025-09-16T17:59:18.429+0200] {manager.py:878} INFO - 
================================================================================
DAG File Processing Stats

File Path                           PID    Runtime      # DAGs    # Errors  Last Runtime    Last Run
----------------------------------  -----  ---------  --------  ----------  --------------  -------------------
/opt/airflow/dags/etl_api_to_bi.py                           1           0  0.26s           2025-09-16T15:59:07
================================================================================
[2025-09-16T17:59:47.434+0200] {manager.py:878} INFO - 
================================================================================
DAG File Processing Stats

File Path                           PID    Runtime      # DAGs    # Errors  Last Runtime    Last Run
----------------------------------  -----  ---------  --------  ----------  --------------  -------------------
/opt/airflow/dags/etl_api_to_bi.py                           1           0  0.28s           2025-09-16T15:59:38
================================================================================
[2025-09-16T18:00:16.562+0200] {manager.py:737} INFO - Searching for files in /opt/airflow/dags
[2025-09-16T18:00:16.591+0200] {manager.py:740} INFO - There are 1 files in /opt/airflow/dags
[2025-09-16T18:00:16.611+0200] {manager.py:878} INFO - 
================================================================================
DAG File Processing Stats

File Path                           PID    Runtime      # DAGs    # Errors  Last Runtime    Last Run
----------------------------------  -----  ---------  --------  ----------  --------------  -------------------
/opt/airflow/dags/etl_api_to_bi.py                           1           0  0.27s           2025-09-16T16:00:09
================================================================================
[2025-09-16T18:00:45.747+0200] {manager.py:878} INFO - 
================================================================================
DAG File Processing Stats

File Path                           PID    Runtime      # DAGs    # Errors  Last Runtime    Last Run
----------------------------------  -----  ---------  --------  ----------  --------------  -------------------
/opt/airflow/dags/etl_api_to_bi.py                           1           0  0.25s           2025-09-16T16:00:39
================================================================================
[2025-09-16T18:01:14.856+0200] {manager.py:878} INFO - 
================================================================================
DAG File Processing Stats

File Path                           PID    Runtime      # DAGs    # Errors  Last Runtime    Last Run
----------------------------------  -----  ---------  --------  ----------  --------------  -------------------
/opt/airflow/dags/etl_api_to_bi.py                           1           0  0.24s           2025-09-16T16:01:10
================================================================================
[2025-09-16T18:01:43.762+0200] {manager.py:878} INFO - 
================================================================================
DAG File Processing Stats

File Path                           PID    Runtime      # DAGs    # Errors  Last Runtime    Last Run
----------------------------------  -----  ---------  --------  ----------  --------------  -------------------
/opt/airflow/dags/etl_api_to_bi.py                           1           0  0.29s           2025-09-16T16:01:42
================================================================================
[2025-09-16T18:02:12.653+0200] {manager.py:878} INFO - 
================================================================================
DAG File Processing Stats

File Path                             PID  Runtime      # DAGs    # Errors  Last Runtime    Last Run
----------------------------------  -----  ---------  --------  ----------  --------------  -------------------
/opt/airflow/dags/etl_api_to_bi.py    989  0.01s             1           0  0.29s           2025-09-16T16:01:42
================================================================================
[2025-09-16T18:02:41.599+0200] {manager.py:878} INFO - 
================================================================================
DAG File Processing Stats

File Path                           PID    Runtime      # DAGs    # Errors  Last Runtime    Last Run
----------------------------------  -----  ---------  --------  ----------  --------------  -------------------
/opt/airflow/dags/etl_api_to_bi.py                           1           0  0.21s           2025-09-16T16:02:12
================================================================================
[2025-09-16T18:03:10.821+0200] {manager.py:878} INFO - 
================================================================================
DAG File Processing Stats

File Path                           PID    Runtime      # DAGs    # Errors  Last Runtime    Last Run
----------------------------------  -----  ---------  --------  ----------  --------------  -------------------
/opt/airflow/dags/etl_api_to_bi.py                           1           0  0.29s           2025-09-16T16:02:43
================================================================================
[2025-09-16T18:03:39.923+0200] {manager.py:878} INFO - 
================================================================================
DAG File Processing Stats

File Path                           PID    Runtime      # DAGs    # Errors  Last Runtime    Last Run
----------------------------------  -----  ---------  --------  ----------  --------------  -------------------
/opt/airflow/dags/etl_api_to_bi.py                           1           0  0.32s           2025-09-16T16:03:14
================================================================================
[2025-09-16T18:04:08.927+0200] {manager.py:878} INFO - 
================================================================================
DAG File Processing Stats

File Path                           PID    Runtime      # DAGs    # Errors  Last Runtime    Last Run
----------------------------------  -----  ---------  --------  ----------  --------------  -------------------
/opt/airflow/dags/etl_api_to_bi.py                           1           0  0.23s           2025-09-16T16:03:45
================================================================================
[2025-09-16T18:04:37.999+0200] {manager.py:878} INFO - 
================================================================================
DAG File Processing Stats

File Path                           PID    Runtime      # DAGs    # Errors  Last Runtime    Last Run
----------------------------------  -----  ---------  --------  ----------  --------------  -------------------
/opt/airflow/dags/etl_api_to_bi.py                           1           0  0.40s           2025-09-16T16:04:16
================================================================================
[2025-09-16T18:05:07.125+0200] {manager.py:878} INFO - 
================================================================================
DAG File Processing Stats

File Path                           PID    Runtime      # DAGs    # Errors  Last Runtime    Last Run
----------------------------------  -----  ---------  --------  ----------  --------------  -------------------
/opt/airflow/dags/etl_api_to_bi.py                           1           0  0.28s           2025-09-16T16:04:47
================================================================================
[2025-09-16T18:05:16.850+0200] {manager.py:737} INFO - Searching for files in /opt/airflow/dags
[2025-09-16T18:05:16.887+0200] {manager.py:740} INFO - There are 1 files in /opt/airflow/dags
[2025-09-16T18:05:36.096+0200] {manager.py:878} INFO - 
================================================================================
DAG File Processing Stats

File Path                           PID    Runtime      # DAGs    # Errors  Last Runtime    Last Run
----------------------------------  -----  ---------  --------  ----------  --------------  -------------------
/opt/airflow/dags/etl_api_to_bi.py                           1           0  0.25s           2025-09-16T16:05:18
================================================================================
[2025-09-16T18:06:05.185+0200] {manager.py:878} INFO - 
================================================================================
DAG File Processing Stats

File Path                           PID    Runtime      # DAGs    # Errors  Last Runtime    Last Run
----------------------------------  -----  ---------  --------  ----------  --------------  -------------------
/opt/airflow/dags/etl_api_to_bi.py                           1           0  0.27s           2025-09-16T16:05:49
================================================================================
[2025-09-16T18:06:34.158+0200] {manager.py:878} INFO - 
================================================================================
DAG File Processing Stats

File Path                           PID    Runtime      # DAGs    # Errors  Last Runtime    Last Run
----------------------------------  -----  ---------  --------  ----------  --------------  -------------------
/opt/airflow/dags/etl_api_to_bi.py                           1           0  0.29s           2025-09-16T16:06:20
================================================================================
[2025-09-16T18:07:03.277+0200] {manager.py:878} INFO - 
================================================================================
DAG File Processing Stats

File Path                           PID    Runtime      # DAGs    # Errors  Last Runtime    Last Run
----------------------------------  -----  ---------  --------  ----------  --------------  -------------------
/opt/airflow/dags/etl_api_to_bi.py                           1           0  0.33s           2025-09-16T16:06:51
================================================================================
[2025-09-16T18:07:32.341+0200] {manager.py:878} INFO - 
================================================================================
DAG File Processing Stats

File Path                           PID    Runtime      # DAGs    # Errors  Last Runtime    Last Run
----------------------------------  -----  ---------  --------  ----------  --------------  -------------------
/opt/airflow/dags/etl_api_to_bi.py                           1           0  0.27s           2025-09-16T16:07:22
================================================================================
[2025-09-16T18:08:01.501+0200] {manager.py:878} INFO - 
================================================================================
DAG File Processing Stats

File Path                           PID    Runtime      # DAGs    # Errors  Last Runtime    Last Run
----------------------------------  -----  ---------  --------  ----------  --------------  -------------------
/opt/airflow/dags/etl_api_to_bi.py                           1           0  0.31s           2025-09-16T16:07:53
================================================================================
[2025-09-16T18:08:29.816+0200] {manager.py:878} INFO - 
================================================================================
DAG File Processing Stats

File Path                           PID    Runtime      # DAGs    # Errors  Last Runtime    Last Run
----------------------------------  -----  ---------  --------  ----------  --------------  -------------------
/opt/airflow/dags/etl_api_to_bi.py                           1           0  0.26s           2025-09-16T16:08:23
================================================================================
[2025-09-16T18:08:59.621+0200] {manager.py:878} INFO - 
================================================================================
DAG File Processing Stats

File Path                           PID    Runtime      # DAGs    # Errors  Last Runtime    Last Run
----------------------------------  -----  ---------  --------  ----------  --------------  -------------------
/opt/airflow/dags/etl_api_to_bi.py                           1           0  0.23s           2025-09-16T16:08:54
================================================================================
[2025-09-16T18:09:28.578+0200] {manager.py:878} INFO - 
================================================================================
DAG File Processing Stats

File Path                           PID    Runtime      # DAGs    # Errors  Last Runtime    Last Run
----------------------------------  -----  ---------  --------  ----------  --------------  -------------------
/opt/airflow/dags/etl_api_to_bi.py                           1           0  0.24s           2025-09-16T16:09:25
================================================================================
[2025-09-16T18:09:57.731+0200] {manager.py:878} INFO - 
================================================================================
DAG File Processing Stats

File Path                           PID    Runtime      # DAGs    # Errors  Last Runtime    Last Run
----------------------------------  -----  ---------  --------  ----------  --------------  -------------------
/opt/airflow/dags/etl_api_to_bi.py                           1           0  0.55s           2025-09-16T16:09:57
================================================================================
[2025-09-16T18:10:17.005+0200] {manager.py:737} INFO - Searching for files in /opt/airflow/dags
[2025-09-16T18:10:17.041+0200] {manager.py:740} INFO - There are 1 files in /opt/airflow/dags
[2025-09-16T18:10:26.721+0200] {manager.py:878} INFO - 
================================================================================
DAG File Processing Stats

File Path                           PID    Runtime      # DAGs    # Errors  Last Runtime    Last Run
----------------------------------  -----  ---------  --------  ----------  --------------  -------------------
/opt/airflow/dags/etl_api_to_bi.py                           1           0  0.55s           2025-09-16T16:09:57
================================================================================
[2025-09-16T18:10:55.155+0200] {manager.py:878} INFO - 
================================================================================
DAG File Processing Stats

File Path                           PID    Runtime      # DAGs    # Errors  Last Runtime    Last Run
----------------------------------  -----  ---------  --------  ----------  --------------  -------------------
/opt/airflow/dags/etl_api_to_bi.py                           1           0  0.29s           2025-09-16T16:10:27
================================================================================
[2025-09-16T18:11:23.604+0200] {manager.py:878} INFO - 
================================================================================
DAG File Processing Stats

File Path                           PID    Runtime      # DAGs    # Errors  Last Runtime    Last Run
----------------------------------  -----  ---------  --------  ----------  --------------  -------------------
/opt/airflow/dags/etl_api_to_bi.py                           1           0  0.31s           2025-09-16T16:10:58
================================================================================
[2025-09-16T18:11:52.694+0200] {manager.py:878} INFO - 
================================================================================
DAG File Processing Stats

File Path                           PID    Runtime      # DAGs    # Errors  Last Runtime    Last Run
----------------------------------  -----  ---------  --------  ----------  --------------  -------------------
/opt/airflow/dags/etl_api_to_bi.py                           1           0  0.22s           2025-09-16T16:11:29
================================================================================
[2025-09-16T18:12:21.840+0200] {manager.py:878} INFO - 
================================================================================
DAG File Processing Stats

File Path                           PID    Runtime      # DAGs    # Errors  Last Runtime    Last Run
----------------------------------  -----  ---------  --------  ----------  --------------  -------------------
/opt/airflow/dags/etl_api_to_bi.py                           1           0  0.32s           2025-09-16T16:12:01
================================================================================
[2025-09-16T18:12:50.830+0200] {manager.py:878} INFO - 
================================================================================
DAG File Processing Stats

File Path                           PID    Runtime      # DAGs    # Errors  Last Runtime    Last Run
----------------------------------  -----  ---------  --------  ----------  --------------  -------------------
/opt/airflow/dags/etl_api_to_bi.py                           1           0  0.29s           2025-09-16T16:12:31
================================================================================
[2025-09-16T18:13:20.069+0200] {manager.py:878} INFO - 
================================================================================
DAG File Processing Stats

File Path                           PID    Runtime      # DAGs    # Errors  Last Runtime    Last Run
----------------------------------  -----  ---------  --------  ----------  --------------  -------------------
/opt/airflow/dags/etl_api_to_bi.py                           1           0  0.31s           2025-09-16T16:13:02
================================================================================
[2025-09-16T18:13:49.173+0200] {manager.py:878} INFO - 
================================================================================
DAG File Processing Stats

File Path                           PID    Runtime      # DAGs    # Errors  Last Runtime    Last Run
----------------------------------  -----  ---------  --------  ----------  --------------  -------------------
/opt/airflow/dags/etl_api_to_bi.py                           1           0  0.58s           2025-09-16T16:13:32
================================================================================
[2025-09-16T18:14:18.266+0200] {manager.py:878} INFO - 
================================================================================
DAG File Processing Stats

File Path                           PID    Runtime      # DAGs    # Errors  Last Runtime    Last Run
----------------------------------  -----  ---------  --------  ----------  --------------  -------------------
/opt/airflow/dags/etl_api_to_bi.py                           1           0  0.32s           2025-09-16T16:14:03
================================================================================
[2025-09-16T18:14:47.482+0200] {manager.py:878} INFO - 
================================================================================
DAG File Processing Stats

File Path                           PID    Runtime      # DAGs    # Errors  Last Runtime    Last Run
----------------------------------  -----  ---------  --------  ----------  --------------  -------------------
/opt/airflow/dags/etl_api_to_bi.py                           1           0  0.24s           2025-09-16T16:14:34
================================================================================
[2025-09-16T18:15:16.327+0200] {manager.py:878} INFO - 
================================================================================
DAG File Processing Stats

File Path                           PID    Runtime      # DAGs    # Errors  Last Runtime    Last Run
----------------------------------  -----  ---------  --------  ----------  --------------  -------------------
/opt/airflow/dags/etl_api_to_bi.py                           1           0  0.70s           2025-09-16T16:15:06
================================================================================
[2025-09-16T18:15:17.335+0200] {manager.py:737} INFO - Searching for files in /opt/airflow/dags
[2025-09-16T18:15:17.370+0200] {manager.py:740} INFO - There are 1 files in /opt/airflow/dags
[2025-09-16T18:15:44.943+0200] {manager.py:878} INFO - 
================================================================================
DAG File Processing Stats

File Path                           PID    Runtime      # DAGs    # Errors  Last Runtime    Last Run
----------------------------------  -----  ---------  --------  ----------  --------------  -------------------
/opt/airflow/dags/etl_api_to_bi.py                           1           0  0.56s           2025-09-16T16:15:37
================================================================================
[2025-09-16T18:16:14.037+0200] {manager.py:878} INFO - 
================================================================================
DAG File Processing Stats

File Path                           PID    Runtime      # DAGs    # Errors  Last Runtime    Last Run
----------------------------------  -----  ---------  --------  ----------  --------------  -------------------
/opt/airflow/dags/etl_api_to_bi.py                           1           0  0.55s           2025-09-16T16:16:07
================================================================================
[2025-09-16T18:16:42.948+0200] {manager.py:878} INFO - 
================================================================================
DAG File Processing Stats

File Path                           PID    Runtime      # DAGs    # Errors  Last Runtime    Last Run
----------------------------------  -----  ---------  --------  ----------  --------------  -------------------
/opt/airflow/dags/etl_api_to_bi.py                           1           0  0.82s           2025-09-16T16:16:39
================================================================================
[2025-09-16T18:17:11.840+0200] {manager.py:878} INFO - 
================================================================================
DAG File Processing Stats

File Path                           PID    Runtime      # DAGs    # Errors  Last Runtime    Last Run
----------------------------------  -----  ---------  --------  ----------  --------------  -------------------
/opt/airflow/dags/etl_api_to_bi.py                           1           0  0.32s           2025-09-16T16:17:09
================================================================================
[2025-09-16T18:17:40.582+0200] {manager.py:878} INFO - 
================================================================================
DAG File Processing Stats

File Path                           PID    Runtime      # DAGs    # Errors  Last Runtime    Last Run
----------------------------------  -----  ---------  --------  ----------  --------------  -------------------
/opt/airflow/dags/etl_api_to_bi.py                           1           0  0.22s           2025-09-16T16:17:40
================================================================================
[2025-09-16T18:18:09.255+0200] {manager.py:878} INFO - 
================================================================================
DAG File Processing Stats

File Path                           PID    Runtime      # DAGs    # Errors  Last Runtime    Last Run
----------------------------------  -----  ---------  --------  ----------  --------------  -------------------
/opt/airflow/dags/etl_api_to_bi.py                           1           0  0.22s           2025-09-16T16:17:40
================================================================================
[2025-09-16T18:18:38.478+0200] {manager.py:878} INFO - 
================================================================================
DAG File Processing Stats

File Path                           PID    Runtime      # DAGs    # Errors  Last Runtime    Last Run
----------------------------------  -----  ---------  --------  ----------  --------------  -------------------
/opt/airflow/dags/etl_api_to_bi.py                           1           0  0.23s           2025-09-16T16:18:11
================================================================================
[2025-09-16T18:19:07.721+0200] {manager.py:878} INFO - 
================================================================================
DAG File Processing Stats

File Path                           PID    Runtime      # DAGs    # Errors  Last Runtime    Last Run
----------------------------------  -----  ---------  --------  ----------  --------------  -------------------
/opt/airflow/dags/etl_api_to_bi.py                           1           0  0.39s           2025-09-16T16:18:41
================================================================================
[2025-09-16T18:19:36.980+0200] {manager.py:878} INFO - 
================================================================================
DAG File Processing Stats

File Path                           PID    Runtime      # DAGs    # Errors  Last Runtime    Last Run
----------------------------------  -----  ---------  --------  ----------  --------------  -------------------
/opt/airflow/dags/etl_api_to_bi.py                           1           0  0.43s           2025-09-16T16:19:12
================================================================================
[2025-09-16T18:20:06.306+0200] {manager.py:878} INFO - 
================================================================================
DAG File Processing Stats

File Path                           PID    Runtime      # DAGs    # Errors  Last Runtime    Last Run
----------------------------------  -----  ---------  --------  ----------  --------------  -------------------
/opt/airflow/dags/etl_api_to_bi.py                           1           0  0.29s           2025-09-16T16:19:43
================================================================================
[2025-09-16T18:20:17.440+0200] {manager.py:737} INFO - Searching for files in /opt/airflow/dags
[2025-09-16T18:20:17.473+0200] {manager.py:740} INFO - There are 1 files in /opt/airflow/dags
[2025-09-16T18:20:35.318+0200] {manager.py:878} INFO - 
================================================================================
DAG File Processing Stats

File Path                           PID    Runtime      # DAGs    # Errors  Last Runtime    Last Run
----------------------------------  -----  ---------  --------  ----------  --------------  -------------------
/opt/airflow/dags/etl_api_to_bi.py                           1           0  0.23s           2025-09-16T16:20:14
================================================================================
[2025-09-16T18:21:04.252+0200] {manager.py:878} INFO - 
================================================================================
DAG File Processing Stats

File Path                           PID    Runtime      # DAGs    # Errors  Last Runtime    Last Run
----------------------------------  -----  ---------  --------  ----------  --------------  -------------------
/opt/airflow/dags/etl_api_to_bi.py                           1           0  0.24s           2025-09-16T16:20:45
================================================================================
[2025-09-16T18:21:33.304+0200] {manager.py:878} INFO - 
================================================================================
DAG File Processing Stats

File Path                           PID    Runtime      # DAGs    # Errors  Last Runtime    Last Run
----------------------------------  -----  ---------  --------  ----------  --------------  -------------------
/opt/airflow/dags/etl_api_to_bi.py                           1           0  0.27s           2025-09-16T16:21:16
================================================================================
[2025-09-16T18:22:02.382+0200] {manager.py:878} INFO - 
================================================================================
DAG File Processing Stats

File Path                           PID    Runtime      # DAGs    # Errors  Last Runtime    Last Run
----------------------------------  -----  ---------  --------  ----------  --------------  -------------------
/opt/airflow/dags/etl_api_to_bi.py                           1           0  0.25s           2025-09-16T16:21:47
================================================================================
[2025-09-16T18:22:31.439+0200] {manager.py:878} INFO - 
================================================================================
DAG File Processing Stats

File Path                           PID    Runtime      # DAGs    # Errors  Last Runtime    Last Run
----------------------------------  -----  ---------  --------  ----------  --------------  -------------------
/opt/airflow/dags/etl_api_to_bi.py                           1           0  0.31s           2025-09-16T16:22:18
================================================================================
[2025-09-16T18:23:00.784+0200] {manager.py:878} INFO - 
================================================================================
DAG File Processing Stats

File Path                           PID    Runtime      # DAGs    # Errors  Last Runtime    Last Run
----------------------------------  -----  ---------  --------  ----------  --------------  -------------------
/opt/airflow/dags/etl_api_to_bi.py                           1           0  0.29s           2025-09-16T16:22:49
================================================================================
[2025-09-16T18:23:29.459+0200] {manager.py:878} INFO - 
================================================================================
DAG File Processing Stats

File Path                           PID    Runtime      # DAGs    # Errors  Last Runtime    Last Run
----------------------------------  -----  ---------  --------  ----------  --------------  -------------------
/opt/airflow/dags/etl_api_to_bi.py                           1           0  0.33s           2025-09-16T16:23:20
================================================================================
[2025-09-16T18:23:58.200+0200] {manager.py:878} INFO - 
================================================================================
DAG File Processing Stats

File Path                           PID    Runtime      # DAGs    # Errors  Last Runtime    Last Run
----------------------------------  -----  ---------  --------  ----------  --------------  -------------------
/opt/airflow/dags/etl_api_to_bi.py                           1           0  1.53s           2025-09-16T16:23:52
================================================================================
[2025-09-17T15:59:13.687+0200] {manager.py:470} INFO - Processing files using up to 2 processes at a time 
[2025-09-17T15:59:13.688+0200] {manager.py:471} INFO - Process each file at most once every 30 seconds
[2025-09-17T15:59:13.690+0200] {manager.py:472} INFO - Checking for new files in /opt/airflow/dags every 300 seconds
[2025-09-17T15:59:13.692+0200] {manager.py:737} INFO - Searching for files in /opt/airflow/dags
[2025-09-17T15:59:13.770+0200] {manager.py:740} INFO - There are 1 files in /opt/airflow/dags
[2025-09-17T15:59:14.231+0200] {manager.py:878} INFO - 
================================================================================
DAG File Processing Stats

File Path                             PID  Runtime      # DAGs    # Errors  Last Runtime    Last Run
----------------------------------  -----  ---------  --------  ----------  --------------  ----------
/opt/airflow/dags/etl_api_to_bi.py    175  0.22s             0           0
================================================================================
[2025-09-17T15:59:43.435+0200] {manager.py:878} INFO - 
================================================================================
DAG File Processing Stats

File Path                           PID    Runtime      # DAGs    # Errors  Last Runtime    Last Run
----------------------------------  -----  ---------  --------  ----------  --------------  -------------------
/opt/airflow/dags/etl_api_to_bi.py                           1           0  2.15s           2025-09-17T13:59:16
================================================================================
[2025-09-17T16:00:11.977+0200] {manager.py:878} INFO - 
================================================================================
DAG File Processing Stats

File Path                           PID    Runtime      # DAGs    # Errors  Last Runtime    Last Run
----------------------------------  -----  ---------  --------  ----------  --------------  -------------------
/opt/airflow/dags/etl_api_to_bi.py                           1           0  0.26s           2025-09-17T13:59:46
================================================================================
[2025-09-17T16:00:40.988+0200] {manager.py:878} INFO - 
================================================================================
DAG File Processing Stats

File Path                           PID    Runtime      # DAGs    # Errors  Last Runtime    Last Run
----------------------------------  -----  ---------  --------  ----------  --------------  -------------------
/opt/airflow/dags/etl_api_to_bi.py                           1           0  0.30s           2025-09-17T14:00:17
================================================================================
[2025-09-17T16:01:09.443+0200] {manager.py:878} INFO - 
================================================================================
DAG File Processing Stats

File Path                           PID    Runtime      # DAGs    # Errors  Last Runtime    Last Run
----------------------------------  -----  ---------  --------  ----------  --------------  -------------------
/opt/airflow/dags/etl_api_to_bi.py                           1           0  0.30s           2025-09-17T14:00:48
================================================================================
[2025-09-17T16:01:38.188+0200] {manager.py:878} INFO - 
================================================================================
DAG File Processing Stats

File Path                           PID    Runtime      # DAGs    # Errors  Last Runtime    Last Run
----------------------------------  -----  ---------  --------  ----------  --------------  -------------------
/opt/airflow/dags/etl_api_to_bi.py                           1           0  0.82s           2025-09-17T14:01:19
================================================================================
[2025-09-17T16:02:06.826+0200] {manager.py:878} INFO - 
================================================================================
DAG File Processing Stats

File Path                           PID    Runtime      # DAGs    # Errors  Last Runtime    Last Run
----------------------------------  -----  ---------  --------  ----------  --------------  -------------------
/opt/airflow/dags/etl_api_to_bi.py                           1           0  1.08s           2025-09-17T14:01:51
================================================================================
[2025-09-17T16:02:35.388+0200] {manager.py:878} INFO - 
================================================================================
DAG File Processing Stats

File Path                           PID    Runtime      # DAGs    # Errors  Last Runtime    Last Run
----------------------------------  -----  ---------  --------  ----------  --------------  -------------------
/opt/airflow/dags/etl_api_to_bi.py                           1           0  0.11s           2025-09-17T14:02:22
================================================================================
[2025-09-17T16:03:04.151+0200] {manager.py:878} INFO - 
================================================================================
DAG File Processing Stats

File Path                           PID    Runtime      # DAGs    # Errors  Last Runtime    Last Run
----------------------------------  -----  ---------  --------  ----------  --------------  -------------------
/opt/airflow/dags/etl_api_to_bi.py                           1           0  0.23s           2025-09-17T14:02:53
================================================================================
[2025-09-17T16:03:32.389+0200] {manager.py:878} INFO - 
================================================================================
DAG File Processing Stats

File Path                           PID    Runtime      # DAGs    # Errors  Last Runtime    Last Run
----------------------------------  -----  ---------  --------  ----------  --------------  -------------------
/opt/airflow/dags/etl_api_to_bi.py                           1           0  0.30s           2025-09-17T14:03:23
================================================================================
[2025-09-17T16:04:01.744+0200] {manager.py:878} INFO - 
================================================================================
DAG File Processing Stats

File Path                           PID    Runtime      # DAGs    # Errors  Last Runtime    Last Run
----------------------------------  -----  ---------  --------  ----------  --------------  -------------------
/opt/airflow/dags/etl_api_to_bi.py                           1           0  0.29s           2025-09-17T14:03:53
================================================================================
[2025-09-17T16:04:13.921+0200] {manager.py:737} INFO - Searching for files in /opt/airflow/dags
[2025-09-17T16:04:13.959+0200] {manager.py:740} INFO - There are 1 files in /opt/airflow/dags
[2025-09-17T16:04:29.818+0200] {manager.py:878} INFO - 
================================================================================
DAG File Processing Stats

File Path                           PID    Runtime      # DAGs    # Errors  Last Runtime    Last Run
----------------------------------  -----  ---------  --------  ----------  --------------  -------------------
/opt/airflow/dags/etl_api_to_bi.py                           1           0  0.24s           2025-09-17T14:04:24
================================================================================
[2025-09-17T16:04:58.336+0200] {manager.py:878} INFO - 
================================================================================
DAG File Processing Stats

File Path                           PID    Runtime      # DAGs    # Errors  Last Runtime    Last Run
----------------------------------  -----  ---------  --------  ----------  --------------  -------------------
/opt/airflow/dags/etl_api_to_bi.py                           1           0  0.22s           2025-09-17T14:04:55
================================================================================
[2025-09-17T16:05:26.787+0200] {manager.py:878} INFO - 
================================================================================
DAG File Processing Stats

File Path                           PID    Runtime      # DAGs    # Errors  Last Runtime    Last Run
----------------------------------  -----  ---------  --------  ----------  --------------  -------------------
/opt/airflow/dags/etl_api_to_bi.py                           1           0  0.23s           2025-09-17T14:05:25
================================================================================
[2025-09-17T16:05:55.147+0200] {manager.py:878} INFO - 
================================================================================
DAG File Processing Stats

File Path                           PID    Runtime      # DAGs    # Errors  Last Runtime    Last Run
----------------------------------  -----  ---------  --------  ----------  --------------  -------------------
/opt/airflow/dags/etl_api_to_bi.py                           1           0  0.23s           2025-09-17T14:05:25
================================================================================
[2025-09-17T16:06:23.472+0200] {manager.py:878} INFO - 
================================================================================
DAG File Processing Stats

File Path                           PID    Runtime      # DAGs    # Errors  Last Runtime    Last Run
----------------------------------  -----  ---------  --------  ----------  --------------  -------------------
/opt/airflow/dags/etl_api_to_bi.py                           1           0  0.26s           2025-09-17T14:05:56
================================================================================
[2025-09-17T16:06:52.197+0200] {manager.py:878} INFO - 
================================================================================
DAG File Processing Stats

File Path                           PID    Runtime      # DAGs    # Errors  Last Runtime    Last Run
----------------------------------  -----  ---------  --------  ----------  --------------  -------------------
/opt/airflow/dags/etl_api_to_bi.py                           1           0  0.22s           2025-09-17T14:06:26
================================================================================
[2025-09-17T16:07:20.510+0200] {manager.py:878} INFO - 
================================================================================
DAG File Processing Stats

File Path                           PID    Runtime      # DAGs    # Errors  Last Runtime    Last Run
----------------------------------  -----  ---------  --------  ----------  --------------  -------------------
/opt/airflow/dags/etl_api_to_bi.py                           1           0  0.25s           2025-09-17T14:06:57
================================================================================
[2025-09-17T16:07:48.916+0200] {manager.py:878} INFO - 
================================================================================
DAG File Processing Stats

File Path                           PID    Runtime      # DAGs    # Errors  Last Runtime    Last Run
----------------------------------  -----  ---------  --------  ----------  --------------  -------------------
/opt/airflow/dags/etl_api_to_bi.py                           1           0  0.22s           2025-09-17T14:07:27
================================================================================
[2025-09-17T16:08:17.161+0200] {manager.py:878} INFO - 
================================================================================
DAG File Processing Stats

File Path                           PID    Runtime      # DAGs    # Errors  Last Runtime    Last Run
----------------------------------  -----  ---------  --------  ----------  --------------  -------------------
/opt/airflow/dags/etl_api_to_bi.py                           1           0  0.27s           2025-09-17T14:07:58
================================================================================
[2025-09-17T16:08:45.181+0200] {manager.py:878} INFO - 
================================================================================
DAG File Processing Stats

File Path                           PID    Runtime      # DAGs    # Errors  Last Runtime    Last Run
----------------------------------  -----  ---------  --------  ----------  --------------  -------------------
/opt/airflow/dags/etl_api_to_bi.py                           1           0  1.53s           2025-09-17T14:08:30
================================================================================
[2025-09-17T16:09:14.620+0200] {manager.py:737} INFO - Searching for files in /opt/airflow/dags
[2025-09-17T16:09:14.664+0200] {manager.py:740} INFO - There are 1 files in /opt/airflow/dags
[2025-09-17T16:09:14.691+0200] {manager.py:878} INFO - 
================================================================================
DAG File Processing Stats

File Path                           PID    Runtime      # DAGs    # Errors  Last Runtime    Last Run
----------------------------------  -----  ---------  --------  ----------  --------------  -------------------
/opt/airflow/dags/etl_api_to_bi.py                           1           0  0.28s           2025-09-17T14:09:00
================================================================================
[2025-09-17T16:09:42.545+0200] {manager.py:878} INFO - 
================================================================================
DAG File Processing Stats

File Path                           PID    Runtime      # DAGs    # Errors  Last Runtime    Last Run
----------------------------------  -----  ---------  --------  ----------  --------------  -------------------
/opt/airflow/dags/etl_api_to_bi.py                           1           0  0.41s           2025-09-17T14:09:31
================================================================================
[2025-09-17T16:10:10.495+0200] {manager.py:878} INFO - 
================================================================================
DAG File Processing Stats

File Path                           PID    Runtime      # DAGs    # Errors  Last Runtime    Last Run
----------------------------------  -----  ---------  --------  ----------  --------------  -------------------
/opt/airflow/dags/etl_api_to_bi.py                           1           0  0.31s           2025-09-17T14:10:02
================================================================================
[2025-09-17T16:10:38.671+0200] {manager.py:878} INFO - 
================================================================================
DAG File Processing Stats

File Path                           PID    Runtime      # DAGs    # Errors  Last Runtime    Last Run
----------------------------------  -----  ---------  --------  ----------  --------------  -------------------
/opt/airflow/dags/etl_api_to_bi.py                           1           0  0.31s           2025-09-17T14:10:32
================================================================================
[2025-09-17T16:11:07.136+0200] {manager.py:878} INFO - 
================================================================================
DAG File Processing Stats

File Path                           PID    Runtime      # DAGs    # Errors  Last Runtime    Last Run
----------------------------------  -----  ---------  --------  ----------  --------------  -------------------
/opt/airflow/dags/etl_api_to_bi.py                           1           0  0.30s           2025-09-17T14:11:03
================================================================================
[2025-09-17T16:11:35.386+0200] {manager.py:878} INFO - 
================================================================================
DAG File Processing Stats

File Path                           PID    Runtime      # DAGs    # Errors  Last Runtime    Last Run
----------------------------------  -----  ---------  --------  ----------  --------------  -------------------
/opt/airflow/dags/etl_api_to_bi.py                           1           0  0.37s           2025-09-17T14:11:33
================================================================================
[2025-09-17T16:12:03.802+0200] {manager.py:878} INFO - 
================================================================================
DAG File Processing Stats

File Path                             PID  Runtime      # DAGs    # Errors  Last Runtime    Last Run
----------------------------------  -----  ---------  --------  ----------  --------------  -------------------
/opt/airflow/dags/etl_api_to_bi.py    407  0.01s             1           0  0.37s           2025-09-17T14:11:33
================================================================================
[2025-09-17T16:12:32.142+0200] {manager.py:878} INFO - 
================================================================================
DAG File Processing Stats

File Path                           PID    Runtime      # DAGs    # Errors  Last Runtime    Last Run
----------------------------------  -----  ---------  --------  ----------  --------------  -------------------
/opt/airflow/dags/etl_api_to_bi.py                           1           0  0.29s           2025-09-17T14:12:04
================================================================================
[2025-09-17T16:13:00.931+0200] {manager.py:878} INFO - 
================================================================================
DAG File Processing Stats

File Path                           PID    Runtime      # DAGs    # Errors  Last Runtime    Last Run
----------------------------------  -----  ---------  --------  ----------  --------------  -------------------
/opt/airflow/dags/etl_api_to_bi.py                           1           0  0.29s           2025-09-17T14:12:34
================================================================================
[2025-09-17T16:13:29.006+0200] {manager.py:878} INFO - 
================================================================================
DAG File Processing Stats

File Path                           PID    Runtime      # DAGs    # Errors  Last Runtime    Last Run
----------------------------------  -----  ---------  --------  ----------  --------------  -------------------
/opt/airflow/dags/etl_api_to_bi.py                           1           0  0.28s           2025-09-17T14:13:05
================================================================================
[2025-09-17T16:13:57.622+0200] {manager.py:878} INFO - 
================================================================================
DAG File Processing Stats

File Path                           PID    Runtime      # DAGs    # Errors  Last Runtime    Last Run
----------------------------------  -----  ---------  --------  ----------  --------------  -------------------
/opt/airflow/dags/etl_api_to_bi.py                           1           0  0.33s           2025-09-17T14:13:36
================================================================================
[2025-09-17T16:14:14.886+0200] {manager.py:737} INFO - Searching for files in /opt/airflow/dags
[2025-09-17T16:14:14.928+0200] {manager.py:740} INFO - There are 1 files in /opt/airflow/dags
[2025-09-17T16:14:26.044+0200] {manager.py:878} INFO - 
================================================================================
DAG File Processing Stats

File Path                           PID    Runtime      # DAGs    # Errors  Last Runtime    Last Run
----------------------------------  -----  ---------  --------  ----------  --------------  -------------------
/opt/airflow/dags/etl_api_to_bi.py                           1           0  0.26s           2025-09-17T14:14:06
================================================================================
[2025-09-17T16:14:54.474+0200] {manager.py:878} INFO - 
================================================================================
DAG File Processing Stats

File Path                           PID    Runtime      # DAGs    # Errors  Last Runtime    Last Run
----------------------------------  -----  ---------  --------  ----------  --------------  -------------------
/opt/airflow/dags/etl_api_to_bi.py                           1           0  0.29s           2025-09-17T14:14:37
================================================================================
[2025-09-17T16:15:22.993+0200] {manager.py:878} INFO - 
================================================================================
DAG File Processing Stats

File Path                           PID    Runtime      # DAGs    # Errors  Last Runtime    Last Run
----------------------------------  -----  ---------  --------  ----------  --------------  -------------------
/opt/airflow/dags/etl_api_to_bi.py                           1           0  0.30s           2025-09-17T14:15:07
================================================================================
[2025-09-17T16:15:51.349+0200] {manager.py:878} INFO - 
================================================================================
DAG File Processing Stats

File Path                           PID    Runtime      # DAGs    # Errors  Last Runtime    Last Run
----------------------------------  -----  ---------  --------  ----------  --------------  -------------------
/opt/airflow/dags/etl_api_to_bi.py                           1           0  0.26s           2025-09-17T14:15:38
================================================================================
[2025-09-17T16:16:19.840+0200] {manager.py:878} INFO - 
================================================================================
DAG File Processing Stats

File Path                           PID    Runtime      # DAGs    # Errors  Last Runtime    Last Run
----------------------------------  -----  ---------  --------  ----------  --------------  -------------------
/opt/airflow/dags/etl_api_to_bi.py                           1           0  0.36s           2025-09-17T14:16:08
================================================================================
[2025-09-17T16:16:48.313+0200] {manager.py:878} INFO - 
================================================================================
DAG File Processing Stats

File Path                           PID    Runtime      # DAGs    # Errors  Last Runtime    Last Run
----------------------------------  -----  ---------  --------  ----------  --------------  -------------------
/opt/airflow/dags/etl_api_to_bi.py                           1           0  0.25s           2025-09-17T14:16:39
================================================================================
[2025-09-17T16:17:16.898+0200] {manager.py:878} INFO - 
================================================================================
DAG File Processing Stats

File Path                           PID    Runtime      # DAGs    # Errors  Last Runtime    Last Run
----------------------------------  -----  ---------  --------  ----------  --------------  -------------------
/opt/airflow/dags/etl_api_to_bi.py                           1           0  0.30s           2025-09-17T14:17:09
================================================================================
[2025-09-17T16:17:43.336+0200] {manager.py:878} INFO - 
================================================================================
DAG File Processing Stats

File Path                           PID    Runtime      # DAGs    # Errors  Last Runtime    Last Run
----------------------------------  -----  ---------  --------  ----------  --------------  -------------------
/opt/airflow/dags/etl_api_to_bi.py                           1           0  0.79s           2025-09-17T14:17:41
================================================================================
[2025-09-17T16:18:11.873+0200] {manager.py:878} INFO - 
================================================================================
DAG File Processing Stats

File Path                           PID    Runtime      # DAGs    # Errors  Last Runtime    Last Run
----------------------------------  -----  ---------  --------  ----------  --------------  -------------------
/opt/airflow/dags/etl_api_to_bi.py                           1           0  0.30s           2025-09-17T14:18:12
================================================================================
[2025-09-17T16:18:40.242+0200] {manager.py:878} INFO - 
================================================================================
DAG File Processing Stats

File Path                           PID    Runtime      # DAGs    # Errors  Last Runtime    Last Run
----------------------------------  -----  ---------  --------  ----------  --------------  -------------------
/opt/airflow/dags/etl_api_to_bi.py                           1           0  0.30s           2025-09-17T14:18:12
================================================================================
[2025-09-17T16:19:08.934+0200] {manager.py:878} INFO - 
================================================================================
DAG File Processing Stats

File Path                           PID    Runtime      # DAGs    # Errors  Last Runtime    Last Run
----------------------------------  -----  ---------  --------  ----------  --------------  -------------------
/opt/airflow/dags/etl_api_to_bi.py                           1           0  0.41s           2025-09-17T14:18:42
================================================================================
[2025-09-17T16:19:15.464+0200] {manager.py:737} INFO - Searching for files in /opt/airflow/dags
[2025-09-17T16:19:15.505+0200] {manager.py:740} INFO - There are 1 files in /opt/airflow/dags
[2025-09-17T16:19:37.935+0200] {manager.py:878} INFO - 
================================================================================
DAG File Processing Stats

File Path                           PID    Runtime      # DAGs    # Errors  Last Runtime    Last Run
----------------------------------  -----  ---------  --------  ----------  --------------  -------------------
/opt/airflow/dags/etl_api_to_bi.py                           1           0  0.40s           2025-09-17T14:19:13
================================================================================
[2025-09-17T16:20:06.735+0200] {manager.py:878} INFO - 
================================================================================
DAG File Processing Stats

File Path                           PID    Runtime      # DAGs    # Errors  Last Runtime    Last Run
----------------------------------  -----  ---------  --------  ----------  --------------  -------------------
/opt/airflow/dags/etl_api_to_bi.py                           1           0  0.28s           2025-09-17T14:19:44
================================================================================
[2025-09-17T16:20:35.352+0200] {manager.py:878} INFO - 
================================================================================
DAG File Processing Stats

File Path                           PID    Runtime      # DAGs    # Errors  Last Runtime    Last Run
----------------------------------  -----  ---------  --------  ----------  --------------  -------------------
/opt/airflow/dags/etl_api_to_bi.py                           1           0  0.34s           2025-09-17T14:20:15
================================================================================
[2025-09-17T16:21:03.633+0200] {manager.py:878} INFO - 
================================================================================
DAG File Processing Stats

File Path                           PID    Runtime      # DAGs    # Errors  Last Runtime    Last Run
----------------------------------  -----  ---------  --------  ----------  --------------  -------------------
/opt/airflow/dags/etl_api_to_bi.py                           1           0  0.32s           2025-09-17T14:20:45
================================================================================
[2025-09-17T16:21:31.886+0200] {manager.py:878} INFO - 
================================================================================
DAG File Processing Stats

File Path                           PID    Runtime      # DAGs    # Errors  Last Runtime    Last Run
----------------------------------  -----  ---------  --------  ----------  --------------  -------------------
/opt/airflow/dags/etl_api_to_bi.py                           1           0  0.29s           2025-09-17T14:21:16
================================================================================
[2025-09-17T16:22:00.457+0200] {manager.py:878} INFO - 
================================================================================
DAG File Processing Stats

File Path                           PID    Runtime      # DAGs    # Errors  Last Runtime    Last Run
----------------------------------  -----  ---------  --------  ----------  --------------  -------------------
/opt/airflow/dags/etl_api_to_bi.py                           1           0  0.32s           2025-09-17T14:21:46
================================================================================
[2025-09-17T16:22:28.788+0200] {manager.py:878} INFO - 
================================================================================
DAG File Processing Stats

File Path                           PID    Runtime      # DAGs    # Errors  Last Runtime    Last Run
----------------------------------  -----  ---------  --------  ----------  --------------  -------------------
/opt/airflow/dags/etl_api_to_bi.py                           1           0  0.29s           2025-09-17T14:22:16
================================================================================
[2025-09-17T16:22:57.111+0200] {manager.py:878} INFO - 
================================================================================
DAG File Processing Stats

File Path                           PID    Runtime      # DAGs    # Errors  Last Runtime    Last Run
----------------------------------  -----  ---------  --------  ----------  --------------  -------------------
/opt/airflow/dags/etl_api_to_bi.py                           1           0  0.28s           2025-09-17T14:22:47
================================================================================
[2025-09-17T16:23:25.164+0200] {manager.py:878} INFO - 
================================================================================
DAG File Processing Stats

File Path                           PID    Runtime      # DAGs    # Errors  Last Runtime    Last Run
----------------------------------  -----  ---------  --------  ----------  --------------  -------------------
/opt/airflow/dags/etl_api_to_bi.py                           1           0  0.29s           2025-09-17T14:23:17
================================================================================
[2025-09-17T16:23:53.295+0200] {manager.py:878} INFO - 
================================================================================
DAG File Processing Stats

File Path                           PID    Runtime      # DAGs    # Errors  Last Runtime    Last Run
----------------------------------  -----  ---------  --------  ----------  --------------  -------------------
/opt/airflow/dags/etl_api_to_bi.py                           1           0  -2.12s          2025-09-17T14:23:46
================================================================================
[2025-09-17T16:24:15.597+0200] {manager.py:737} INFO - Searching for files in /opt/airflow/dags
[2025-09-17T16:24:15.628+0200] {manager.py:740} INFO - There are 1 files in /opt/airflow/dags
[2025-09-17T16:24:21.479+0200] {manager.py:878} INFO - 
================================================================================
DAG File Processing Stats

File Path                           PID    Runtime      # DAGs    # Errors  Last Runtime    Last Run
----------------------------------  -----  ---------  --------  ----------  --------------  -------------------
/opt/airflow/dags/etl_api_to_bi.py                           1           0  0.29s           2025-09-17T14:24:16
================================================================================
[2025-09-17T16:24:49.553+0200] {manager.py:878} INFO - 
================================================================================
DAG File Processing Stats

File Path                           PID    Runtime      # DAGs    # Errors  Last Runtime    Last Run
----------------------------------  -----  ---------  --------  ----------  --------------  -------------------
/opt/airflow/dags/etl_api_to_bi.py                           1           0  0.28s           2025-09-17T14:24:47
================================================================================
[2025-09-17T16:25:17.714+0200] {manager.py:878} INFO - 
================================================================================
DAG File Processing Stats

File Path                             PID  Runtime      # DAGs    # Errors  Last Runtime    Last Run
----------------------------------  -----  ---------  --------  ----------  --------------  -------------------
/opt/airflow/dags/etl_api_to_bi.py    568  0.01s             1           0  0.28s           2025-09-17T14:24:47
================================================================================
[2025-09-17T16:25:45.656+0200] {manager.py:878} INFO - 
================================================================================
DAG File Processing Stats

File Path                           PID    Runtime      # DAGs    # Errors  Last Runtime    Last Run
----------------------------------  -----  ---------  --------  ----------  --------------  -------------------
/opt/airflow/dags/etl_api_to_bi.py                           1           0  0.39s           2025-09-17T14:25:18
================================================================================
[2025-09-17T16:26:13.803+0200] {manager.py:878} INFO - 
================================================================================
DAG File Processing Stats

File Path                           PID    Runtime      # DAGs    # Errors  Last Runtime    Last Run
----------------------------------  -----  ---------  --------  ----------  --------------  -------------------
/opt/airflow/dags/etl_api_to_bi.py                           1           0  0.31s           2025-09-17T14:25:49
================================================================================
[2025-09-17T16:26:42.090+0200] {manager.py:878} INFO - 
================================================================================
DAG File Processing Stats

File Path                           PID    Runtime      # DAGs    # Errors  Last Runtime    Last Run
----------------------------------  -----  ---------  --------  ----------  --------------  -------------------
/opt/airflow/dags/etl_api_to_bi.py                           1           0  0.28s           2025-09-17T14:26:19
================================================================================
[2025-09-17T16:27:09.747+0200] {manager.py:878} INFO - 
================================================================================
DAG File Processing Stats

File Path                           PID    Runtime      # DAGs    # Errors  Last Runtime    Last Run
----------------------------------  -----  ---------  --------  ----------  --------------  -------------------
/opt/airflow/dags/etl_api_to_bi.py                           1           0  0.31s           2025-09-17T14:26:49
================================================================================
[2025-09-17T16:27:37.870+0200] {manager.py:878} INFO - 
================================================================================
DAG File Processing Stats

File Path                           PID    Runtime      # DAGs    # Errors  Last Runtime    Last Run
----------------------------------  -----  ---------  --------  ----------  --------------  -------------------
/opt/airflow/dags/etl_api_to_bi.py                           1           0  0.27s           2025-09-17T14:27:20
================================================================================
[2025-09-17T16:28:05.676+0200] {manager.py:878} INFO - 
================================================================================
DAG File Processing Stats

File Path                           PID    Runtime      # DAGs    # Errors  Last Runtime    Last Run
----------------------------------  -----  ---------  --------  ----------  --------------  -------------------
/opt/airflow/dags/etl_api_to_bi.py                           1           0  0.32s           2025-09-17T14:27:50
================================================================================
[2025-09-17T16:28:33.760+0200] {manager.py:878} INFO - 
================================================================================
DAG File Processing Stats

File Path                           PID    Runtime      # DAGs    # Errors  Last Runtime    Last Run
----------------------------------  -----  ---------  --------  ----------  --------------  -------------------
/opt/airflow/dags/etl_api_to_bi.py                           1           0  0.26s           2025-09-17T14:28:21
================================================================================
[2025-09-17T16:29:01.994+0200] {manager.py:878} INFO - 
================================================================================
DAG File Processing Stats

File Path                           PID    Runtime      # DAGs    # Errors  Last Runtime    Last Run
----------------------------------  -----  ---------  --------  ----------  --------------  -------------------
/opt/airflow/dags/etl_api_to_bi.py                           1           0  0.29s           2025-09-17T14:28:52
================================================================================
[2025-09-17T16:29:16.155+0200] {manager.py:737} INFO - Searching for files in /opt/airflow/dags
[2025-09-17T16:29:16.191+0200] {manager.py:740} INFO - There are 1 files in /opt/airflow/dags
[2025-09-17T16:29:29.962+0200] {manager.py:878} INFO - 
================================================================================
DAG File Processing Stats

File Path                           PID    Runtime      # DAGs    # Errors  Last Runtime    Last Run
----------------------------------  -----  ---------  --------  ----------  --------------  -------------------
/opt/airflow/dags/etl_api_to_bi.py                           1           0  0.26s           2025-09-17T14:29:23
================================================================================
[2025-09-17T16:29:57.674+0200] {manager.py:878} INFO - 
================================================================================
DAG File Processing Stats

File Path                           PID    Runtime      # DAGs    # Errors  Last Runtime    Last Run
----------------------------------  -----  ---------  --------  ----------  --------------  -------------------
/opt/airflow/dags/etl_api_to_bi.py                           1           0  1.18s           2025-09-17T14:29:54
================================================================================
[2025-09-17T16:30:25.379+0200] {manager.py:878} INFO - 
================================================================================
DAG File Processing Stats

File Path                           PID    Runtime      # DAGs    # Errors  Last Runtime    Last Run
----------------------------------  -----  ---------  --------  ----------  --------------  -------------------
/opt/airflow/dags/etl_api_to_bi.py                           1           0  0.49s           2025-09-17T14:30:25
================================================================================
[2025-09-17T16:30:53.011+0200] {manager.py:878} INFO - 
================================================================================
DAG File Processing Stats

File Path                           PID    Runtime      # DAGs    # Errors  Last Runtime    Last Run
----------------------------------  -----  ---------  --------  ----------  --------------  -------------------
/opt/airflow/dags/etl_api_to_bi.py                           1           0  0.49s           2025-09-17T14:30:25
================================================================================
[2025-09-17T16:31:21.117+0200] {manager.py:878} INFO - 
================================================================================
DAG File Processing Stats

File Path                           PID    Runtime      # DAGs    # Errors  Last Runtime    Last Run
----------------------------------  -----  ---------  --------  ----------  --------------  -------------------
/opt/airflow/dags/etl_api_to_bi.py                           1           0  0.26s           2025-09-17T14:30:56
================================================================================
[2025-09-17T16:31:49.123+0200] {manager.py:878} INFO - 
================================================================================
DAG File Processing Stats

File Path                           PID    Runtime      # DAGs    # Errors  Last Runtime    Last Run
----------------------------------  -----  ---------  --------  ----------  --------------  -------------------
/opt/airflow/dags/etl_api_to_bi.py                           1           0  0.25s           2025-09-17T14:31:27
================================================================================
[2025-09-17T16:32:17.183+0200] {manager.py:878} INFO - 
================================================================================
DAG File Processing Stats

File Path                           PID    Runtime      # DAGs    # Errors  Last Runtime    Last Run
----------------------------------  -----  ---------  --------  ----------  --------------  -------------------
/opt/airflow/dags/etl_api_to_bi.py                           1           0  0.26s           2025-09-17T14:31:58
================================================================================
[2025-09-17T16:32:45.334+0200] {manager.py:878} INFO - 
================================================================================
DAG File Processing Stats

File Path                           PID    Runtime      # DAGs    # Errors  Last Runtime    Last Run
----------------------------------  -----  ---------  --------  ----------  --------------  -------------------
/opt/airflow/dags/etl_api_to_bi.py                           1           0  0.25s           2025-09-17T14:32:29
================================================================================
[2025-09-17T16:33:13.243+0200] {manager.py:878} INFO - 
================================================================================
DAG File Processing Stats

File Path                           PID    Runtime      # DAGs    # Errors  Last Runtime    Last Run
----------------------------------  -----  ---------  --------  ----------  --------------  -------------------
/opt/airflow/dags/etl_api_to_bi.py                           1           0  -1.67s          2025-09-17T14:32:58
================================================================================
[2025-09-17T16:33:41.292+0200] {manager.py:878} INFO - 
================================================================================
DAG File Processing Stats

File Path                           PID    Runtime      # DAGs    # Errors  Last Runtime    Last Run
----------------------------------  -----  ---------  --------  ----------  --------------  -------------------
/opt/airflow/dags/etl_api_to_bi.py                           1           0  0.20s           2025-09-17T14:33:29
================================================================================
[2025-09-17T16:34:09.141+0200] {manager.py:878} INFO - 
================================================================================
DAG File Processing Stats

File Path                           PID    Runtime      # DAGs    # Errors  Last Runtime    Last Run
----------------------------------  -----  ---------  --------  ----------  --------------  -------------------
/opt/airflow/dags/etl_api_to_bi.py                           1           0  0.47s           2025-09-17T14:33:59
================================================================================
[2025-09-17T16:34:16.247+0200] {manager.py:737} INFO - Searching for files in /opt/airflow/dags
[2025-09-17T16:34:16.281+0200] {manager.py:740} INFO - There are 1 files in /opt/airflow/dags
[2025-09-17T16:34:37.136+0200] {manager.py:878} INFO - 
================================================================================
DAG File Processing Stats

File Path                           PID    Runtime      # DAGs    # Errors  Last Runtime    Last Run
----------------------------------  -----  ---------  --------  ----------  --------------  -------------------
/opt/airflow/dags/etl_api_to_bi.py                           1           0  0.24s           2025-09-17T14:34:30
================================================================================
[2025-09-17T16:35:05.263+0200] {manager.py:878} INFO - 
================================================================================
DAG File Processing Stats

File Path                           PID    Runtime      # DAGs    # Errors  Last Runtime    Last Run
----------------------------------  -----  ---------  --------  ----------  --------------  -------------------
/opt/airflow/dags/etl_api_to_bi.py                           1           0  0.33s           2025-09-17T14:35:01
================================================================================
[2025-09-17T16:35:33.221+0200] {manager.py:878} INFO - 
================================================================================
DAG File Processing Stats

File Path                           PID    Runtime      # DAGs    # Errors  Last Runtime    Last Run
----------------------------------  -----  ---------  --------  ----------  --------------  -------------------
/opt/airflow/dags/etl_api_to_bi.py                           1           0  0.30s           2025-09-17T14:35:32
================================================================================
[2025-09-17T16:36:01.056+0200] {manager.py:878} INFO - 
================================================================================
DAG File Processing Stats

File Path                           PID    Runtime      # DAGs    # Errors  Last Runtime    Last Run
----------------------------------  -----  ---------  --------  ----------  --------------  -------------------
/opt/airflow/dags/etl_api_to_bi.py                           1           0  0.30s           2025-09-17T14:35:32
================================================================================
[2025-09-17T16:36:29.108+0200] {manager.py:878} INFO - 
================================================================================
DAG File Processing Stats

File Path                           PID    Runtime      # DAGs    # Errors  Last Runtime    Last Run
----------------------------------  -----  ---------  --------  ----------  --------------  -------------------
/opt/airflow/dags/etl_api_to_bi.py                           1           0  0.26s           2025-09-17T14:36:03
================================================================================
[2025-09-17T16:36:57.017+0200] {manager.py:878} INFO - 
================================================================================
DAG File Processing Stats

File Path                           PID    Runtime      # DAGs    # Errors  Last Runtime    Last Run
----------------------------------  -----  ---------  --------  ----------  --------------  -------------------
/opt/airflow/dags/etl_api_to_bi.py                           1           0  0.29s           2025-09-17T14:36:34
================================================================================
[2025-09-17T16:37:25.179+0200] {manager.py:878} INFO - 
================================================================================
DAG File Processing Stats

File Path                           PID    Runtime      # DAGs    # Errors  Last Runtime    Last Run
----------------------------------  -----  ---------  --------  ----------  --------------  -------------------
/opt/airflow/dags/etl_api_to_bi.py                           1           0  0.26s           2025-09-17T14:37:05
================================================================================
[2025-09-17T16:37:53.318+0200] {manager.py:878} INFO - 
================================================================================
DAG File Processing Stats

File Path                           PID    Runtime      # DAGs    # Errors  Last Runtime    Last Run
----------------------------------  -----  ---------  --------  ----------  --------------  -------------------
/opt/airflow/dags/etl_api_to_bi.py                           1           0  0.38s           2025-09-17T14:37:36
================================================================================
[2025-09-17T16:38:21.333+0200] {manager.py:878} INFO - 
================================================================================
DAG File Processing Stats

File Path                           PID    Runtime      # DAGs    # Errors  Last Runtime    Last Run
----------------------------------  -----  ---------  --------  ----------  --------------  -------------------
/opt/airflow/dags/etl_api_to_bi.py                           1           0  0.28s           2025-09-17T14:38:07
================================================================================
[2025-09-17T16:38:49.052+0200] {manager.py:878} INFO - 
================================================================================
DAG File Processing Stats

File Path                           PID    Runtime      # DAGs    # Errors  Last Runtime    Last Run
----------------------------------  -----  ---------  --------  ----------  --------------  -------------------
/opt/airflow/dags/etl_api_to_bi.py                           1           0  0.36s           2025-09-17T14:38:37
================================================================================
[2025-09-17T16:39:16.635+0200] {manager.py:737} INFO - Searching for files in /opt/airflow/dags
[2025-09-17T16:39:16.674+0200] {manager.py:740} INFO - There are 1 files in /opt/airflow/dags
[2025-09-17T16:39:16.695+0200] {manager.py:878} INFO - 
================================================================================
DAG File Processing Stats

File Path                           PID    Runtime      # DAGs    # Errors  Last Runtime    Last Run
----------------------------------  -----  ---------  --------  ----------  --------------  -------------------
/opt/airflow/dags/etl_api_to_bi.py                           1           0  0.28s           2025-09-17T14:39:08
================================================================================
[2025-09-17T16:39:44.662+0200] {manager.py:878} INFO - 
================================================================================
DAG File Processing Stats

File Path                           PID    Runtime      # DAGs    # Errors  Last Runtime    Last Run
----------------------------------  -----  ---------  --------  ----------  --------------  -------------------
/opt/airflow/dags/etl_api_to_bi.py                           1           0  0.28s           2025-09-17T14:39:39
================================================================================
[2025-09-17T16:40:12.758+0200] {manager.py:878} INFO - 
================================================================================
DAG File Processing Stats

File Path                           PID    Runtime      # DAGs    # Errors  Last Runtime    Last Run
----------------------------------  -----  ---------  --------  ----------  --------------  -------------------
/opt/airflow/dags/etl_api_to_bi.py                           1           0  0.27s           2025-09-17T14:40:10
================================================================================
[2025-09-17T16:40:40.652+0200] {manager.py:878} INFO - 
================================================================================
DAG File Processing Stats

File Path                           PID    Runtime      # DAGs    # Errors  Last Runtime    Last Run
----------------------------------  -----  ---------  --------  ----------  --------------  -------------------
/opt/airflow/dags/etl_api_to_bi.py                           1           0  0.27s           2025-09-17T14:40:10
================================================================================
[2025-09-17T16:41:08.483+0200] {manager.py:878} INFO - 
================================================================================
DAG File Processing Stats

File Path                           PID    Runtime      # DAGs    # Errors  Last Runtime    Last Run
----------------------------------  -----  ---------  --------  ----------  --------------  -------------------
/opt/airflow/dags/etl_api_to_bi.py                           1           0  0.22s           2025-09-17T14:40:41
================================================================================
[2025-09-17T16:41:36.356+0200] {manager.py:878} INFO - 
================================================================================
DAG File Processing Stats

File Path                           PID    Runtime      # DAGs    # Errors  Last Runtime    Last Run
----------------------------------  -----  ---------  --------  ----------  --------------  -------------------
/opt/airflow/dags/etl_api_to_bi.py                           1           0  0.30s           2025-09-17T14:41:12
================================================================================
[2025-09-17T16:42:04.465+0200] {manager.py:878} INFO - 
================================================================================
DAG File Processing Stats

File Path                           PID    Runtime      # DAGs    # Errors  Last Runtime    Last Run
----------------------------------  -----  ---------  --------  ----------  --------------  -------------------
/opt/airflow/dags/etl_api_to_bi.py                           1           0  0.34s           2025-09-17T14:41:43
================================================================================
[2025-09-17T16:42:32.447+0200] {manager.py:878} INFO - 
================================================================================
DAG File Processing Stats

File Path                           PID    Runtime      # DAGs    # Errors  Last Runtime    Last Run
----------------------------------  -----  ---------  --------  ----------  --------------  -------------------
/opt/airflow/dags/etl_api_to_bi.py                           1           0  0.32s           2025-09-17T14:42:14
================================================================================
[2025-09-17T16:43:00.537+0200] {manager.py:878} INFO - 
================================================================================
DAG File Processing Stats

File Path                           PID    Runtime      # DAGs    # Errors  Last Runtime    Last Run
----------------------------------  -----  ---------  --------  ----------  --------------  -------------------
/opt/airflow/dags/etl_api_to_bi.py                           1           0  0.43s           2025-09-17T14:42:45
================================================================================
[2025-09-17T16:43:28.829+0200] {manager.py:878} INFO - 
================================================================================
DAG File Processing Stats

File Path                           PID    Runtime      # DAGs    # Errors  Last Runtime    Last Run
----------------------------------  -----  ---------  --------  ----------  --------------  -------------------
/opt/airflow/dags/etl_api_to_bi.py                           1           0  0.36s           2025-09-17T14:43:16
================================================================================
[2025-09-17T16:43:56.783+0200] {manager.py:878} INFO - 
================================================================================
DAG File Processing Stats

File Path                           PID    Runtime      # DAGs    # Errors  Last Runtime    Last Run
----------------------------------  -----  ---------  --------  ----------  --------------  -------------------
/opt/airflow/dags/etl_api_to_bi.py                           1           0  0.33s           2025-09-17T14:43:47
================================================================================
[2025-09-17T16:44:16.745+0200] {manager.py:737} INFO - Searching for files in /opt/airflow/dags
[2025-09-17T16:44:16.778+0200] {manager.py:740} INFO - There are 1 files in /opt/airflow/dags
[2025-09-17T16:44:24.907+0200] {manager.py:878} INFO - 
================================================================================
DAG File Processing Stats

File Path                           PID    Runtime      # DAGs    # Errors  Last Runtime    Last Run
----------------------------------  -----  ---------  --------  ----------  --------------  -------------------
/opt/airflow/dags/etl_api_to_bi.py                           1           0  0.26s           2025-09-17T14:44:18
================================================================================
[2025-09-17T16:44:52.799+0200] {manager.py:878} INFO - 
================================================================================
DAG File Processing Stats

File Path                           PID    Runtime      # DAGs    # Errors  Last Runtime    Last Run
----------------------------------  -----  ---------  --------  ----------  --------------  -------------------
/opt/airflow/dags/etl_api_to_bi.py                           1           0  0.33s           2025-09-17T14:44:50
================================================================================
[2025-09-17T16:45:20.793+0200] {manager.py:878} INFO - 
================================================================================
DAG File Processing Stats

File Path                             PID  Runtime      # DAGs    # Errors  Last Runtime    Last Run
----------------------------------  -----  ---------  --------  ----------  --------------  -------------------
/opt/airflow/dags/etl_api_to_bi.py    814  0.03s             1           0  0.33s           2025-09-17T14:44:50
================================================================================
[2025-09-17T16:45:48.460+0200] {manager.py:878} INFO - 
================================================================================
DAG File Processing Stats

File Path                           PID    Runtime      # DAGs    # Errors  Last Runtime    Last Run
----------------------------------  -----  ---------  --------  ----------  --------------  -------------------
/opt/airflow/dags/etl_api_to_bi.py                           1           0  0.81s           2025-09-17T14:45:21
================================================================================
[2025-09-17T16:46:16.350+0200] {manager.py:878} INFO - 
================================================================================
DAG File Processing Stats

File Path                           PID    Runtime      # DAGs    # Errors  Last Runtime    Last Run
----------------------------------  -----  ---------  --------  ----------  --------------  -------------------
/opt/airflow/dags/etl_api_to_bi.py                           1           0  0.24s           2025-09-17T14:45:52
================================================================================
[2025-09-17T16:46:44.413+0200] {manager.py:878} INFO - 
================================================================================
DAG File Processing Stats

File Path                           PID    Runtime      # DAGs    # Errors  Last Runtime    Last Run
----------------------------------  -----  ---------  --------  ----------  --------------  -------------------
/opt/airflow/dags/etl_api_to_bi.py                           1           0  0.29s           2025-09-17T14:46:23
================================================================================
[2025-09-17T16:47:12.363+0200] {manager.py:878} INFO - 
================================================================================
DAG File Processing Stats

File Path                           PID    Runtime      # DAGs    # Errors  Last Runtime    Last Run
----------------------------------  -----  ---------  --------  ----------  --------------  -------------------
/opt/airflow/dags/etl_api_to_bi.py                           1           0  0.25s           2025-09-17T14:46:54
================================================================================
[2025-09-17T16:47:37.705+0200] {manager.py:878} INFO - 
================================================================================
DAG File Processing Stats

File Path                           PID    Runtime      # DAGs    # Errors  Last Runtime    Last Run
----------------------------------  -----  ---------  --------  ----------  --------------  -------------------
/opt/airflow/dags/etl_api_to_bi.py                           1           0  0.23s           2025-09-17T14:47:25
================================================================================
[2025-09-17T16:48:05.631+0200] {manager.py:878} INFO - 
================================================================================
DAG File Processing Stats

File Path                           PID    Runtime      # DAGs    # Errors  Last Runtime    Last Run
----------------------------------  -----  ---------  --------  ----------  --------------  -------------------
/opt/airflow/dags/etl_api_to_bi.py                           1           0  0.28s           2025-09-17T14:47:56
================================================================================
[2025-09-17T16:48:33.662+0200] {manager.py:878} INFO - 
================================================================================
DAG File Processing Stats

File Path                           PID    Runtime      # DAGs    # Errors  Last Runtime    Last Run
----------------------------------  -----  ---------  --------  ----------  --------------  -------------------
/opt/airflow/dags/etl_api_to_bi.py                           1           0  0.32s           2025-09-17T14:48:27
================================================================================
[2025-09-17T16:49:01.591+0200] {manager.py:878} INFO - 
================================================================================
DAG File Processing Stats

File Path                           PID    Runtime      # DAGs    # Errors  Last Runtime    Last Run
----------------------------------  -----  ---------  --------  ----------  --------------  -------------------
/opt/airflow/dags/etl_api_to_bi.py                           1           0  0.41s           2025-09-17T14:48:58
================================================================================
[2025-09-17T16:49:16.864+0200] {manager.py:737} INFO - Searching for files in /opt/airflow/dags
[2025-09-17T16:49:16.894+0200] {manager.py:740} INFO - There are 1 files in /opt/airflow/dags
[2025-09-17T16:49:29.038+0200] {manager.py:878} INFO - 
================================================================================
DAG File Processing Stats

File Path                           PID    Runtime      # DAGs    # Errors  Last Runtime    Last Run
----------------------------------  -----  ---------  --------  ----------  --------------  -------------------
/opt/airflow/dags/etl_api_to_bi.py                           1           0  0.45s           2025-09-17T14:49:29
================================================================================
[2025-09-17T16:49:56.692+0200] {manager.py:878} INFO - 
================================================================================
DAG File Processing Stats

File Path                           PID    Runtime      # DAGs    # Errors  Last Runtime    Last Run
----------------------------------  -----  ---------  --------  ----------  --------------  -------------------
/opt/airflow/dags/etl_api_to_bi.py                           1           0  0.45s           2025-09-17T14:49:29
================================================================================
[2025-09-17T16:50:24.409+0200] {manager.py:878} INFO - 
================================================================================
DAG File Processing Stats

File Path                           PID    Runtime      # DAGs    # Errors  Last Runtime    Last Run
----------------------------------  -----  ---------  --------  ----------  --------------  -------------------
/opt/airflow/dags/etl_api_to_bi.py                           1           0  0.23s           2025-09-17T14:49:59
================================================================================
[2025-09-17T16:50:52.476+0200] {manager.py:878} INFO - 
================================================================================
DAG File Processing Stats

File Path                           PID    Runtime      # DAGs    # Errors  Last Runtime    Last Run
----------------------------------  -----  ---------  --------  ----------  --------------  -------------------
/opt/airflow/dags/etl_api_to_bi.py                           1           0  0.31s           2025-09-17T14:50:30
================================================================================
[2025-09-17T16:51:20.399+0200] {manager.py:878} INFO - 
================================================================================
DAG File Processing Stats

File Path                           PID    Runtime      # DAGs    # Errors  Last Runtime    Last Run
----------------------------------  -----  ---------  --------  ----------  --------------  -------------------
/opt/airflow/dags/etl_api_to_bi.py                           1           0  0.30s           2025-09-17T14:51:01
================================================================================
[2025-09-17T16:51:48.454+0200] {manager.py:878} INFO - 
================================================================================
DAG File Processing Stats

File Path                           PID    Runtime      # DAGs    # Errors  Last Runtime    Last Run
----------------------------------  -----  ---------  --------  ----------  --------------  -------------------
/opt/airflow/dags/etl_api_to_bi.py                           1           0  0.30s           2025-09-17T14:51:32
================================================================================
[2025-09-17T16:52:16.415+0200] {manager.py:878} INFO - 
================================================================================
DAG File Processing Stats

File Path                           PID    Runtime      # DAGs    # Errors  Last Runtime    Last Run
----------------------------------  -----  ---------  --------  ----------  --------------  -------------------
/opt/airflow/dags/etl_api_to_bi.py                           1           0  0.36s           2025-09-17T14:52:04
================================================================================
[2025-09-17T16:52:44.492+0200] {manager.py:878} INFO - 
================================================================================
DAG File Processing Stats

File Path                           PID    Runtime      # DAGs    # Errors  Last Runtime    Last Run
----------------------------------  -----  ---------  --------  ----------  --------------  -------------------
/opt/airflow/dags/etl_api_to_bi.py                           1           0  0.33s           2025-09-17T14:52:34
================================================================================
[2025-09-17T16:53:12.330+0200] {manager.py:878} INFO - 
================================================================================
DAG File Processing Stats

File Path                           PID    Runtime      # DAGs    # Errors  Last Runtime    Last Run
----------------------------------  -----  ---------  --------  ----------  --------------  -------------------
/opt/airflow/dags/etl_api_to_bi.py                           1           0  0.33s           2025-09-17T14:53:06
================================================================================
[2025-09-17T16:53:40.252+0200] {manager.py:878} INFO - 
================================================================================
DAG File Processing Stats

File Path                           PID    Runtime      # DAGs    # Errors  Last Runtime    Last Run
----------------------------------  -----  ---------  --------  ----------  --------------  -------------------
/opt/airflow/dags/etl_api_to_bi.py                           1           0  0.32s           2025-09-17T14:53:36
================================================================================
[2025-09-17T16:54:08.312+0200] {manager.py:878} INFO - 
================================================================================
DAG File Processing Stats

File Path                           PID    Runtime      # DAGs    # Errors  Last Runtime    Last Run
----------------------------------  -----  ---------  --------  ----------  --------------  -------------------
/opt/airflow/dags/etl_api_to_bi.py                           1           0  0.37s           2025-09-17T14:54:07
================================================================================
[2025-09-17T16:54:17.417+0200] {manager.py:737} INFO - Searching for files in /opt/airflow/dags
[2025-09-17T16:54:17.468+0200] {manager.py:740} INFO - There are 1 files in /opt/airflow/dags
[2025-09-17T16:54:36.238+0200] {manager.py:878} INFO - 
================================================================================
DAG File Processing Stats

File Path                           PID    Runtime      # DAGs    # Errors  Last Runtime    Last Run
----------------------------------  -----  ---------  --------  ----------  --------------  -------------------
/opt/airflow/dags/etl_api_to_bi.py                           1           0  0.37s           2025-09-17T14:54:07
================================================================================
[2025-09-17T16:55:03.807+0200] {manager.py:878} INFO - 
================================================================================
DAG File Processing Stats

File Path                           PID    Runtime      # DAGs    # Errors  Last Runtime    Last Run
----------------------------------  -----  ---------  --------  ----------  --------------  -------------------
/opt/airflow/dags/etl_api_to_bi.py                           1           0  0.44s           2025-09-17T14:54:38
================================================================================
[2025-09-17T16:55:32.466+0200] {manager.py:878} INFO - 
================================================================================
DAG File Processing Stats

File Path                           PID    Runtime      # DAGs    # Errors  Last Runtime    Last Run
----------------------------------  -----  ---------  --------  ----------  --------------  -------------------
/opt/airflow/dags/etl_api_to_bi.py                           1           0  0.28s           2025-09-17T14:55:09
================================================================================
[2025-09-17T16:56:00.080+0200] {manager.py:878} INFO - 
================================================================================
DAG File Processing Stats

File Path                           PID    Runtime      # DAGs    # Errors  Last Runtime    Last Run
----------------------------------  -----  ---------  --------  ----------  --------------  -------------------
/opt/airflow/dags/etl_api_to_bi.py                           1           0  0.28s           2025-09-17T14:55:40
================================================================================
[2025-09-17T16:56:28.023+0200] {manager.py:878} INFO - 
================================================================================
DAG File Processing Stats

File Path                           PID    Runtime      # DAGs    # Errors  Last Runtime    Last Run
----------------------------------  -----  ---------  --------  ----------  --------------  -------------------
/opt/airflow/dags/etl_api_to_bi.py                           1           0  0.76s           2025-09-17T14:56:11
================================================================================
[2025-09-17T16:56:56.393+0200] {manager.py:878} INFO - 
================================================================================
DAG File Processing Stats

File Path                           PID    Runtime      # DAGs    # Errors  Last Runtime    Last Run
----------------------------------  -----  ---------  --------  ----------  --------------  -------------------
/opt/airflow/dags/etl_api_to_bi.py                           1           0  0.35s           2025-09-17T14:56:41
================================================================================
[2025-09-17T16:57:23.819+0200] {manager.py:878} INFO - 
================================================================================
DAG File Processing Stats

File Path                           PID    Runtime      # DAGs    # Errors  Last Runtime    Last Run
----------------------------------  -----  ---------  --------  ----------  --------------  -------------------
/opt/airflow/dags/etl_api_to_bi.py                           1           0  0.53s           2025-09-17T14:57:12
================================================================================
[2025-09-17T16:57:51.520+0200] {manager.py:878} INFO - 
================================================================================
DAG File Processing Stats

File Path                           PID    Runtime      # DAGs    # Errors  Last Runtime    Last Run
----------------------------------  -----  ---------  --------  ----------  --------------  -------------------
/opt/airflow/dags/etl_api_to_bi.py                           1           0  -0.51s          2025-09-17T14:57:42
================================================================================
[2025-09-17T16:58:19.002+0200] {manager.py:878} INFO - 
================================================================================
DAG File Processing Stats

File Path                           PID    Runtime      # DAGs    # Errors  Last Runtime    Last Run
----------------------------------  -----  ---------  --------  ----------  --------------  -------------------
/opt/airflow/dags/etl_api_to_bi.py                           1           0  0.69s           2025-09-17T14:58:12
================================================================================
[2025-09-17T16:58:46.428+0200] {manager.py:878} INFO - 
================================================================================
DAG File Processing Stats

File Path                           PID    Runtime      # DAGs    # Errors  Last Runtime    Last Run
----------------------------------  -----  ---------  --------  ----------  --------------  -------------------
/opt/airflow/dags/etl_api_to_bi.py                           1           0  0.37s           2025-09-17T14:58:43
================================================================================
[2025-09-17T16:59:13.910+0200] {manager.py:878} INFO - 
================================================================================
DAG File Processing Stats

File Path                             PID  Runtime      # DAGs    # Errors  Last Runtime    Last Run
----------------------------------  -----  ---------  --------  ----------  --------------  -------------------
/opt/airflow/dags/etl_api_to_bi.py    960  0.01s             1           0  0.37s           2025-09-17T14:58:43
================================================================================
[2025-09-17T16:59:17.947+0200] {manager.py:737} INFO - Searching for files in /opt/airflow/dags
[2025-09-17T16:59:17.983+0200] {manager.py:740} INFO - There are 1 files in /opt/airflow/dags
[2025-09-17T16:59:41.649+0200] {manager.py:878} INFO - 
================================================================================
DAG File Processing Stats

File Path                           PID    Runtime      # DAGs    # Errors  Last Runtime    Last Run
----------------------------------  -----  ---------  --------  ----------  --------------  -------------------
/opt/airflow/dags/etl_api_to_bi.py                           1           0  0.22s           2025-09-17T14:59:14
================================================================================
[2025-09-17T17:00:09.610+0200] {manager.py:878} INFO - 
================================================================================
DAG File Processing Stats

File Path                           PID    Runtime      # DAGs    # Errors  Last Runtime    Last Run
----------------------------------  -----  ---------  --------  ----------  --------------  -------------------
/opt/airflow/dags/etl_api_to_bi.py                           1           0  0.25s           2025-09-17T14:59:44
================================================================================
[2025-09-17T17:00:37.405+0200] {manager.py:878} INFO - 
================================================================================
DAG File Processing Stats

File Path                           PID    Runtime      # DAGs    # Errors  Last Runtime    Last Run
----------------------------------  -----  ---------  --------  ----------  --------------  -------------------
/opt/airflow/dags/etl_api_to_bi.py                           1           0  0.31s           2025-09-17T15:00:15
================================================================================
[2025-09-17T17:01:05.476+0200] {manager.py:878} INFO - 
================================================================================
DAG File Processing Stats

File Path                           PID    Runtime      # DAGs    # Errors  Last Runtime    Last Run
----------------------------------  -----  ---------  --------  ----------  --------------  -------------------
/opt/airflow/dags/etl_api_to_bi.py                           1           0  0.24s           2025-09-17T15:00:46
================================================================================
[2025-09-17T17:01:33.522+0200] {manager.py:878} INFO - 
================================================================================
DAG File Processing Stats

File Path                           PID    Runtime      # DAGs    # Errors  Last Runtime    Last Run
----------------------------------  -----  ---------  --------  ----------  --------------  -------------------
/opt/airflow/dags/etl_api_to_bi.py                           1           0  0.27s           2025-09-17T15:01:17
================================================================================
[2025-09-17T17:02:01.536+0200] {manager.py:878} INFO - 
================================================================================
DAG File Processing Stats

File Path                           PID    Runtime      # DAGs    # Errors  Last Runtime    Last Run
----------------------------------  -----  ---------  --------  ----------  --------------  -------------------
/opt/airflow/dags/etl_api_to_bi.py                           1           0  0.24s           2025-09-17T15:01:49
================================================================================
[2025-09-17T17:02:29.407+0200] {manager.py:878} INFO - 
================================================================================
DAG File Processing Stats

File Path                           PID    Runtime      # DAGs    # Errors  Last Runtime    Last Run
----------------------------------  -----  ---------  --------  ----------  --------------  -------------------
/opt/airflow/dags/etl_api_to_bi.py                           1           0  0.30s           2025-09-17T15:02:19
================================================================================
[2025-09-17T17:02:57.314+0200] {manager.py:878} INFO - 
================================================================================
DAG File Processing Stats

File Path                           PID    Runtime      # DAGs    # Errors  Last Runtime    Last Run
----------------------------------  -----  ---------  --------  ----------  --------------  -------------------
/opt/airflow/dags/etl_api_to_bi.py                           1           0  0.27s           2025-09-17T15:02:50
================================================================================
[2025-09-17T17:03:25.133+0200] {manager.py:878} INFO - 
================================================================================
DAG File Processing Stats

File Path                           PID    Runtime      # DAGs    # Errors  Last Runtime    Last Run
----------------------------------  -----  ---------  --------  ----------  --------------  -------------------
/opt/airflow/dags/etl_api_to_bi.py                           1           0  0.27s           2025-09-17T15:03:21
================================================================================
[2025-09-17T17:03:53.015+0200] {manager.py:878} INFO - 
================================================================================
DAG File Processing Stats

File Path                           PID    Runtime      # DAGs    # Errors  Last Runtime    Last Run
----------------------------------  -----  ---------  --------  ----------  --------------  -------------------
/opt/airflow/dags/etl_api_to_bi.py                           1           0  0.67s           2025-09-17T15:03:51
================================================================================
[2025-09-17T17:04:18.018+0200] {manager.py:737} INFO - Searching for files in /opt/airflow/dags
[2025-09-17T17:04:18.058+0200] {manager.py:740} INFO - There are 1 files in /opt/airflow/dags
[2025-09-17T17:04:21.141+0200] {manager.py:878} INFO - 
================================================================================
DAG File Processing Stats

File Path                           PID    Runtime      # DAGs    # Errors  Last Runtime    Last Run
----------------------------------  -----  ---------  --------  ----------  --------------  -------------------
/opt/airflow/dags/etl_api_to_bi.py                           1           0  0.67s           2025-09-17T15:03:51
================================================================================
[2025-09-17T17:04:49.265+0200] {manager.py:878} INFO - 
================================================================================
DAG File Processing Stats

File Path                           PID    Runtime      # DAGs    # Errors  Last Runtime    Last Run
----------------------------------  -----  ---------  --------  ----------  --------------  -------------------
/opt/airflow/dags/etl_api_to_bi.py                           1           0  0.89s           2025-09-17T15:04:23
================================================================================
[2025-09-17T17:05:17.411+0200] {manager.py:878} INFO - 
================================================================================
DAG File Processing Stats

File Path                           PID    Runtime      # DAGs    # Errors  Last Runtime    Last Run
----------------------------------  -----  ---------  --------  ----------  --------------  -------------------
/opt/airflow/dags/etl_api_to_bi.py                           1           0  0.27s           2025-09-17T15:04:53
================================================================================
[2025-09-17T17:05:45.267+0200] {manager.py:878} INFO - 
================================================================================
DAG File Processing Stats

File Path                           PID    Runtime      # DAGs    # Errors  Last Runtime    Last Run
----------------------------------  -----  ---------  --------  ----------  --------------  -------------------
/opt/airflow/dags/etl_api_to_bi.py                           1           0  0.31s           2025-09-17T15:05:24
================================================================================
[2025-09-17T17:06:13.322+0200] {manager.py:878} INFO - 
================================================================================
DAG File Processing Stats

File Path                           PID    Runtime      # DAGs    # Errors  Last Runtime    Last Run
----------------------------------  -----  ---------  --------  ----------  --------------  -------------------
/opt/airflow/dags/etl_api_to_bi.py                           1           0  0.28s           2025-09-17T15:05:55
================================================================================
[2025-09-17T17:06:41.267+0200] {manager.py:878} INFO - 
================================================================================
DAG File Processing Stats

File Path                           PID    Runtime      # DAGs    # Errors  Last Runtime    Last Run
----------------------------------  -----  ---------  --------  ----------  --------------  -------------------
/opt/airflow/dags/etl_api_to_bi.py                           1           0  0.36s           2025-09-17T15:06:26
================================================================================
[2025-09-17T17:07:08.710+0200] {manager.py:878} INFO - 
================================================================================
DAG File Processing Stats

File Path                           PID    Runtime      # DAGs    # Errors  Last Runtime    Last Run
----------------------------------  -----  ---------  --------  ----------  --------------  -------------------
/opt/airflow/dags/etl_api_to_bi.py                           1           0  0.33s           2025-09-17T15:06:57
================================================================================
[2025-09-17T17:07:36.493+0200] {manager.py:878} INFO - 
================================================================================
DAG File Processing Stats

File Path                           PID    Runtime      # DAGs    # Errors  Last Runtime    Last Run
----------------------------------  -----  ---------  --------  ----------  --------------  -------------------
/opt/airflow/dags/etl_api_to_bi.py                           1           0  0.69s           2025-09-17T15:07:29
================================================================================
[2025-09-17T17:08:04.372+0200] {manager.py:878} INFO - 
================================================================================
DAG File Processing Stats

File Path                           PID    Runtime      # DAGs    # Errors  Last Runtime    Last Run
----------------------------------  -----  ---------  --------  ----------  --------------  -------------------
/opt/airflow/dags/etl_api_to_bi.py                           1           0  0.26s           2025-09-17T15:07:59
================================================================================
[2025-09-17T17:08:32.114+0200] {manager.py:878} INFO - 
================================================================================
DAG File Processing Stats

File Path                           PID    Runtime      # DAGs    # Errors  Last Runtime    Last Run
----------------------------------  -----  ---------  --------  ----------  --------------  -------------------
/opt/airflow/dags/etl_api_to_bi.py                           1           0  0.67s           2025-09-17T15:08:30
================================================================================
[2025-09-17T17:09:00.008+0200] {manager.py:878} INFO - 
================================================================================
DAG File Processing Stats

File Path                           PID    Runtime      # DAGs    # Errors  Last Runtime    Last Run
----------------------------------  -----  ---------  --------  ----------  --------------  -------------------
/opt/airflow/dags/etl_api_to_bi.py                           1           0  0.67s           2025-09-17T15:08:30
================================================================================
[2025-09-17T17:09:18.673+0200] {manager.py:737} INFO - Searching for files in /opt/airflow/dags
[2025-09-17T17:09:18.708+0200] {manager.py:740} INFO - There are 1 files in /opt/airflow/dags
[2025-09-17T17:09:27.839+0200] {manager.py:878} INFO - 
================================================================================
DAG File Processing Stats

File Path                           PID    Runtime      # DAGs    # Errors  Last Runtime    Last Run
----------------------------------  -----  ---------  --------  ----------  --------------  -------------------
/opt/airflow/dags/etl_api_to_bi.py                           1           0  0.24s           2025-09-17T15:09:01
================================================================================
[2025-09-17T17:09:55.667+0200] {manager.py:878} INFO - 
================================================================================
DAG File Processing Stats

File Path                           PID    Runtime      # DAGs    # Errors  Last Runtime    Last Run
----------------------------------  -----  ---------  --------  ----------  --------------  -------------------
/opt/airflow/dags/etl_api_to_bi.py                           1           0  0.62s           2025-09-17T15:09:32
================================================================================
[2025-09-17T17:10:23.079+0200] {manager.py:878} INFO - 
================================================================================
DAG File Processing Stats

File Path                           PID    Runtime      # DAGs    # Errors  Last Runtime    Last Run
----------------------------------  -----  ---------  --------  ----------  --------------  -------------------
/opt/airflow/dags/etl_api_to_bi.py                           1           0  0.30s           2025-09-17T15:10:02
================================================================================
[2025-09-17T17:10:50.792+0200] {manager.py:878} INFO - 
================================================================================
DAG File Processing Stats

File Path                           PID    Runtime      # DAGs    # Errors  Last Runtime    Last Run
----------------------------------  -----  ---------  --------  ----------  --------------  -------------------
/opt/airflow/dags/etl_api_to_bi.py                           1           0  0.28s           2025-09-17T15:10:33
================================================================================
[2025-09-17T17:11:18.589+0200] {manager.py:878} INFO - 
================================================================================
DAG File Processing Stats

File Path                           PID    Runtime      # DAGs    # Errors  Last Runtime    Last Run
----------------------------------  -----  ---------  --------  ----------  --------------  -------------------
/opt/airflow/dags/etl_api_to_bi.py                           1           0  0.35s           2025-09-17T15:11:04
================================================================================
[2025-09-17T17:11:46.213+0200] {manager.py:878} INFO - 
================================================================================
DAG File Processing Stats

File Path                           PID    Runtime      # DAGs    # Errors  Last Runtime    Last Run
----------------------------------  -----  ---------  --------  ----------  --------------  -------------------
/opt/airflow/dags/etl_api_to_bi.py                           1           0  0.77s           2025-09-17T15:11:36
================================================================================
[2025-09-17T17:12:13.726+0200] {manager.py:878} INFO - 
================================================================================
DAG File Processing Stats

File Path                           PID    Runtime      # DAGs    # Errors  Last Runtime    Last Run
----------------------------------  -----  ---------  --------  ----------  --------------  -------------------
/opt/airflow/dags/etl_api_to_bi.py                           1           0  0.29s           2025-09-17T15:12:06
================================================================================
[2025-09-17T17:12:41.426+0200] {manager.py:878} INFO - 
================================================================================
DAG File Processing Stats

File Path                           PID    Runtime      # DAGs    # Errors  Last Runtime    Last Run
----------------------------------  -----  ---------  --------  ----------  --------------  -------------------
/opt/airflow/dags/etl_api_to_bi.py                           1           0  0.33s           2025-09-17T15:12:37
================================================================================
[2025-09-17T17:13:09.281+0200] {manager.py:878} INFO - 
================================================================================
DAG File Processing Stats

File Path                           PID    Runtime      # DAGs    # Errors  Last Runtime    Last Run
----------------------------------  -----  ---------  --------  ----------  --------------  -------------------
/opt/airflow/dags/etl_api_to_bi.py                           1           0  0.56s           2025-09-17T15:13:08
================================================================================
[2025-09-17T17:13:37.059+0200] {manager.py:878} INFO - 
================================================================================
DAG File Processing Stats

File Path                           PID    Runtime      # DAGs    # Errors  Last Runtime    Last Run
----------------------------------  -----  ---------  --------  ----------  --------------  -------------------
/opt/airflow/dags/etl_api_to_bi.py                           1           0  0.56s           2025-09-17T15:13:08
================================================================================
[2025-09-17T17:14:05.072+0200] {manager.py:878} INFO - 
================================================================================
DAG File Processing Stats

File Path                           PID    Runtime      # DAGs    # Errors  Last Runtime    Last Run
----------------------------------  -----  ---------  --------  ----------  --------------  -------------------
/opt/airflow/dags/etl_api_to_bi.py                           1           0  0.29s           2025-09-17T15:13:39
================================================================================
[2025-09-17T17:14:18.702+0200] {manager.py:737} INFO - Searching for files in /opt/airflow/dags
[2025-09-17T17:14:18.754+0200] {manager.py:740} INFO - There are 1 files in /opt/airflow/dags
[2025-09-17T17:14:32.930+0200] {manager.py:878} INFO - 
================================================================================
DAG File Processing Stats

File Path                           PID    Runtime      # DAGs    # Errors  Last Runtime    Last Run
----------------------------------  -----  ---------  --------  ----------  --------------  -------------------
/opt/airflow/dags/etl_api_to_bi.py                           1           0  0.31s           2025-09-17T15:14:09
================================================================================
[2025-09-17T17:15:00.915+0200] {manager.py:878} INFO - 
================================================================================
DAG File Processing Stats

File Path                           PID    Runtime      # DAGs    # Errors  Last Runtime    Last Run
----------------------------------  -----  ---------  --------  ----------  --------------  -------------------
/opt/airflow/dags/etl_api_to_bi.py                           1           0  0.45s           2025-09-17T15:14:41
================================================================================
[2025-09-17T17:15:28.855+0200] {manager.py:878} INFO - 
================================================================================
DAG File Processing Stats

File Path                           PID    Runtime      # DAGs    # Errors  Last Runtime    Last Run
----------------------------------  -----  ---------  --------  ----------  --------------  -------------------
/opt/airflow/dags/etl_api_to_bi.py                           1           0  0.44s           2025-09-17T15:15:11
================================================================================
[2025-09-17T17:15:56.614+0200] {manager.py:878} INFO - 
================================================================================
DAG File Processing Stats

File Path                           PID    Runtime      # DAGs    # Errors  Last Runtime    Last Run
----------------------------------  -----  ---------  --------  ----------  --------------  -------------------
/opt/airflow/dags/etl_api_to_bi.py                           1           0  0.22s           2025-09-17T15:15:42
================================================================================
[2025-09-17T17:16:24.588+0200] {manager.py:878} INFO - 
================================================================================
DAG File Processing Stats

File Path                           PID    Runtime      # DAGs    # Errors  Last Runtime    Last Run
----------------------------------  -----  ---------  --------  ----------  --------------  -------------------
/opt/airflow/dags/etl_api_to_bi.py                           1           0  0.29s           2025-09-17T15:16:13
================================================================================
[2025-09-17T17:16:52.407+0200] {manager.py:878} INFO - 
================================================================================
DAG File Processing Stats

File Path                           PID    Runtime      # DAGs    # Errors  Last Runtime    Last Run
----------------------------------  -----  ---------  --------  ----------  --------------  -------------------
/opt/airflow/dags/etl_api_to_bi.py                           1           0  0.27s           2025-09-17T15:16:44
================================================================================
[2025-09-17T17:17:20.207+0200] {manager.py:878} INFO - 
================================================================================
DAG File Processing Stats

File Path                           PID    Runtime      # DAGs    # Errors  Last Runtime    Last Run
----------------------------------  -----  ---------  --------  ----------  --------------  -------------------
/opt/airflow/dags/etl_api_to_bi.py                           1           0  0.41s           2025-09-17T15:17:15
================================================================================
[2025-09-17T17:17:45.346+0200] {manager.py:878} INFO - 
================================================================================
DAG File Processing Stats

File Path                           PID    Runtime      # DAGs    # Errors  Last Runtime    Last Run
----------------------------------  -----  ---------  --------  ----------  --------------  -------------------
/opt/airflow/dags/etl_api_to_bi.py                           1           0  0.29s           2025-09-17T15:17:46
================================================================================
[2025-09-17T17:18:13.083+0200] {manager.py:878} INFO - 
================================================================================
DAG File Processing Stats

File Path                           PID    Runtime      # DAGs    # Errors  Last Runtime    Last Run
----------------------------------  -----  ---------  --------  ----------  --------------  -------------------
/opt/airflow/dags/etl_api_to_bi.py                           1           0  0.29s           2025-09-17T15:17:46
================================================================================
[2025-09-17T17:18:41.086+0200] {manager.py:878} INFO - 
================================================================================
DAG File Processing Stats

File Path                           PID    Runtime      # DAGs    # Errors  Last Runtime    Last Run
----------------------------------  -----  ---------  --------  ----------  --------------  -------------------
/opt/airflow/dags/etl_api_to_bi.py                           1           0  0.24s           2025-09-17T15:18:16
================================================================================
[2025-09-17T17:19:08.982+0200] {manager.py:878} INFO - 
================================================================================
DAG File Processing Stats

File Path                           PID    Runtime      # DAGs    # Errors  Last Runtime    Last Run
----------------------------------  -----  ---------  --------  ----------  --------------  -------------------
/opt/airflow/dags/etl_api_to_bi.py                           1           0  0.33s           2025-09-17T15:18:47
================================================================================
[2025-09-17T17:19:19.303+0200] {manager.py:737} INFO - Searching for files in /opt/airflow/dags
[2025-09-17T17:19:19.336+0200] {manager.py:740} INFO - There are 1 files in /opt/airflow/dags
[2025-09-17T17:19:37.211+0200] {manager.py:878} INFO - 
================================================================================
DAG File Processing Stats

File Path                           PID    Runtime      # DAGs    # Errors  Last Runtime    Last Run
----------------------------------  -----  ---------  --------  ----------  --------------  -------------------
/opt/airflow/dags/etl_api_to_bi.py                           1           0  0.22s           2025-09-17T15:19:18
================================================================================
[2025-09-17T17:20:05.055+0200] {manager.py:878} INFO - 
================================================================================
DAG File Processing Stats

File Path                           PID    Runtime      # DAGs    # Errors  Last Runtime    Last Run
----------------------------------  -----  ---------  --------  ----------  --------------  -------------------
/opt/airflow/dags/etl_api_to_bi.py                           1           0  0.24s           2025-09-17T15:19:48
================================================================================
[2025-09-17T17:20:33.039+0200] {manager.py:878} INFO - 
================================================================================
DAG File Processing Stats

File Path                           PID    Runtime      # DAGs    # Errors  Last Runtime    Last Run
----------------------------------  -----  ---------  --------  ----------  --------------  -------------------
/opt/airflow/dags/etl_api_to_bi.py                           1           0  0.33s           2025-09-17T15:20:19
================================================================================
[2025-09-17T17:21:00.874+0200] {manager.py:878} INFO - 
================================================================================
DAG File Processing Stats

File Path                           PID    Runtime      # DAGs    # Errors  Last Runtime    Last Run
----------------------------------  -----  ---------  --------  ----------  --------------  -------------------
/opt/airflow/dags/etl_api_to_bi.py                           1           0  0.32s           2025-09-17T15:20:50
================================================================================
[2025-09-17T17:21:28.616+0200] {manager.py:878} INFO - 
================================================================================
DAG File Processing Stats

File Path                           PID    Runtime      # DAGs    # Errors  Last Runtime    Last Run
----------------------------------  -----  ---------  --------  ----------  --------------  -------------------
/opt/airflow/dags/etl_api_to_bi.py                           1           0  0.25s           2025-09-17T15:21:21
================================================================================
[2025-09-17T17:21:56.601+0200] {manager.py:878} INFO - 
================================================================================
DAG File Processing Stats

File Path                           PID    Runtime      # DAGs    # Errors  Last Runtime    Last Run
----------------------------------  -----  ---------  --------  ----------  --------------  -------------------
/opt/airflow/dags/etl_api_to_bi.py                           1           0  0.27s           2025-09-17T15:21:52
================================================================================
[2025-09-17T17:22:24.509+0200] {manager.py:878} INFO - 
================================================================================
DAG File Processing Stats

File Path                           PID    Runtime      # DAGs    # Errors  Last Runtime    Last Run
----------------------------------  -----  ---------  --------  ----------  --------------  -------------------
/opt/airflow/dags/etl_api_to_bi.py                           1           0  0.28s           2025-09-17T15:22:22
================================================================================
[2025-09-17T17:22:52.214+0200] {manager.py:878} INFO - 
================================================================================
DAG File Processing Stats

File Path                           PID    Runtime      # DAGs    # Errors  Last Runtime    Last Run
----------------------------------  -----  ---------  --------  ----------  --------------  -------------------
/opt/airflow/dags/etl_api_to_bi.py                           1           0  0.28s           2025-09-17T15:22:22
================================================================================
[2025-09-17T17:23:20.210+0200] {manager.py:878} INFO - 
================================================================================
DAG File Processing Stats

File Path                           PID    Runtime      # DAGs    # Errors  Last Runtime    Last Run
----------------------------------  -----  ---------  --------  ----------  --------------  -------------------
/opt/airflow/dags/etl_api_to_bi.py                           1           0  0.25s           2025-09-17T15:22:53
================================================================================
[2025-09-17T17:23:47.914+0200] {manager.py:878} INFO - 
================================================================================
DAG File Processing Stats

File Path                           PID    Runtime      # DAGs    # Errors  Last Runtime    Last Run
----------------------------------  -----  ---------  --------  ----------  --------------  -------------------
/opt/airflow/dags/etl_api_to_bi.py                           1           0  0.27s           2025-09-17T15:23:24
================================================================================
[2025-09-17T17:24:15.838+0200] {manager.py:878} INFO - 
================================================================================
DAG File Processing Stats

File Path                           PID    Runtime      # DAGs    # Errors  Last Runtime    Last Run
----------------------------------  -----  ---------  --------  ----------  --------------  -------------------
/opt/airflow/dags/etl_api_to_bi.py                           1           0  0.31s           2025-09-17T15:23:55
================================================================================
[2025-09-17T17:24:19.869+0200] {manager.py:737} INFO - Searching for files in /opt/airflow/dags
[2025-09-17T17:24:19.911+0200] {manager.py:740} INFO - There are 1 files in /opt/airflow/dags
[2025-09-17T17:24:43.723+0200] {manager.py:878} INFO - 
================================================================================
DAG File Processing Stats

File Path                           PID    Runtime      # DAGs    # Errors  Last Runtime    Last Run
----------------------------------  -----  ---------  --------  ----------  --------------  -------------------
/opt/airflow/dags/etl_api_to_bi.py                           1           0  0.28s           2025-09-17T15:24:26
================================================================================
[2025-09-17T17:25:11.603+0200] {manager.py:878} INFO - 
================================================================================
DAG File Processing Stats

File Path                           PID    Runtime      # DAGs    # Errors  Last Runtime    Last Run
----------------------------------  -----  ---------  --------  ----------  --------------  -------------------
/opt/airflow/dags/etl_api_to_bi.py                           1           0  0.34s           2025-09-17T15:24:57
================================================================================
[2025-09-17T17:25:39.524+0200] {manager.py:878} INFO - 
================================================================================
DAG File Processing Stats

File Path                           PID    Runtime      # DAGs    # Errors  Last Runtime    Last Run
----------------------------------  -----  ---------  --------  ----------  --------------  -------------------
/opt/airflow/dags/etl_api_to_bi.py                           1           0  0.30s           2025-09-17T15:25:28
================================================================================
[2025-09-17T17:26:07.522+0200] {manager.py:878} INFO - 
================================================================================
DAG File Processing Stats

File Path                           PID    Runtime      # DAGs    # Errors  Last Runtime    Last Run
----------------------------------  -----  ---------  --------  ----------  --------------  -------------------
/opt/airflow/dags/etl_api_to_bi.py                           1           0  0.30s           2025-09-17T15:25:59
================================================================================
[2025-09-17T17:26:35.351+0200] {manager.py:878} INFO - 
================================================================================
DAG File Processing Stats

File Path                           PID    Runtime      # DAGs    # Errors  Last Runtime    Last Run
----------------------------------  -----  ---------  --------  ----------  --------------  -------------------
/opt/airflow/dags/etl_api_to_bi.py                           1           0  0.22s           2025-09-17T15:26:29
================================================================================
[2025-09-17T17:27:03.311+0200] {manager.py:878} INFO - 
================================================================================
DAG File Processing Stats

File Path                           PID    Runtime      # DAGs    # Errors  Last Runtime    Last Run
----------------------------------  -----  ---------  --------  ----------  --------------  -------------------
/opt/airflow/dags/etl_api_to_bi.py                           1           0  0.42s           2025-09-17T15:27:00
================================================================================
[2025-09-17T17:27:31.045+0200] {manager.py:878} INFO - 
================================================================================
DAG File Processing Stats

File Path                             PID  Runtime      # DAGs    # Errors  Last Runtime    Last Run
----------------------------------  -----  ---------  --------  ----------  --------------  -------------------
/opt/airflow/dags/etl_api_to_bi.py   1297  0.01s             1           0  0.42s           2025-09-17T15:27:00
================================================================================
[2025-09-17T17:27:58.826+0200] {manager.py:878} INFO - 
================================================================================
DAG File Processing Stats

File Path                           PID    Runtime      # DAGs    # Errors  Last Runtime    Last Run
----------------------------------  -----  ---------  --------  ----------  --------------  -------------------
/opt/airflow/dags/etl_api_to_bi.py                           1           0  0.23s           2025-09-17T15:27:31
================================================================================
[2025-09-17T17:28:26.694+0200] {manager.py:878} INFO - 
================================================================================
DAG File Processing Stats

File Path                           PID    Runtime      # DAGs    # Errors  Last Runtime    Last Run
----------------------------------  -----  ---------  --------  ----------  --------------  -------------------
/opt/airflow/dags/etl_api_to_bi.py                           1           0  0.35s           2025-09-17T15:28:02
================================================================================
[2025-09-17T17:28:54.775+0200] {manager.py:878} INFO - 
================================================================================
DAG File Processing Stats

File Path                           PID    Runtime      # DAGs    # Errors  Last Runtime    Last Run
----------------------------------  -----  ---------  --------  ----------  --------------  -------------------
/opt/airflow/dags/etl_api_to_bi.py                           1           0  0.32s           2025-09-17T15:28:33
================================================================================
[2025-09-17T17:29:20.512+0200] {manager.py:737} INFO - Searching for files in /opt/airflow/dags
[2025-09-17T17:29:20.560+0200] {manager.py:740} INFO - There are 1 files in /opt/airflow/dags
[2025-09-17T17:29:22.631+0200] {manager.py:878} INFO - 
================================================================================
DAG File Processing Stats

File Path                           PID    Runtime      # DAGs    # Errors  Last Runtime    Last Run
----------------------------------  -----  ---------  --------  ----------  --------------  -------------------
/opt/airflow/dags/etl_api_to_bi.py                           1           0  0.24s           2025-09-17T15:29:04
================================================================================
[2025-09-17T17:29:50.445+0200] {manager.py:878} INFO - 
================================================================================
DAG File Processing Stats

File Path                           PID    Runtime      # DAGs    # Errors  Last Runtime    Last Run
----------------------------------  -----  ---------  --------  ----------  --------------  -------------------
/opt/airflow/dags/etl_api_to_bi.py                           1           0  0.46s           2025-09-17T15:29:35
================================================================================
[2025-09-17T17:30:18.634+0200] {manager.py:878} INFO - 
================================================================================
DAG File Processing Stats

File Path                           PID    Runtime      # DAGs    # Errors  Last Runtime    Last Run
----------------------------------  -----  ---------  --------  ----------  --------------  -------------------
/opt/airflow/dags/etl_api_to_bi.py                           1           0  0.50s           2025-09-17T15:30:06
================================================================================
[2025-09-17T17:30:46.259+0200] {manager.py:878} INFO - 
================================================================================
DAG File Processing Stats

File Path                           PID    Runtime      # DAGs    # Errors  Last Runtime    Last Run
----------------------------------  -----  ---------  --------  ----------  --------------  -------------------
/opt/airflow/dags/etl_api_to_bi.py                           1           0  0.28s           2025-09-17T15:30:37
================================================================================
[2025-09-17T17:31:14.204+0200] {manager.py:878} INFO - 
================================================================================
DAG File Processing Stats

File Path                           PID    Runtime      # DAGs    # Errors  Last Runtime    Last Run
----------------------------------  -----  ---------  --------  ----------  --------------  -------------------
/opt/airflow/dags/etl_api_to_bi.py                           1           0  0.35s           2025-09-17T15:31:08
================================================================================
[2025-09-17T17:31:42.294+0200] {manager.py:878} INFO - 
================================================================================
DAG File Processing Stats

File Path                           PID    Runtime      # DAGs    # Errors  Last Runtime    Last Run
----------------------------------  -----  ---------  --------  ----------  --------------  -------------------
/opt/airflow/dags/etl_api_to_bi.py                           1           0  0.52s           2025-09-17T15:31:39
================================================================================
[2025-09-17T17:32:09.733+0200] {manager.py:878} INFO - 
================================================================================
DAG File Processing Stats

File Path                             PID  Runtime      # DAGs    # Errors  Last Runtime    Last Run
----------------------------------  -----  ---------  --------  ----------  --------------  -------------------
/opt/airflow/dags/etl_api_to_bi.py   1373  0.02s             1           0  0.52s           2025-09-17T15:31:39
================================================================================
[2025-09-17T17:32:36.976+0200] {manager.py:878} INFO - 
================================================================================
DAG File Processing Stats

File Path                           PID    Runtime      # DAGs    # Errors  Last Runtime    Last Run
----------------------------------  -----  ---------  --------  ----------  --------------  -------------------
/opt/airflow/dags/etl_api_to_bi.py                           1           0  0.61s           2025-09-17T15:32:10
================================================================================
[2025-09-17T17:33:05.147+0200] {manager.py:878} INFO - 
================================================================================
DAG File Processing Stats

File Path                           PID    Runtime      # DAGs    # Errors  Last Runtime    Last Run
----------------------------------  -----  ---------  --------  ----------  --------------  -------------------
/opt/airflow/dags/etl_api_to_bi.py                           1           0  0.28s           2025-09-17T15:32:40
================================================================================
[2025-09-17T17:33:32.935+0200] {manager.py:878} INFO - 
================================================================================
DAG File Processing Stats

File Path                           PID    Runtime      # DAGs    # Errors  Last Runtime    Last Run
----------------------------------  -----  ---------  --------  ----------  --------------  -------------------
/opt/airflow/dags/etl_api_to_bi.py                           1           0  0.26s           2025-09-17T15:33:11
================================================================================
[2025-09-17T17:34:00.685+0200] {manager.py:878} INFO - 
================================================================================
DAG File Processing Stats

File Path                           PID    Runtime      # DAGs    # Errors  Last Runtime    Last Run
----------------------------------  -----  ---------  --------  ----------  --------------  -------------------
/opt/airflow/dags/etl_api_to_bi.py                           1           0  0.28s           2025-09-17T15:33:42
================================================================================
[2025-09-17T17:34:20.534+0200] {manager.py:737} INFO - Searching for files in /opt/airflow/dags
[2025-09-17T17:34:20.569+0200] {manager.py:740} INFO - There are 1 files in /opt/airflow/dags
[2025-09-17T17:34:28.679+0200] {manager.py:878} INFO - 
================================================================================
DAG File Processing Stats

File Path                           PID    Runtime      # DAGs    # Errors  Last Runtime    Last Run
----------------------------------  -----  ---------  --------  ----------  --------------  -------------------
/opt/airflow/dags/etl_api_to_bi.py                           1           0  0.33s           2025-09-17T15:34:12
================================================================================
[2025-09-17T17:34:56.642+0200] {manager.py:878} INFO - 
================================================================================
DAG File Processing Stats

File Path                           PID    Runtime      # DAGs    # Errors  Last Runtime    Last Run
----------------------------------  -----  ---------  --------  ----------  --------------  -------------------
/opt/airflow/dags/etl_api_to_bi.py                           1           0  0.35s           2025-09-17T15:34:43
================================================================================
[2025-09-17T17:35:24.527+0200] {manager.py:878} INFO - 
================================================================================
DAG File Processing Stats

File Path                           PID    Runtime      # DAGs    # Errors  Last Runtime    Last Run
----------------------------------  -----  ---------  --------  ----------  --------------  -------------------
/opt/airflow/dags/etl_api_to_bi.py                           1           0  0.45s           2025-09-17T15:35:14
================================================================================
[2025-09-17T17:35:52.492+0200] {manager.py:878} INFO - 
================================================================================
DAG File Processing Stats

File Path                           PID    Runtime      # DAGs    # Errors  Last Runtime    Last Run
----------------------------------  -----  ---------  --------  ----------  --------------  -------------------
/opt/airflow/dags/etl_api_to_bi.py                           1           0  0.34s           2025-09-17T15:35:45
================================================================================
[2025-09-17T17:36:20.373+0200] {manager.py:878} INFO - 
================================================================================
DAG File Processing Stats

File Path                           PID    Runtime      # DAGs    # Errors  Last Runtime    Last Run
----------------------------------  -----  ---------  --------  ----------  --------------  -------------------
/opt/airflow/dags/etl_api_to_bi.py                           1           0  0.30s           2025-09-17T15:36:16
================================================================================
[2025-09-17T17:36:48.395+0200] {manager.py:878} INFO - 
================================================================================
DAG File Processing Stats

File Path                           PID    Runtime      # DAGs    # Errors  Last Runtime    Last Run
----------------------------------  -----  ---------  --------  ----------  --------------  -------------------
/opt/airflow/dags/etl_api_to_bi.py                           1           0  0.38s           2025-09-17T15:36:47
================================================================================
[2025-09-17T17:37:16.092+0200] {manager.py:878} INFO - 
================================================================================
DAG File Processing Stats

File Path                           PID    Runtime      # DAGs    # Errors  Last Runtime    Last Run
----------------------------------  -----  ---------  --------  ----------  --------------  -------------------
/opt/airflow/dags/etl_api_to_bi.py                           1           0  0.38s           2025-09-17T15:36:47
================================================================================
[2025-09-17T17:37:44.266+0200] {manager.py:878} INFO - 
================================================================================
DAG File Processing Stats

File Path                           PID    Runtime      # DAGs    # Errors  Last Runtime    Last Run
----------------------------------  -----  ---------  --------  ----------  --------------  -------------------
/opt/airflow/dags/etl_api_to_bi.py                           1           0  0.35s           2025-09-17T15:37:18
================================================================================
[2025-09-17T17:38:12.094+0200] {manager.py:878} INFO - 
================================================================================
DAG File Processing Stats

File Path                           PID    Runtime      # DAGs    # Errors  Last Runtime    Last Run
----------------------------------  -----  ---------  --------  ----------  --------------  -------------------
/opt/airflow/dags/etl_api_to_bi.py                           1           0  0.30s           2025-09-17T15:37:49
================================================================================
[2025-09-17T17:38:40.007+0200] {manager.py:878} INFO - 
================================================================================
DAG File Processing Stats

File Path                           PID    Runtime      # DAGs    # Errors  Last Runtime    Last Run
----------------------------------  -----  ---------  --------  ----------  --------------  -------------------
/opt/airflow/dags/etl_api_to_bi.py                           1           0  0.36s           2025-09-17T15:38:20
================================================================================
[2025-09-17T17:39:07.835+0200] {manager.py:878} INFO - 
================================================================================
DAG File Processing Stats

File Path                           PID    Runtime      # DAGs    # Errors  Last Runtime    Last Run
----------------------------------  -----  ---------  --------  ----------  --------------  -------------------
/opt/airflow/dags/etl_api_to_bi.py                           1           0  0.24s           2025-09-17T15:38:50
================================================================================
[2025-09-17T17:39:20.587+0200] {manager.py:737} INFO - Searching for files in /opt/airflow/dags
[2025-09-17T17:39:20.619+0200] {manager.py:740} INFO - There are 1 files in /opt/airflow/dags
[2025-09-17T17:39:35.818+0200] {manager.py:878} INFO - 
================================================================================
DAG File Processing Stats

File Path                           PID    Runtime      # DAGs    # Errors  Last Runtime    Last Run
----------------------------------  -----  ---------  --------  ----------  --------------  -------------------
/opt/airflow/dags/etl_api_to_bi.py                           1           0  0.25s           2025-09-17T15:39:21
================================================================================
[2025-09-17T17:40:03.712+0200] {manager.py:878} INFO - 
================================================================================
DAG File Processing Stats

File Path                           PID    Runtime      # DAGs    # Errors  Last Runtime    Last Run
----------------------------------  -----  ---------  --------  ----------  --------------  -------------------
/opt/airflow/dags/etl_api_to_bi.py                           1           0  0.26s           2025-09-17T15:39:52
================================================================================
[2025-09-17T17:40:31.669+0200] {manager.py:878} INFO - 
================================================================================
DAG File Processing Stats

File Path                           PID    Runtime      # DAGs    # Errors  Last Runtime    Last Run
----------------------------------  -----  ---------  --------  ----------  --------------  -------------------
/opt/airflow/dags/etl_api_to_bi.py                           1           0  0.25s           2025-09-17T15:40:23
================================================================================
[2025-09-17T17:40:59.567+0200] {manager.py:878} INFO - 
================================================================================
DAG File Processing Stats

File Path                           PID    Runtime      # DAGs    # Errors  Last Runtime    Last Run
----------------------------------  -----  ---------  --------  ----------  --------------  -------------------
/opt/airflow/dags/etl_api_to_bi.py                           1           0  0.22s           2025-09-17T15:40:54
================================================================================
[2025-09-17T17:41:27.335+0200] {manager.py:878} INFO - 
================================================================================
DAG File Processing Stats

File Path                           PID    Runtime      # DAGs    # Errors  Last Runtime    Last Run
----------------------------------  -----  ---------  --------  ----------  --------------  -------------------
/opt/airflow/dags/etl_api_to_bi.py                           1           0  0.22s           2025-09-17T15:41:25
================================================================================
[2025-09-17T17:41:55.021+0200] {manager.py:878} INFO - 
================================================================================
DAG File Processing Stats

File Path                           PID    Runtime      # DAGs    # Errors  Last Runtime    Last Run
----------------------------------  -----  ---------  --------  ----------  --------------  -------------------
/opt/airflow/dags/etl_api_to_bi.py                           1           0  0.22s           2025-09-17T15:41:25
================================================================================
[2025-09-17T17:42:22.983+0200] {manager.py:878} INFO - 
================================================================================
DAG File Processing Stats

File Path                           PID    Runtime      # DAGs    # Errors  Last Runtime    Last Run
----------------------------------  -----  ---------  --------  ----------  --------------  -------------------
/opt/airflow/dags/etl_api_to_bi.py                           1           0  0.26s           2025-09-17T15:41:56
================================================================================
[2025-09-17T17:42:51.008+0200] {manager.py:878} INFO - 
================================================================================
DAG File Processing Stats

File Path                           PID    Runtime      # DAGs    # Errors  Last Runtime    Last Run
----------------------------------  -----  ---------  --------  ----------  --------------  -------------------
/opt/airflow/dags/etl_api_to_bi.py                           1           0  0.29s           2025-09-17T15:42:26
================================================================================
[2025-09-17T17:43:18.941+0200] {manager.py:878} INFO - 
================================================================================
DAG File Processing Stats

File Path                           PID    Runtime      # DAGs    # Errors  Last Runtime    Last Run
----------------------------------  -----  ---------  --------  ----------  --------------  -------------------
/opt/airflow/dags/etl_api_to_bi.py                           1           0  0.29s           2025-09-17T15:42:57
================================================================================
[2025-09-17T17:43:46.657+0200] {manager.py:878} INFO - 
================================================================================
DAG File Processing Stats

File Path                           PID    Runtime      # DAGs    # Errors  Last Runtime    Last Run
----------------------------------  -----  ---------  --------  ----------  --------------  -------------------
/opt/airflow/dags/etl_api_to_bi.py                           1           0  0.56s           2025-09-17T15:43:29
================================================================================
[2025-09-17T17:44:14.445+0200] {manager.py:878} INFO - 
================================================================================
DAG File Processing Stats

File Path                           PID    Runtime      # DAGs    # Errors  Last Runtime    Last Run
----------------------------------  -----  ---------  --------  ----------  --------------  -------------------
/opt/airflow/dags/etl_api_to_bi.py                           1           0  0.29s           2025-09-17T15:44:00
================================================================================
[2025-09-17T17:44:21.003+0200] {manager.py:737} INFO - Searching for files in /opt/airflow/dags
[2025-09-17T17:44:21.038+0200] {manager.py:740} INFO - There are 1 files in /opt/airflow/dags
[2025-09-17T17:44:39.852+0200] {manager.py:878} INFO - 
================================================================================
DAG File Processing Stats

File Path                           PID    Runtime      # DAGs    # Errors  Last Runtime    Last Run
----------------------------------  -----  ---------  --------  ----------  --------------  -------------------
/opt/airflow/dags/etl_api_to_bi.py                           1           0  0.28s           2025-09-17T15:44:31
================================================================================
[2025-09-17T17:45:07.711+0200] {manager.py:878} INFO - 
================================================================================
DAG File Processing Stats

File Path                           PID    Runtime      # DAGs    # Errors  Last Runtime    Last Run
----------------------------------  -----  ---------  --------  ----------  --------------  -------------------
/opt/airflow/dags/etl_api_to_bi.py                           1           0  0.39s           2025-09-17T15:45:02
================================================================================
[2025-09-17T17:45:35.565+0200] {manager.py:878} INFO - 
================================================================================
DAG File Processing Stats

File Path                           PID    Runtime      # DAGs    # Errors  Last Runtime    Last Run
----------------------------------  -----  ---------  --------  ----------  --------------  -------------------
/opt/airflow/dags/etl_api_to_bi.py                           1           0  0.29s           2025-09-17T15:45:33
================================================================================
[2025-09-17T17:46:03.540+0200] {manager.py:878} INFO - 
================================================================================
DAG File Processing Stats

File Path                           PID    Runtime      # DAGs    # Errors  Last Runtime    Last Run
----------------------------------  -----  ---------  --------  ----------  --------------  -------------------
/opt/airflow/dags/etl_api_to_bi.py                           1           0  0.24s           2025-09-17T15:46:04
================================================================================
[2025-09-17T17:46:31.373+0200] {manager.py:878} INFO - 
================================================================================
DAG File Processing Stats

File Path                           PID    Runtime      # DAGs    # Errors  Last Runtime    Last Run
----------------------------------  -----  ---------  --------  ----------  --------------  -------------------
/opt/airflow/dags/etl_api_to_bi.py                           1           0  0.24s           2025-09-17T15:46:04
================================================================================
[2025-09-17T17:46:59.072+0200] {manager.py:878} INFO - 
================================================================================
DAG File Processing Stats

File Path                           PID    Runtime      # DAGs    # Errors  Last Runtime    Last Run
----------------------------------  -----  ---------  --------  ----------  --------------  -------------------
/opt/airflow/dags/etl_api_to_bi.py                           1           0  0.26s           2025-09-17T15:46:34
================================================================================
[2025-09-17T17:47:27.163+0200] {manager.py:878} INFO - 
================================================================================
DAG File Processing Stats

File Path                           PID    Runtime      # DAGs    # Errors  Last Runtime    Last Run
----------------------------------  -----  ---------  --------  ----------  --------------  -------------------
/opt/airflow/dags/etl_api_to_bi.py                           1           0  0.56s           2025-09-17T15:47:05
================================================================================
[2025-09-17T17:47:55.062+0200] {manager.py:878} INFO - 
================================================================================
DAG File Processing Stats

File Path                           PID    Runtime      # DAGs    # Errors  Last Runtime    Last Run
----------------------------------  -----  ---------  --------  ----------  --------------  -------------------
/opt/airflow/dags/etl_api_to_bi.py                           1           0  0.35s           2025-09-17T15:47:36
================================================================================
[2025-09-17T17:48:22.907+0200] {manager.py:878} INFO - 
================================================================================
DAG File Processing Stats

File Path                           PID    Runtime      # DAGs    # Errors  Last Runtime    Last Run
----------------------------------  -----  ---------  --------  ----------  --------------  -------------------
/opt/airflow/dags/etl_api_to_bi.py                           1           0  0.93s           2025-09-17T15:48:08
================================================================================
[2025-09-17T17:48:50.754+0200] {manager.py:878} INFO - 
================================================================================
DAG File Processing Stats

File Path                           PID    Runtime      # DAGs    # Errors  Last Runtime    Last Run
----------------------------------  -----  ---------  --------  ----------  --------------  -------------------
/opt/airflow/dags/etl_api_to_bi.py                           1           0  0.33s           2025-09-17T15:48:39
================================================================================
[2025-09-17T17:49:18.815+0200] {manager.py:878} INFO - 
================================================================================
DAG File Processing Stats

File Path                           PID    Runtime      # DAGs    # Errors  Last Runtime    Last Run
----------------------------------  -----  ---------  --------  ----------  --------------  -------------------
/opt/airflow/dags/etl_api_to_bi.py                           1           0  0.36s           2025-09-17T15:49:10
================================================================================
[2025-09-17T17:49:21.856+0200] {manager.py:737} INFO - Searching for files in /opt/airflow/dags
[2025-09-17T17:49:21.898+0200] {manager.py:740} INFO - There are 1 files in /opt/airflow/dags
[2025-09-17T17:49:46.871+0200] {manager.py:878} INFO - 
================================================================================
DAG File Processing Stats

File Path                           PID    Runtime      # DAGs    # Errors  Last Runtime    Last Run
----------------------------------  -----  ---------  --------  ----------  --------------  -------------------
/opt/airflow/dags/etl_api_to_bi.py                           1           0  0.34s           2025-09-17T15:49:41
================================================================================
[2025-09-17T17:50:14.728+0200] {manager.py:878} INFO - 
================================================================================
DAG File Processing Stats

File Path                           PID    Runtime      # DAGs    # Errors  Last Runtime    Last Run
----------------------------------  -----  ---------  --------  ----------  --------------  -------------------
/opt/airflow/dags/etl_api_to_bi.py                           1           0  0.33s           2025-09-17T15:50:12
================================================================================
[2025-09-17T17:50:42.569+0200] {manager.py:878} INFO - 
================================================================================
DAG File Processing Stats

File Path                           PID    Runtime      # DAGs    # Errors  Last Runtime    Last Run
----------------------------------  -----  ---------  --------  ----------  --------------  -------------------
/opt/airflow/dags/etl_api_to_bi.py                           1           0  0.33s           2025-09-17T15:50:12
================================================================================
[2025-09-17T17:51:10.499+0200] {manager.py:878} INFO - 
================================================================================
DAG File Processing Stats

File Path                           PID    Runtime      # DAGs    # Errors  Last Runtime    Last Run
----------------------------------  -----  ---------  --------  ----------  --------------  -------------------
/opt/airflow/dags/etl_api_to_bi.py                           1           0  0.38s           2025-09-17T15:50:43
================================================================================
[2025-09-17T17:51:38.302+0200] {manager.py:878} INFO - 
================================================================================
DAG File Processing Stats

File Path                           PID    Runtime      # DAGs    # Errors  Last Runtime    Last Run
----------------------------------  -----  ---------  --------  ----------  --------------  -------------------
/opt/airflow/dags/etl_api_to_bi.py                           1           0  0.33s           2025-09-17T15:51:14
================================================================================
[2025-09-17T17:52:06.343+0200] {manager.py:878} INFO - 
================================================================================
DAG File Processing Stats

File Path                           PID    Runtime      # DAGs    # Errors  Last Runtime    Last Run
----------------------------------  -----  ---------  --------  ----------  --------------  -------------------
/opt/airflow/dags/etl_api_to_bi.py                           1           0  0.31s           2025-09-17T15:51:45
================================================================================
[2025-09-17T17:52:34.175+0200] {manager.py:878} INFO - 
================================================================================
DAG File Processing Stats

File Path                           PID    Runtime      # DAGs    # Errors  Last Runtime    Last Run
----------------------------------  -----  ---------  --------  ----------  --------------  -------------------
/opt/airflow/dags/etl_api_to_bi.py                           1           0  0.45s           2025-09-17T15:52:16
================================================================================
[2025-09-17T17:53:02.407+0200] {manager.py:878} INFO - 
================================================================================
DAG File Processing Stats

File Path                           PID    Runtime      # DAGs    # Errors  Last Runtime    Last Run
----------------------------------  -----  ---------  --------  ----------  --------------  -------------------
/opt/airflow/dags/etl_api_to_bi.py                           1           0  0.36s           2025-09-17T15:52:47
================================================================================
[2025-09-17T17:53:30.380+0200] {manager.py:878} INFO - 
================================================================================
DAG File Processing Stats

File Path                           PID    Runtime      # DAGs    # Errors  Last Runtime    Last Run
----------------------------------  -----  ---------  --------  ----------  --------------  -------------------
/opt/airflow/dags/etl_api_to_bi.py                           1           0  0.29s           2025-09-17T15:53:18
================================================================================
[2025-09-17T17:53:57.842+0200] {manager.py:878} INFO - 
================================================================================
DAG File Processing Stats

File Path                           PID    Runtime      # DAGs    # Errors  Last Runtime    Last Run
----------------------------------  -----  ---------  --------  ----------  --------------  -------------------
/opt/airflow/dags/etl_api_to_bi.py                           1           0  -1.47s          2025-09-17T15:53:47
================================================================================
[2025-09-17T17:54:22.097+0200] {manager.py:737} INFO - Searching for files in /opt/airflow/dags
[2025-09-17T17:54:23.961+0200] {manager.py:740} INFO - There are 1 files in /opt/airflow/dags
[2025-09-17T17:54:25.616+0200] {manager.py:878} INFO - 
================================================================================
DAG File Processing Stats

File Path                           PID    Runtime      # DAGs    # Errors  Last Runtime    Last Run
----------------------------------  -----  ---------  --------  ----------  --------------  -------------------
/opt/airflow/dags/etl_api_to_bi.py                           1           0  2.42s           2025-09-17T15:54:21
================================================================================
[2025-09-17T17:54:54.856+0200] {manager.py:878} INFO - 
================================================================================
DAG File Processing Stats

File Path                           PID    Runtime      # DAGs    # Errors  Last Runtime    Last Run
----------------------------------  -----  ---------  --------  ----------  --------------  -------------------
/opt/airflow/dags/etl_api_to_bi.py                           1           0  0.33s           2025-09-17T15:54:51
================================================================================
[2025-09-17T17:55:21.299+0200] {manager.py:878} INFO - 
================================================================================
DAG File Processing Stats

File Path                           PID    Runtime      # DAGs    # Errors  Last Runtime    Last Run
----------------------------------  -----  ---------  --------  ----------  --------------  -------------------
/opt/airflow/dags/etl_api_to_bi.py                           1           0  0.33s           2025-09-17T15:54:51
================================================================================
[2025-09-17T17:55:48.505+0200] {manager.py:878} INFO - 
================================================================================
DAG File Processing Stats

File Path                           PID    Runtime      # DAGs    # Errors  Last Runtime    Last Run
----------------------------------  -----  ---------  --------  ----------  --------------  -------------------
/opt/airflow/dags/etl_api_to_bi.py                           1           0  0.32s           2025-09-17T15:55:22
================================================================================
[2025-09-17T17:56:16.751+0200] {manager.py:878} INFO - 
================================================================================
DAG File Processing Stats

File Path                           PID    Runtime      # DAGs    # Errors  Last Runtime    Last Run
----------------------------------  -----  ---------  --------  ----------  --------------  -------------------
/opt/airflow/dags/etl_api_to_bi.py                           1           0  0.24s           2025-09-17T15:55:53
================================================================================
[2025-09-17T17:56:44.849+0200] {manager.py:878} INFO - 
================================================================================
DAG File Processing Stats

File Path                           PID    Runtime      # DAGs    # Errors  Last Runtime    Last Run
----------------------------------  -----  ---------  --------  ----------  --------------  -------------------
/opt/airflow/dags/etl_api_to_bi.py                           1           0  0.25s           2025-09-17T15:56:24
================================================================================
[2025-09-17T17:57:12.820+0200] {manager.py:878} INFO - 
================================================================================
DAG File Processing Stats

File Path                           PID    Runtime      # DAGs    # Errors  Last Runtime    Last Run
----------------------------------  -----  ---------  --------  ----------  --------------  -------------------
/opt/airflow/dags/etl_api_to_bi.py                           1           0  0.26s           2025-09-17T15:56:55
================================================================================
[2025-09-17T17:57:40.772+0200] {manager.py:878} INFO - 
================================================================================
DAG File Processing Stats

File Path                           PID    Runtime      # DAGs    # Errors  Last Runtime    Last Run
----------------------------------  -----  ---------  --------  ----------  --------------  -------------------
/opt/airflow/dags/etl_api_to_bi.py                           1           0  0.26s           2025-09-17T15:57:26
================================================================================
[2025-09-17T17:58:08.556+0200] {manager.py:878} INFO - 
================================================================================
DAG File Processing Stats

File Path                           PID    Runtime      # DAGs    # Errors  Last Runtime    Last Run
----------------------------------  -----  ---------  --------  ----------  --------------  -------------------
/opt/airflow/dags/etl_api_to_bi.py                           1           0  0.27s           2025-09-17T15:57:56
================================================================================
[2025-09-17T17:58:36.549+0200] {manager.py:878} INFO - 
================================================================================
DAG File Processing Stats

File Path                           PID    Runtime      # DAGs    # Errors  Last Runtime    Last Run
----------------------------------  -----  ---------  --------  ----------  --------------  -------------------
/opt/airflow/dags/etl_api_to_bi.py                           1           0  0.29s           2025-09-17T15:58:27
================================================================================
[2025-09-17T17:59:04.555+0200] {manager.py:878} INFO - 
================================================================================
DAG File Processing Stats

File Path                           PID    Runtime      # DAGs    # Errors  Last Runtime    Last Run
----------------------------------  -----  ---------  --------  ----------  --------------  -------------------
/opt/airflow/dags/etl_api_to_bi.py                           1           0  0.30s           2025-09-17T15:58:58
================================================================================
[2025-09-17T17:59:22.273+0200] {manager.py:737} INFO - Searching for files in /opt/airflow/dags
[2025-09-17T17:59:22.320+0200] {manager.py:740} INFO - There are 1 files in /opt/airflow/dags
[2025-09-17T17:59:32.497+0200] {manager.py:878} INFO - 
================================================================================
DAG File Processing Stats

File Path                           PID    Runtime      # DAGs    # Errors  Last Runtime    Last Run
----------------------------------  -----  ---------  --------  ----------  --------------  -------------------
/opt/airflow/dags/etl_api_to_bi.py                           1           0  0.24s           2025-09-17T15:59:29
================================================================================
[2025-09-17T18:00:00.213+0200] {manager.py:878} INFO - 
================================================================================
DAG File Processing Stats

File Path                             PID  Runtime      # DAGs    # Errors  Last Runtime    Last Run
----------------------------------  -----  ---------  --------  ----------  --------------  -------------------
/opt/airflow/dags/etl_api_to_bi.py   1674  0.01s             1           0  0.24s           2025-09-17T15:59:29
================================================================================
[2025-09-17T18:00:28.023+0200] {manager.py:878} INFO - 
================================================================================
DAG File Processing Stats

File Path                           PID    Runtime      # DAGs    # Errors  Last Runtime    Last Run
----------------------------------  -----  ---------  --------  ----------  --------------  -------------------
/opt/airflow/dags/etl_api_to_bi.py                           1           0  0.23s           2025-09-17T16:00:00
================================================================================
[2025-09-17T18:00:55.879+0200] {manager.py:878} INFO - 
================================================================================
DAG File Processing Stats

File Path                           PID    Runtime      # DAGs    # Errors  Last Runtime    Last Run
----------------------------------  -----  ---------  --------  ----------  --------------  -------------------
/opt/airflow/dags/etl_api_to_bi.py                           1           0  0.29s           2025-09-17T16:00:31
================================================================================
[2025-09-17T18:01:23.799+0200] {manager.py:878} INFO - 
================================================================================
DAG File Processing Stats

File Path                           PID    Runtime      # DAGs    # Errors  Last Runtime    Last Run
----------------------------------  -----  ---------  --------  ----------  --------------  -------------------
/opt/airflow/dags/etl_api_to_bi.py                           1           0  0.30s           2025-09-17T16:01:02
================================================================================
[2025-09-17T18:01:51.696+0200] {manager.py:878} INFO - 
================================================================================
DAG File Processing Stats

File Path                           PID    Runtime      # DAGs    # Errors  Last Runtime    Last Run
----------------------------------  -----  ---------  --------  ----------  --------------  -------------------
/opt/airflow/dags/etl_api_to_bi.py                           1           0  0.29s           2025-09-17T16:01:33
================================================================================
[2025-09-17T18:02:19.861+0200] {manager.py:878} INFO - 
================================================================================
DAG File Processing Stats

File Path                           PID    Runtime      # DAGs    # Errors  Last Runtime    Last Run
----------------------------------  -----  ---------  --------  ----------  --------------  -------------------
/opt/airflow/dags/etl_api_to_bi.py                           1           0  0.96s           2025-09-17T16:02:04
================================================================================
[2025-09-17T18:02:47.722+0200] {manager.py:878} INFO - 
================================================================================
DAG File Processing Stats

File Path                           PID    Runtime      # DAGs    # Errors  Last Runtime    Last Run
----------------------------------  -----  ---------  --------  ----------  --------------  -------------------
/opt/airflow/dags/etl_api_to_bi.py                           1           0  0.26s           2025-09-17T16:02:35
================================================================================
[2025-09-17T18:03:15.598+0200] {manager.py:878} INFO - 
================================================================================
DAG File Processing Stats

File Path                           PID    Runtime      # DAGs    # Errors  Last Runtime    Last Run
----------------------------------  -----  ---------  --------  ----------  --------------  -------------------
/opt/airflow/dags/etl_api_to_bi.py                           1           0  0.25s           2025-09-17T16:03:06
================================================================================
[2025-09-17T18:03:43.272+0200] {manager.py:878} INFO - 
================================================================================
DAG File Processing Stats

File Path                           PID    Runtime      # DAGs    # Errors  Last Runtime    Last Run
----------------------------------  -----  ---------  --------  ----------  --------------  -------------------
/opt/airflow/dags/etl_api_to_bi.py                           1           0  0.24s           2025-09-17T16:03:37
================================================================================
[2025-09-17T18:04:11.151+0200] {manager.py:878} INFO - 
================================================================================
DAG File Processing Stats

File Path                           PID    Runtime      # DAGs    # Errors  Last Runtime    Last Run
----------------------------------  -----  ---------  --------  ----------  --------------  -------------------
/opt/airflow/dags/etl_api_to_bi.py                           1           0  0.26s           2025-09-17T16:04:08
================================================================================
[2025-09-17T18:04:22.294+0200] {manager.py:737} INFO - Searching for files in /opt/airflow/dags
[2025-09-17T18:04:22.333+0200] {manager.py:740} INFO - There are 1 files in /opt/airflow/dags
[2025-09-17T18:04:39.557+0200] {manager.py:878} INFO - 
================================================================================
DAG File Processing Stats

File Path                           PID    Runtime      # DAGs    # Errors  Last Runtime    Last Run
----------------------------------  -----  ---------  --------  ----------  --------------  -------------------
/opt/airflow/dags/etl_api_to_bi.py                           1           0  0.27s           2025-09-17T16:04:38
================================================================================
[2025-09-17T18:05:07.095+0200] {manager.py:878} INFO - 
================================================================================
DAG File Processing Stats

File Path                           PID    Runtime      # DAGs    # Errors  Last Runtime    Last Run
----------------------------------  -----  ---------  --------  ----------  --------------  -------------------
/opt/airflow/dags/etl_api_to_bi.py                           1           0  0.27s           2025-09-17T16:04:38
================================================================================
[2025-09-17T18:05:35.372+0200] {manager.py:878} INFO - 
================================================================================
DAG File Processing Stats

File Path                           PID    Runtime      # DAGs    # Errors  Last Runtime    Last Run
----------------------------------  -----  ---------  --------  ----------  --------------  -------------------
/opt/airflow/dags/etl_api_to_bi.py                           1           0  0.69s           2025-09-17T16:05:09
================================================================================
[2025-09-17T18:06:02.965+0200] {manager.py:878} INFO - 
================================================================================
DAG File Processing Stats

File Path                           PID    Runtime      # DAGs    # Errors  Last Runtime    Last Run
----------------------------------  -----  ---------  --------  ----------  --------------  -------------------
/opt/airflow/dags/etl_api_to_bi.py                           1           0  0.29s           2025-09-17T16:05:41
================================================================================
[2025-09-17T18:06:30.915+0200] {manager.py:878} INFO - 
================================================================================
DAG File Processing Stats

File Path                           PID    Runtime      # DAGs    # Errors  Last Runtime    Last Run
----------------------------------  -----  ---------  --------  ----------  --------------  -------------------
/opt/airflow/dags/etl_api_to_bi.py                           1           0  0.36s           2025-09-17T16:06:11
================================================================================
[2025-09-17T18:06:58.820+0200] {manager.py:878} INFO - 
================================================================================
DAG File Processing Stats

File Path                           PID    Runtime      # DAGs    # Errors  Last Runtime    Last Run
----------------------------------  -----  ---------  --------  ----------  --------------  -------------------
/opt/airflow/dags/etl_api_to_bi.py                           1           0  0.41s           2025-09-17T16:06:42
================================================================================
[2025-09-17T18:07:26.858+0200] {manager.py:878} INFO - 
================================================================================
DAG File Processing Stats

File Path                           PID    Runtime      # DAGs    # Errors  Last Runtime    Last Run
----------------------------------  -----  ---------  --------  ----------  --------------  -------------------
/opt/airflow/dags/etl_api_to_bi.py                           1           0  0.43s           2025-09-17T16:07:13
================================================================================
[2025-09-17T18:07:54.950+0200] {manager.py:878} INFO - 
================================================================================
DAG File Processing Stats

File Path                           PID    Runtime      # DAGs    # Errors  Last Runtime    Last Run
----------------------------------  -----  ---------  --------  ----------  --------------  -------------------
/opt/airflow/dags/etl_api_to_bi.py                           1           0  0.54s           2025-09-17T16:07:45
================================================================================
[2025-09-17T18:08:22.956+0200] {manager.py:878} INFO - 
================================================================================
DAG File Processing Stats

File Path                           PID    Runtime      # DAGs    # Errors  Last Runtime    Last Run
----------------------------------  -----  ---------  --------  ----------  --------------  -------------------
/opt/airflow/dags/etl_api_to_bi.py                           1           0  0.32s           2025-09-17T16:08:15
================================================================================
[2025-09-17T18:08:50.343+0200] {manager.py:878} INFO - 
================================================================================
DAG File Processing Stats

File Path                           PID    Runtime      # DAGs    # Errors  Last Runtime    Last Run
----------------------------------  -----  ---------  --------  ----------  --------------  -------------------
/opt/airflow/dags/etl_api_to_bi.py                           1           0  0.39s           2025-09-17T16:08:47
================================================================================
[2025-09-17T18:09:17.877+0200] {manager.py:878} INFO - 
================================================================================
DAG File Processing Stats

File Path                             PID  Runtime      # DAGs    # Errors  Last Runtime    Last Run
----------------------------------  -----  ---------  --------  ----------  --------------  -------------------
/opt/airflow/dags/etl_api_to_bi.py   1794  0.01s             1           0  0.39s           2025-09-17T16:08:47
================================================================================
[2025-09-17T18:09:22.500+0200] {manager.py:737} INFO - Searching for files in /opt/airflow/dags
[2025-09-17T18:09:22.545+0200] {manager.py:740} INFO - There are 1 files in /opt/airflow/dags
[2025-09-17T18:09:45.919+0200] {manager.py:878} INFO - 
================================================================================
DAG File Processing Stats

File Path                           PID    Runtime      # DAGs    # Errors  Last Runtime    Last Run
----------------------------------  -----  ---------  --------  ----------  --------------  -------------------
/opt/airflow/dags/etl_api_to_bi.py                           1           0  0.25s           2025-09-17T16:09:18
================================================================================
[2025-09-17T18:10:13.895+0200] {manager.py:878} INFO - 
================================================================================
DAG File Processing Stats

File Path                           PID    Runtime      # DAGs    # Errors  Last Runtime    Last Run
----------------------------------  -----  ---------  --------  ----------  --------------  -------------------
/opt/airflow/dags/etl_api_to_bi.py                           1           0  0.29s           2025-09-17T16:09:48
================================================================================
[2025-09-17T18:10:41.872+0200] {manager.py:878} INFO - 
================================================================================
DAG File Processing Stats

File Path                           PID    Runtime      # DAGs    # Errors  Last Runtime    Last Run
----------------------------------  -----  ---------  --------  ----------  --------------  -------------------
/opt/airflow/dags/etl_api_to_bi.py                           1           0  0.26s           2025-09-17T16:10:19
================================================================================
[2025-09-17T18:11:09.357+0200] {manager.py:878} INFO - 
================================================================================
DAG File Processing Stats

File Path                           PID    Runtime      # DAGs    # Errors  Last Runtime    Last Run
----------------------------------  -----  ---------  --------  ----------  --------------  -------------------
/opt/airflow/dags/etl_api_to_bi.py                           1           0  0.48s           2025-09-17T16:10:50
================================================================================
[2025-09-17T18:11:36.522+0200] {manager.py:878} INFO - 
================================================================================
DAG File Processing Stats

File Path                           PID    Runtime      # DAGs    # Errors  Last Runtime    Last Run
----------------------------------  -----  ---------  --------  ----------  --------------  -------------------
/opt/airflow/dags/etl_api_to_bi.py                           1           0  7.58s           2025-09-17T16:11:30
================================================================================
[2025-09-17T18:12:04.619+0200] {manager.py:878} INFO - 
================================================================================
DAG File Processing Stats

File Path                           PID    Runtime      # DAGs    # Errors  Last Runtime    Last Run
----------------------------------  -----  ---------  --------  ----------  --------------  -------------------
/opt/airflow/dags/etl_api_to_bi.py                           1           0  0.50s           2025-09-17T16:12:01
================================================================================
[2025-09-17T18:12:32.576+0200] {manager.py:878} INFO - 
================================================================================
DAG File Processing Stats

File Path                             PID  Runtime      # DAGs    # Errors  Last Runtime    Last Run
----------------------------------  -----  ---------  --------  ----------  --------------  -------------------
/opt/airflow/dags/etl_api_to_bi.py   1824  0.01s             1           0  0.50s           2025-09-17T16:12:01
================================================================================
[2025-09-17T18:13:00.286+0200] {manager.py:878} INFO - 
================================================================================
DAG File Processing Stats

File Path                           PID    Runtime      # DAGs    # Errors  Last Runtime    Last Run
----------------------------------  -----  ---------  --------  ----------  --------------  -------------------
/opt/airflow/dags/etl_api_to_bi.py                           1           0  0.77s           2025-09-17T16:12:33
================================================================================
[2025-09-17T18:13:27.890+0200] {manager.py:878} INFO - 
================================================================================
DAG File Processing Stats

File Path                           PID    Runtime      # DAGs    # Errors  Last Runtime    Last Run
----------------------------------  -----  ---------  --------  ----------  --------------  -------------------
/opt/airflow/dags/etl_api_to_bi.py                           1           0  0.57s           2025-09-17T16:13:04
================================================================================
[2025-09-17T18:13:55.375+0200] {manager.py:878} INFO - 
================================================================================
DAG File Processing Stats

File Path                           PID    Runtime      # DAGs    # Errors  Last Runtime    Last Run
----------------------------------  -----  ---------  --------  ----------  --------------  -------------------
/opt/airflow/dags/etl_api_to_bi.py                           1           0  0.55s           2025-09-17T16:13:34
================================================================================
[2025-09-17T18:14:23.267+0200] {manager.py:737} INFO - Searching for files in /opt/airflow/dags
[2025-09-17T18:14:23.346+0200] {manager.py:740} INFO - There are 1 files in /opt/airflow/dags
[2025-09-17T18:14:23.377+0200] {manager.py:878} INFO - 
================================================================================
DAG File Processing Stats

File Path                           PID    Runtime      # DAGs    # Errors  Last Runtime    Last Run
----------------------------------  -----  ---------  --------  ----------  --------------  -------------------
/opt/airflow/dags/etl_api_to_bi.py                           1           0  0.42s           2025-09-17T16:14:05
================================================================================
[2025-09-17T18:14:50.895+0200] {manager.py:878} INFO - 
================================================================================
DAG File Processing Stats

File Path                           PID    Runtime      # DAGs    # Errors  Last Runtime    Last Run
----------------------------------  -----  ---------  --------  ----------  --------------  -------------------
/opt/airflow/dags/etl_api_to_bi.py                           1           0  0.41s           2025-09-17T16:14:36
================================================================================
[2025-09-17T18:15:18.294+0200] {manager.py:878} INFO - 
================================================================================
DAG File Processing Stats

File Path                           PID    Runtime      # DAGs    # Errors  Last Runtime    Last Run
----------------------------------  -----  ---------  --------  ----------  --------------  -------------------
/opt/airflow/dags/etl_api_to_bi.py                           1           0  0.64s           2025-09-17T16:15:07
================================================================================
[2025-09-17T18:15:45.790+0200] {manager.py:878} INFO - 
================================================================================
DAG File Processing Stats

File Path                           PID    Runtime      # DAGs    # Errors  Last Runtime    Last Run
----------------------------------  -----  ---------  --------  ----------  --------------  -------------------
/opt/airflow/dags/etl_api_to_bi.py                           1           0  0.63s           2025-09-17T16:15:38
================================================================================
[2025-09-17T18:16:13.525+0200] {manager.py:878} INFO - 
================================================================================
DAG File Processing Stats

File Path                           PID    Runtime      # DAGs    # Errors  Last Runtime    Last Run
----------------------------------  -----  ---------  --------  ----------  --------------  -------------------
/opt/airflow/dags/etl_api_to_bi.py                           1           0  0.51s           2025-09-17T16:16:09
================================================================================
[2025-09-17T18:16:40.655+0200] {manager.py:878} INFO - 
================================================================================
DAG File Processing Stats

File Path                           PID    Runtime      # DAGs    # Errors  Last Runtime    Last Run
----------------------------------  -----  ---------  --------  ----------  --------------  -------------------
/opt/airflow/dags/etl_api_to_bi.py                           1           0  0.27s           2025-09-17T16:16:40
================================================================================
[2025-09-17T18:17:08.734+0200] {manager.py:878} INFO - 
================================================================================
DAG File Processing Stats

File Path                           PID    Runtime      # DAGs    # Errors  Last Runtime    Last Run
----------------------------------  -----  ---------  --------  ----------  --------------  -------------------
/opt/airflow/dags/etl_api_to_bi.py                           1           0  0.27s           2025-09-17T16:16:40
================================================================================
[2025-09-17T18:17:36.975+0200] {manager.py:878} INFO - 
================================================================================
DAG File Processing Stats

File Path                           PID    Runtime      # DAGs    # Errors  Last Runtime    Last Run
----------------------------------  -----  ---------  --------  ----------  --------------  -------------------
/opt/airflow/dags/etl_api_to_bi.py                           1           0  0.31s           2025-09-17T16:17:11
================================================================================
[2025-09-17T18:18:04.430+0200] {manager.py:878} INFO - 
================================================================================
DAG File Processing Stats

File Path                           PID    Runtime      # DAGs    # Errors  Last Runtime    Last Run
----------------------------------  -----  ---------  --------  ----------  --------------  -------------------
/opt/airflow/dags/etl_api_to_bi.py                           1           0  0.31s           2025-09-17T16:17:41
================================================================================
[2025-09-17T18:18:33.739+0200] {manager.py:878} INFO - 
================================================================================
DAG File Processing Stats

File Path                           PID    Runtime      # DAGs    # Errors  Last Runtime    Last Run
----------------------------------  -----  ---------  --------  ----------  --------------  -------------------
/opt/airflow/dags/etl_api_to_bi.py                           1           0  0.24s           2025-09-17T16:18:12
================================================================================
[2025-09-17T18:19:01.733+0200] {manager.py:878} INFO - 
================================================================================
DAG File Processing Stats

File Path                           PID    Runtime      # DAGs    # Errors  Last Runtime    Last Run
----------------------------------  -----  ---------  --------  ----------  --------------  -------------------
/opt/airflow/dags/etl_api_to_bi.py                           1           0  0.26s           2025-09-17T16:18:43
================================================================================
[2025-09-17T18:19:23.321+0200] {manager.py:737} INFO - Searching for files in /opt/airflow/dags
[2025-09-17T18:19:23.359+0200] {manager.py:740} INFO - There are 1 files in /opt/airflow/dags
[2025-09-17T18:19:30.033+0200] {manager.py:878} INFO - 
================================================================================
DAG File Processing Stats

File Path                           PID    Runtime      # DAGs    # Errors  Last Runtime    Last Run
----------------------------------  -----  ---------  --------  ----------  --------------  -------------------
/opt/airflow/dags/etl_api_to_bi.py                           1           0  0.33s           2025-09-17T16:19:14
================================================================================
[2025-09-17T18:19:57.937+0200] {manager.py:878} INFO - 
================================================================================
DAG File Processing Stats

File Path                           PID    Runtime      # DAGs    # Errors  Last Runtime    Last Run
----------------------------------  -----  ---------  --------  ----------  --------------  -------------------
/opt/airflow/dags/etl_api_to_bi.py                           1           0  0.25s           2025-09-17T16:19:44
================================================================================
[2025-09-17T18:20:25.994+0200] {manager.py:878} INFO - 
================================================================================
DAG File Processing Stats

File Path                           PID    Runtime      # DAGs    # Errors  Last Runtime    Last Run
----------------------------------  -----  ---------  --------  ----------  --------------  -------------------
/opt/airflow/dags/etl_api_to_bi.py                           1           0  0.23s           2025-09-17T16:20:15
================================================================================
[2025-09-17T18:20:54.163+0200] {manager.py:878} INFO - 
================================================================================
DAG File Processing Stats

File Path                           PID    Runtime      # DAGs    # Errors  Last Runtime    Last Run
----------------------------------  -----  ---------  --------  ----------  --------------  -------------------
/opt/airflow/dags/etl_api_to_bi.py                           1           0  0.23s           2025-09-17T16:20:46
================================================================================
[2025-09-17T18:21:22.089+0200] {manager.py:878} INFO - 
================================================================================
DAG File Processing Stats

File Path                           PID    Runtime      # DAGs    # Errors  Last Runtime    Last Run
----------------------------------  -----  ---------  --------  ----------  --------------  -------------------
/opt/airflow/dags/etl_api_to_bi.py                           1           0  0.22s           2025-09-17T16:21:17
================================================================================
[2025-09-17T18:21:50.175+0200] {manager.py:878} INFO - 
================================================================================
DAG File Processing Stats

File Path                           PID    Runtime      # DAGs    # Errors  Last Runtime    Last Run
----------------------------------  -----  ---------  --------  ----------  --------------  -------------------
/opt/airflow/dags/etl_api_to_bi.py                           1           0  0.26s           2025-09-17T16:21:48
================================================================================
[2025-09-17T18:22:18.120+0200] {manager.py:878} INFO - 
================================================================================
DAG File Processing Stats

File Path                           PID    Runtime      # DAGs    # Errors  Last Runtime    Last Run
----------------------------------  -----  ---------  --------  ----------  --------------  -------------------
/opt/airflow/dags/etl_api_to_bi.py                           1           0  0.26s           2025-09-17T16:21:48
================================================================================
[2025-09-17T18:22:46.053+0200] {manager.py:878} INFO - 
================================================================================
DAG File Processing Stats

File Path                           PID    Runtime      # DAGs    # Errors  Last Runtime    Last Run
----------------------------------  -----  ---------  --------  ----------  --------------  -------------------
/opt/airflow/dags/etl_api_to_bi.py                           1           0  0.25s           2025-09-17T16:22:19
================================================================================
[2025-09-17T18:23:14.107+0200] {manager.py:878} INFO - 
================================================================================
DAG File Processing Stats

File Path                           PID    Runtime      # DAGs    # Errors  Last Runtime    Last Run
----------------------------------  -----  ---------  --------  ----------  --------------  -------------------
/opt/airflow/dags/etl_api_to_bi.py                           1           0  0.30s           2025-09-17T16:22:50
================================================================================
[2025-09-17T18:23:42.065+0200] {manager.py:878} INFO - 
================================================================================
DAG File Processing Stats

File Path                           PID    Runtime      # DAGs    # Errors  Last Runtime    Last Run
----------------------------------  -----  ---------  --------  ----------  --------------  -------------------
/opt/airflow/dags/etl_api_to_bi.py                           1           0  0.36s           2025-09-17T16:23:21
================================================================================
[2025-09-17T18:24:10.288+0200] {manager.py:878} INFO - 
================================================================================
DAG File Processing Stats

File Path                           PID    Runtime      # DAGs    # Errors  Last Runtime    Last Run
----------------------------------  -----  ---------  --------  ----------  --------------  -------------------
/opt/airflow/dags/etl_api_to_bi.py                           1           0  0.42s           2025-09-17T16:23:52
================================================================================
[2025-09-17T18:24:23.457+0200] {manager.py:737} INFO - Searching for files in /opt/airflow/dags
[2025-09-17T18:24:23.506+0200] {manager.py:740} INFO - There are 1 files in /opt/airflow/dags
[2025-09-17T18:24:38.505+0200] {manager.py:878} INFO - 
================================================================================
DAG File Processing Stats

File Path                           PID    Runtime      # DAGs    # Errors  Last Runtime    Last Run
----------------------------------  -----  ---------  --------  ----------  --------------  -------------------
/opt/airflow/dags/etl_api_to_bi.py                           1           0  0.25s           2025-09-17T16:24:23
================================================================================
[2025-09-17T18:25:06.096+0200] {manager.py:878} INFO - 
================================================================================
DAG File Processing Stats

File Path                           PID    Runtime      # DAGs    # Errors  Last Runtime    Last Run
----------------------------------  -----  ---------  --------  ----------  --------------  -------------------
/opt/airflow/dags/etl_api_to_bi.py                           1           0  0.61s           2025-09-17T16:24:55
================================================================================
[2025-09-17T18:25:33.896+0200] {manager.py:878} INFO - 
================================================================================
DAG File Processing Stats

File Path                           PID    Runtime      # DAGs    # Errors  Last Runtime    Last Run
----------------------------------  -----  ---------  --------  ----------  --------------  -------------------
/opt/airflow/dags/etl_api_to_bi.py                           1           0  0.24s           2025-09-17T16:25:25
================================================================================
[2025-09-17T18:26:01.958+0200] {manager.py:878} INFO - 
================================================================================
DAG File Processing Stats

File Path                           PID    Runtime      # DAGs    # Errors  Last Runtime    Last Run
----------------------------------  -----  ---------  --------  ----------  --------------  -------------------
/opt/airflow/dags/etl_api_to_bi.py                           1           0  0.25s           2025-09-17T16:25:55
================================================================================
[2025-09-17T18:26:29.895+0200] {manager.py:878} INFO - 
================================================================================
DAG File Processing Stats

File Path                           PID    Runtime      # DAGs    # Errors  Last Runtime    Last Run
----------------------------------  -----  ---------  --------  ----------  --------------  -------------------
/opt/airflow/dags/etl_api_to_bi.py                           1           0  0.30s           2025-09-17T16:26:27
================================================================================
[2025-09-17T18:26:57.913+0200] {manager.py:878} INFO - 
================================================================================
DAG File Processing Stats

File Path                             PID  Runtime      # DAGs    # Errors  Last Runtime    Last Run
----------------------------------  -----  ---------  --------  ----------  --------------  -------------------
/opt/airflow/dags/etl_api_to_bi.py   1995  0.01s             1           0  0.30s           2025-09-17T16:26:27
================================================================================
[2025-09-17T18:27:25.808+0200] {manager.py:878} INFO - 
================================================================================
DAG File Processing Stats

File Path                           PID    Runtime      # DAGs    # Errors  Last Runtime    Last Run
----------------------------------  -----  ---------  --------  ----------  --------------  -------------------
/opt/airflow/dags/etl_api_to_bi.py                           1           0  0.23s           2025-09-17T16:26:58
================================================================================
[2025-09-17T18:27:53.783+0200] {manager.py:878} INFO - 
================================================================================
DAG File Processing Stats

File Path                           PID    Runtime      # DAGs    # Errors  Last Runtime    Last Run
----------------------------------  -----  ---------  --------  ----------  --------------  -------------------
/opt/airflow/dags/etl_api_to_bi.py                           1           0  0.26s           2025-09-17T16:27:29
================================================================================
[2025-09-17T18:28:21.607+0200] {manager.py:878} INFO - 
================================================================================
DAG File Processing Stats

File Path                           PID    Runtime      # DAGs    # Errors  Last Runtime    Last Run
----------------------------------  -----  ---------  --------  ----------  --------------  -------------------
/opt/airflow/dags/etl_api_to_bi.py                           1           0  0.36s           2025-09-17T16:28:00
================================================================================
[2025-09-17T18:28:49.100+0200] {manager.py:878} INFO - 
================================================================================
DAG File Processing Stats

File Path                           PID    Runtime      # DAGs    # Errors  Last Runtime    Last Run
----------------------------------  -----  ---------  --------  ----------  --------------  -------------------
/opt/airflow/dags/etl_api_to_bi.py                           1           0  0.60s           2025-09-17T16:28:31
================================================================================
[2025-09-17T18:29:16.537+0200] {manager.py:878} INFO - 
================================================================================
DAG File Processing Stats

File Path                           PID    Runtime      # DAGs    # Errors  Last Runtime    Last Run
----------------------------------  -----  ---------  --------  ----------  --------------  -------------------
/opt/airflow/dags/etl_api_to_bi.py                           1           0  0.56s           2025-09-17T16:29:01
================================================================================
[2025-09-17T18:29:23.632+0200] {manager.py:737} INFO - Searching for files in /opt/airflow/dags
[2025-09-17T18:29:23.664+0200] {manager.py:740} INFO - There are 1 files in /opt/airflow/dags
[2025-09-17T18:29:44.368+0200] {manager.py:878} INFO - 
================================================================================
DAG File Processing Stats

File Path                           PID    Runtime      # DAGs    # Errors  Last Runtime    Last Run
----------------------------------  -----  ---------  --------  ----------  --------------  -------------------
/opt/airflow/dags/etl_api_to_bi.py                           1           0  0.47s           2025-09-17T16:29:32
================================================================================
[2025-09-17T18:30:12.210+0200] {manager.py:878} INFO - 
================================================================================
DAG File Processing Stats

File Path                           PID    Runtime      # DAGs    # Errors  Last Runtime    Last Run
----------------------------------  -----  ---------  --------  ----------  --------------  -------------------
/opt/airflow/dags/etl_api_to_bi.py                           1           0  0.39s           2025-09-17T16:30:03
================================================================================
[2025-09-17T18:30:40.240+0200] {manager.py:878} INFO - 
================================================================================
DAG File Processing Stats

File Path                           PID    Runtime      # DAGs    # Errors  Last Runtime    Last Run
----------------------------------  -----  ---------  --------  ----------  --------------  -------------------
/opt/airflow/dags/etl_api_to_bi.py                           1           0  0.30s           2025-09-17T16:30:34
================================================================================
[2025-09-17T18:31:08.150+0200] {manager.py:878} INFO - 
================================================================================
DAG File Processing Stats

File Path                           PID    Runtime      # DAGs    # Errors  Last Runtime    Last Run
----------------------------------  -----  ---------  --------  ----------  --------------  -------------------
/opt/airflow/dags/etl_api_to_bi.py                           1           0  0.25s           2025-09-17T16:31:05
================================================================================
[2025-09-17T18:31:35.869+0200] {manager.py:878} INFO - 
================================================================================
DAG File Processing Stats

File Path                             PID  Runtime      # DAGs    # Errors  Last Runtime    Last Run
----------------------------------  -----  ---------  --------  ----------  --------------  -------------------
/opt/airflow/dags/etl_api_to_bi.py   2070  0.01s             1           0  0.25s           2025-09-17T16:31:05
================================================================================
[2025-09-17T18:32:03.922+0200] {manager.py:878} INFO - 
================================================================================
DAG File Processing Stats

File Path                           PID    Runtime      # DAGs    # Errors  Last Runtime    Last Run
----------------------------------  -----  ---------  --------  ----------  --------------  -------------------
/opt/airflow/dags/etl_api_to_bi.py                           1           0  0.38s           2025-09-17T16:31:36
================================================================================
[2025-09-17T18:32:32.071+0200] {manager.py:878} INFO - 
================================================================================
DAG File Processing Stats

File Path                           PID    Runtime      # DAGs    # Errors  Last Runtime    Last Run
----------------------------------  -----  ---------  --------  ----------  --------------  -------------------
/opt/airflow/dags/etl_api_to_bi.py                           1           0  0.28s           2025-09-17T16:32:06
================================================================================
[2025-09-17T18:33:00.099+0200] {manager.py:878} INFO - 
================================================================================
DAG File Processing Stats

File Path                           PID    Runtime      # DAGs    # Errors  Last Runtime    Last Run
----------------------------------  -----  ---------  --------  ----------  --------------  -------------------
/opt/airflow/dags/etl_api_to_bi.py                           1           0  0.25s           2025-09-17T16:32:37
================================================================================
[2025-09-17T18:33:27.906+0200] {manager.py:878} INFO - 
================================================================================
DAG File Processing Stats

File Path                           PID    Runtime      # DAGs    # Errors  Last Runtime    Last Run
----------------------------------  -----  ---------  --------  ----------  --------------  -------------------
/opt/airflow/dags/etl_api_to_bi.py                           1           0  0.29s           2025-09-17T16:33:08
================================================================================
[2025-09-17T18:33:56.035+0200] {manager.py:878} INFO - 
================================================================================
DAG File Processing Stats

File Path                           PID    Runtime      # DAGs    # Errors  Last Runtime    Last Run
----------------------------------  -----  ---------  --------  ----------  --------------  -------------------
/opt/airflow/dags/etl_api_to_bi.py                           1           0  0.27s           2025-09-17T16:33:39
================================================================================
[2025-09-17T18:34:24.025+0200] {manager.py:737} INFO - Searching for files in /opt/airflow/dags
[2025-09-17T18:34:24.061+0200] {manager.py:740} INFO - There are 1 files in /opt/airflow/dags
[2025-09-17T18:34:24.079+0200] {manager.py:878} INFO - 
================================================================================
DAG File Processing Stats

File Path                           PID    Runtime      # DAGs    # Errors  Last Runtime    Last Run
----------------------------------  -----  ---------  --------  ----------  --------------  -------------------
/opt/airflow/dags/etl_api_to_bi.py                           1           0  0.23s           2025-09-17T16:34:10
================================================================================
[2025-09-17T18:34:52.180+0200] {manager.py:878} INFO - 
================================================================================
DAG File Processing Stats

File Path                           PID    Runtime      # DAGs    # Errors  Last Runtime    Last Run
----------------------------------  -----  ---------  --------  ----------  --------------  -------------------
/opt/airflow/dags/etl_api_to_bi.py                           1           0  0.24s           2025-09-17T16:34:41
================================================================================
[2025-09-17T18:35:19.996+0200] {manager.py:878} INFO - 
================================================================================
DAG File Processing Stats

File Path                           PID    Runtime      # DAGs    # Errors  Last Runtime    Last Run
----------------------------------  -----  ---------  --------  ----------  --------------  -------------------
/opt/airflow/dags/etl_api_to_bi.py                           1           0  0.50s           2025-09-17T16:35:12
================================================================================
[2025-09-17T18:35:47.820+0200] {manager.py:878} INFO - 
================================================================================
DAG File Processing Stats

File Path                           PID    Runtime      # DAGs    # Errors  Last Runtime    Last Run
----------------------------------  -----  ---------  --------  ----------  --------------  -------------------
/opt/airflow/dags/etl_api_to_bi.py                           1           0  0.30s           2025-09-17T16:35:43
================================================================================
[2025-09-17T18:36:15.203+0200] {manager.py:878} INFO - 
================================================================================
DAG File Processing Stats

File Path                           PID    Runtime      # DAGs    # Errors  Last Runtime    Last Run
----------------------------------  -----  ---------  --------  ----------  --------------  -------------------
/opt/airflow/dags/etl_api_to_bi.py                           1           0  0.25s           2025-09-17T16:36:14
================================================================================
[2025-09-17T18:36:42.816+0200] {manager.py:878} INFO - 
================================================================================
DAG File Processing Stats

File Path                           PID    Runtime      # DAGs    # Errors  Last Runtime    Last Run
----------------------------------  -----  ---------  --------  ----------  --------------  -------------------
/opt/airflow/dags/etl_api_to_bi.py                           1           0  0.25s           2025-09-17T16:36:14
================================================================================
[2025-09-17T18:37:10.847+0200] {manager.py:878} INFO - 
================================================================================
DAG File Processing Stats

File Path                           PID    Runtime      # DAGs    # Errors  Last Runtime    Last Run
----------------------------------  -----  ---------  --------  ----------  --------------  -------------------
/opt/airflow/dags/etl_api_to_bi.py                           1           0  0.38s           2025-09-17T16:36:45
================================================================================
[2025-09-17T18:37:38.715+0200] {manager.py:878} INFO - 
================================================================================
DAG File Processing Stats

File Path                           PID    Runtime      # DAGs    # Errors  Last Runtime    Last Run
----------------------------------  -----  ---------  --------  ----------  --------------  -------------------
/opt/airflow/dags/etl_api_to_bi.py                           1           0  0.29s           2025-09-17T16:37:16
================================================================================
[2025-09-17T18:38:06.477+0200] {manager.py:878} INFO - 
================================================================================
DAG File Processing Stats

File Path                           PID    Runtime      # DAGs    # Errors  Last Runtime    Last Run
----------------------------------  -----  ---------  --------  ----------  --------------  -------------------
/opt/airflow/dags/etl_api_to_bi.py                           1           0  0.43s           2025-09-17T16:37:46
================================================================================
[2025-09-17T18:38:34.397+0200] {manager.py:878} INFO - 
================================================================================
DAG File Processing Stats

File Path                           PID    Runtime      # DAGs    # Errors  Last Runtime    Last Run
----------------------------------  -----  ---------  --------  ----------  --------------  -------------------
/opt/airflow/dags/etl_api_to_bi.py                           1           0  0.27s           2025-09-17T16:38:17
================================================================================
[2025-09-17T18:39:01.867+0200] {manager.py:878} INFO - 
================================================================================
DAG File Processing Stats

File Path                           PID    Runtime      # DAGs    # Errors  Last Runtime    Last Run
----------------------------------  -----  ---------  --------  ----------  --------------  -------------------
/opt/airflow/dags/etl_api_to_bi.py                           1           0  0.51s           2025-09-17T16:38:48
================================================================================
[2025-09-17T18:39:24.094+0200] {manager.py:737} INFO - Searching for files in /opt/airflow/dags
[2025-09-17T18:39:24.141+0200] {manager.py:740} INFO - There are 1 files in /opt/airflow/dags
[2025-09-17T18:39:29.338+0200] {manager.py:878} INFO - 
================================================================================
DAG File Processing Stats

File Path                           PID    Runtime      # DAGs    # Errors  Last Runtime    Last Run
----------------------------------  -----  ---------  --------  ----------  --------------  -------------------
/opt/airflow/dags/etl_api_to_bi.py                           1           0  0.31s           2025-09-17T16:39:19
================================================================================
[2025-09-17T18:39:56.770+0200] {manager.py:878} INFO - 
================================================================================
DAG File Processing Stats

File Path                           PID    Runtime      # DAGs    # Errors  Last Runtime    Last Run
----------------------------------  -----  ---------  --------  ----------  --------------  -------------------
/opt/airflow/dags/etl_api_to_bi.py                           1           0  0.28s           2025-09-17T16:39:49
================================================================================
[2025-09-17T18:40:24.454+0200] {manager.py:878} INFO - 
================================================================================
DAG File Processing Stats

File Path                           PID    Runtime      # DAGs    # Errors  Last Runtime    Last Run
----------------------------------  -----  ---------  --------  ----------  --------------  -------------------
/opt/airflow/dags/etl_api_to_bi.py                           1           0  0.42s           2025-09-17T16:40:20
================================================================================
[2025-09-17T18:40:52.340+0200] {manager.py:878} INFO - 
================================================================================
DAG File Processing Stats

File Path                           PID    Runtime      # DAGs    # Errors  Last Runtime    Last Run
----------------------------------  -----  ---------  --------  ----------  --------------  -------------------
/opt/airflow/dags/etl_api_to_bi.py                           1           0  0.32s           2025-09-17T16:40:51
================================================================================
[2025-09-17T18:41:20.300+0200] {manager.py:878} INFO - 
================================================================================
DAG File Processing Stats

File Path                           PID    Runtime      # DAGs    # Errors  Last Runtime    Last Run
----------------------------------  -----  ---------  --------  ----------  --------------  -------------------
/opt/airflow/dags/etl_api_to_bi.py                           1           0  0.32s           2025-09-17T16:40:51
================================================================================
[2025-09-17T18:41:48.328+0200] {manager.py:878} INFO - 
================================================================================
DAG File Processing Stats

File Path                           PID    Runtime      # DAGs    # Errors  Last Runtime    Last Run
----------------------------------  -----  ---------  --------  ----------  --------------  -------------------
/opt/airflow/dags/etl_api_to_bi.py                           1           0  0.34s           2025-09-17T16:41:22
================================================================================
[2025-09-17T18:42:16.375+0200] {manager.py:878} INFO - 
================================================================================
DAG File Processing Stats

File Path                           PID    Runtime      # DAGs    # Errors  Last Runtime    Last Run
----------------------------------  -----  ---------  --------  ----------  --------------  -------------------
/opt/airflow/dags/etl_api_to_bi.py                           1           0  1.14s           2025-09-17T16:41:54
================================================================================
[2025-09-17T18:42:46.037+0200] {manager.py:878} INFO - 
================================================================================
DAG File Processing Stats

File Path                           PID    Runtime      # DAGs    # Errors  Last Runtime    Last Run
----------------------------------  -----  ---------  --------  ----------  --------------  -------------------
/opt/airflow/dags/etl_api_to_bi.py                           1           0  0.23s           2025-09-17T16:42:25
================================================================================
[2025-09-17T18:43:14.212+0200] {manager.py:878} INFO - 
================================================================================
DAG File Processing Stats

File Path                           PID    Runtime      # DAGs    # Errors  Last Runtime    Last Run
----------------------------------  -----  ---------  --------  ----------  --------------  -------------------
/opt/airflow/dags/etl_api_to_bi.py                           1           0  0.23s           2025-09-17T16:42:56
================================================================================
[2025-09-17T18:43:42.280+0200] {manager.py:878} INFO - 
================================================================================
DAG File Processing Stats

File Path                           PID    Runtime      # DAGs    # Errors  Last Runtime    Last Run
----------------------------------  -----  ---------  --------  ----------  --------------  -------------------
/opt/airflow/dags/etl_api_to_bi.py                           1           0  0.27s           2025-09-17T16:43:26
================================================================================
[2025-09-17T18:44:09.476+0200] {manager.py:878} INFO - 
================================================================================
DAG File Processing Stats

File Path                           PID    Runtime      # DAGs    # Errors  Last Runtime    Last Run
----------------------------------  -----  ---------  --------  ----------  --------------  -------------------
/opt/airflow/dags/etl_api_to_bi.py                           1           0  0.36s           2025-09-17T16:43:57
================================================================================
[2025-09-17T18:44:24.429+0200] {manager.py:737} INFO - Searching for files in /opt/airflow/dags
[2025-09-17T18:44:24.493+0200] {manager.py:740} INFO - There are 1 files in /opt/airflow/dags
[2025-09-17T18:44:38.627+0200] {manager.py:878} INFO - 
================================================================================
DAG File Processing Stats

File Path                           PID    Runtime      # DAGs    # Errors  Last Runtime    Last Run
----------------------------------  -----  ---------  --------  ----------  --------------  -------------------
/opt/airflow/dags/etl_api_to_bi.py                           1           0  0.70s           2025-09-17T16:44:28
================================================================================
[2025-09-17T18:45:08.422+0200] {manager.py:878} INFO - 
================================================================================
DAG File Processing Stats

File Path                           PID    Runtime      # DAGs    # Errors  Last Runtime    Last Run
----------------------------------  -----  ---------  --------  ----------  --------------  -------------------
/opt/airflow/dags/etl_api_to_bi.py                           1           0  0.29s           2025-09-17T16:44:59
================================================================================
[2025-09-17T18:45:35.782+0200] {manager.py:878} INFO - 
================================================================================
DAG File Processing Stats

File Path                           PID    Runtime      # DAGs    # Errors  Last Runtime    Last Run
----------------------------------  -----  ---------  --------  ----------  --------------  -------------------
/opt/airflow/dags/etl_api_to_bi.py                           1           0  0.69s           2025-09-17T16:45:30
================================================================================
[2025-09-17T18:46:02.088+0200] {manager.py:878} INFO - 
================================================================================
DAG File Processing Stats

File Path                           PID    Runtime      # DAGs    # Errors  Last Runtime    Last Run
----------------------------------  -----  ---------  --------  ----------  --------------  -------------------
/opt/airflow/dags/etl_api_to_bi.py                           1           0  0.25s           2025-09-17T16:46:01
================================================================================
[2025-09-17T18:46:30.591+0200] {manager.py:878} INFO - 
================================================================================
DAG File Processing Stats

File Path                             PID  Runtime      # DAGs    # Errors  Last Runtime    Last Run
----------------------------------  -----  ---------  --------  ----------  --------------  -------------------
/opt/airflow/dags/etl_api_to_bi.py   2245  -1.27s            1           0  0.25s           2025-09-17T16:46:01
================================================================================
[2025-09-17T18:46:58.613+0200] {manager.py:878} INFO - 
================================================================================
DAG File Processing Stats

File Path                           PID    Runtime      # DAGs    # Errors  Last Runtime    Last Run
----------------------------------  -----  ---------  --------  ----------  --------------  -------------------
/opt/airflow/dags/etl_api_to_bi.py                           1           0  -1.21s          2025-09-17T16:46:30
================================================================================
[2025-09-17T18:47:26.844+0200] {manager.py:878} INFO - 
================================================================================
DAG File Processing Stats

File Path                           PID    Runtime      # DAGs    # Errors  Last Runtime    Last Run
----------------------------------  -----  ---------  --------  ----------  --------------  -------------------
/opt/airflow/dags/etl_api_to_bi.py                           1           0  0.24s           2025-09-17T16:47:01
================================================================================
[2025-09-17T18:47:54.966+0200] {manager.py:878} INFO - 
================================================================================
DAG File Processing Stats

File Path                           PID    Runtime      # DAGs    # Errors  Last Runtime    Last Run
----------------------------------  -----  ---------  --------  ----------  --------------  -------------------
/opt/airflow/dags/etl_api_to_bi.py                           1           0  0.28s           2025-09-17T16:47:32
================================================================================
[2025-09-17T18:48:23.281+0200] {manager.py:878} INFO - 
================================================================================
DAG File Processing Stats

File Path                           PID    Runtime      # DAGs    # Errors  Last Runtime    Last Run
----------------------------------  -----  ---------  --------  ----------  --------------  -------------------
/opt/airflow/dags/etl_api_to_bi.py                           1           0  0.27s           2025-09-17T16:48:03
================================================================================
[2025-09-17T18:48:52.079+0200] {manager.py:878} INFO - 
================================================================================
DAG File Processing Stats

File Path                           PID    Runtime      # DAGs    # Errors  Last Runtime    Last Run
----------------------------------  -----  ---------  --------  ----------  --------------  -------------------
/opt/airflow/dags/etl_api_to_bi.py                           1           0  1.50s           2025-09-17T16:48:35
================================================================================
[2025-09-17T18:49:20.298+0200] {manager.py:878} INFO - 
================================================================================
DAG File Processing Stats

File Path                           PID    Runtime      # DAGs    # Errors  Last Runtime    Last Run
----------------------------------  -----  ---------  --------  ----------  --------------  -------------------
/opt/airflow/dags/etl_api_to_bi.py                           1           0  0.33s           2025-09-17T16:49:06
================================================================================
[2025-09-17T18:49:24.679+0200] {manager.py:737} INFO - Searching for files in /opt/airflow/dags
[2025-09-17T18:49:24.712+0200] {manager.py:740} INFO - There are 1 files in /opt/airflow/dags
[2025-09-17T18:49:48.820+0200] {manager.py:878} INFO - 
================================================================================
DAG File Processing Stats

File Path                           PID    Runtime      # DAGs    # Errors  Last Runtime    Last Run
----------------------------------  -----  ---------  --------  ----------  --------------  -------------------
/opt/airflow/dags/etl_api_to_bi.py                           1           0  0.24s           2025-09-17T16:49:37
================================================================================
[2025-09-17T18:50:17.010+0200] {manager.py:878} INFO - 
================================================================================
DAG File Processing Stats

File Path                           PID    Runtime      # DAGs    # Errors  Last Runtime    Last Run
----------------------------------  -----  ---------  --------  ----------  --------------  -------------------
/opt/airflow/dags/etl_api_to_bi.py                           1           0  0.25s           2025-09-17T16:50:07
================================================================================
[2025-09-17T18:50:45.324+0200] {manager.py:878} INFO - 
================================================================================
DAG File Processing Stats

File Path                           PID    Runtime      # DAGs    # Errors  Last Runtime    Last Run
----------------------------------  -----  ---------  --------  ----------  --------------  -------------------
/opt/airflow/dags/etl_api_to_bi.py                           1           0  0.33s           2025-09-17T16:50:38
================================================================================
[2025-09-17T18:51:13.618+0200] {manager.py:878} INFO - 
================================================================================
DAG File Processing Stats

File Path                           PID    Runtime      # DAGs    # Errors  Last Runtime    Last Run
----------------------------------  -----  ---------  --------  ----------  --------------  -------------------
/opt/airflow/dags/etl_api_to_bi.py                           1           0  0.30s           2025-09-17T16:51:09
================================================================================
[2025-09-17T18:51:41.864+0200] {manager.py:878} INFO - 
================================================================================
DAG File Processing Stats

File Path                           PID    Runtime      # DAGs    # Errors  Last Runtime    Last Run
----------------------------------  -----  ---------  --------  ----------  --------------  -------------------
/opt/airflow/dags/etl_api_to_bi.py                           1           0  0.33s           2025-09-17T16:51:40
================================================================================
[2025-09-17T18:52:10.233+0200] {manager.py:878} INFO - 
================================================================================
DAG File Processing Stats

File Path                             PID  Runtime      # DAGs    # Errors  Last Runtime    Last Run
----------------------------------  -----  ---------  --------  ----------  --------------  -------------------
/opt/airflow/dags/etl_api_to_bi.py   2300  0.02s             1           0  0.33s           2025-09-17T16:51:40
================================================================================
[2025-09-17T18:52:38.063+0200] {manager.py:878} INFO - 
================================================================================
DAG File Processing Stats

File Path                           PID    Runtime      # DAGs    # Errors  Last Runtime    Last Run
----------------------------------  -----  ---------  --------  ----------  --------------  -------------------
/opt/airflow/dags/etl_api_to_bi.py                           1           0  0.68s           2025-09-17T16:52:10
================================================================================
[2025-09-17T18:53:06.105+0200] {manager.py:878} INFO - 
================================================================================
DAG File Processing Stats

File Path                           PID    Runtime      # DAGs    # Errors  Last Runtime    Last Run
----------------------------------  -----  ---------  --------  ----------  --------------  -------------------
/opt/airflow/dags/etl_api_to_bi.py                           1           0  0.25s           2025-09-17T16:52:41
================================================================================
[2025-09-17T18:53:33.728+0200] {manager.py:878} INFO - 
================================================================================
DAG File Processing Stats

File Path                           PID    Runtime      # DAGs    # Errors  Last Runtime    Last Run
----------------------------------  -----  ---------  --------  ----------  --------------  -------------------
/opt/airflow/dags/etl_api_to_bi.py                           1           0  0.35s           2025-09-17T16:53:11
================================================================================
[2025-09-17T18:54:01.905+0200] {manager.py:878} INFO - 
================================================================================
DAG File Processing Stats

File Path                           PID    Runtime      # DAGs    # Errors  Last Runtime    Last Run
----------------------------------  -----  ---------  --------  ----------  --------------  -------------------
/opt/airflow/dags/etl_api_to_bi.py                           1           0  0.49s           2025-09-17T16:53:43
================================================================================
[2025-09-17T18:54:25.185+0200] {manager.py:737} INFO - Searching for files in /opt/airflow/dags
[2025-09-17T18:54:25.243+0200] {manager.py:740} INFO - There are 1 files in /opt/airflow/dags
[2025-09-17T18:54:29.550+0200] {manager.py:878} INFO - 
================================================================================
DAG File Processing Stats

File Path                           PID    Runtime      # DAGs    # Errors  Last Runtime    Last Run
----------------------------------  -----  ---------  --------  ----------  --------------  -------------------
/opt/airflow/dags/etl_api_to_bi.py                           1           0  0.32s           2025-09-17T16:54:13
================================================================================
[2025-09-17T18:54:57.618+0200] {manager.py:878} INFO - 
================================================================================
DAG File Processing Stats

File Path                           PID    Runtime      # DAGs    # Errors  Last Runtime    Last Run
----------------------------------  -----  ---------  --------  ----------  --------------  -------------------
/opt/airflow/dags/etl_api_to_bi.py                           1           0  0.69s           2025-09-17T16:54:45
================================================================================
[2025-09-17T18:55:25.189+0200] {manager.py:878} INFO - 
================================================================================
DAG File Processing Stats

File Path                           PID    Runtime      # DAGs    # Errors  Last Runtime    Last Run
----------------------------------  -----  ---------  --------  ----------  --------------  -------------------
/opt/airflow/dags/etl_api_to_bi.py                           1           0  0.29s           2025-09-17T16:55:15
================================================================================
[2025-09-17T18:55:53.080+0200] {manager.py:878} INFO - 
================================================================================
DAG File Processing Stats

File Path                           PID    Runtime      # DAGs    # Errors  Last Runtime    Last Run
----------------------------------  -----  ---------  --------  ----------  --------------  -------------------
/opt/airflow/dags/etl_api_to_bi.py                           1           0  0.97s           2025-09-17T16:55:46
================================================================================
[2025-09-17T18:56:21.242+0200] {manager.py:878} INFO - 
================================================================================
DAG File Processing Stats

File Path                           PID    Runtime      # DAGs    # Errors  Last Runtime    Last Run
----------------------------------  -----  ---------  --------  ----------  --------------  -------------------
/opt/airflow/dags/etl_api_to_bi.py                           1           0  2.03s           2025-09-17T16:56:19
================================================================================
[2025-09-17T18:56:49.270+0200] {manager.py:878} INFO - 
================================================================================
DAG File Processing Stats

File Path                             PID  Runtime      # DAGs    # Errors  Last Runtime    Last Run
----------------------------------  -----  ---------  --------  ----------  --------------  -------------------
/opt/airflow/dags/etl_api_to_bi.py   2345  0.01s             1           0  2.03s           2025-09-17T16:56:19
================================================================================
[2025-09-17T18:57:17.324+0200] {manager.py:878} INFO - 
================================================================================
DAG File Processing Stats

File Path                           PID    Runtime      # DAGs    # Errors  Last Runtime    Last Run
----------------------------------  -----  ---------  --------  ----------  --------------  -------------------
/opt/airflow/dags/etl_api_to_bi.py                           1           0  0.30s           2025-09-17T16:56:49
================================================================================
[2025-09-17T18:57:45.503+0200] {manager.py:878} INFO - 
================================================================================
DAG File Processing Stats

File Path                           PID    Runtime      # DAGs    # Errors  Last Runtime    Last Run
----------------------------------  -----  ---------  --------  ----------  --------------  -------------------
/opt/airflow/dags/etl_api_to_bi.py                           1           0  0.24s           2025-09-17T16:57:20
================================================================================
[2025-09-17T18:58:13.496+0200] {manager.py:878} INFO - 
================================================================================
DAG File Processing Stats

File Path                           PID    Runtime      # DAGs    # Errors  Last Runtime    Last Run
----------------------------------  -----  ---------  --------  ----------  --------------  -------------------
/opt/airflow/dags/etl_api_to_bi.py                           1           0  0.29s           2025-09-17T16:57:51
================================================================================
[2025-09-17T18:58:41.580+0200] {manager.py:878} INFO - 
================================================================================
DAG File Processing Stats

File Path                           PID    Runtime      # DAGs    # Errors  Last Runtime    Last Run
----------------------------------  -----  ---------  --------  ----------  --------------  -------------------
/opt/airflow/dags/etl_api_to_bi.py                           1           0  1.22s           2025-09-17T16:58:23
================================================================================
[2025-09-17T18:59:09.443+0200] {manager.py:878} INFO - 
================================================================================
DAG File Processing Stats

File Path                           PID    Runtime      # DAGs    # Errors  Last Runtime    Last Run
----------------------------------  -----  ---------  --------  ----------  --------------  -------------------
/opt/airflow/dags/etl_api_to_bi.py                           1           0  0.23s           2025-09-17T16:58:54
================================================================================
[2025-09-17T18:59:25.671+0200] {manager.py:737} INFO - Searching for files in /opt/airflow/dags
[2025-09-17T18:59:25.721+0200] {manager.py:740} INFO - There are 1 files in /opt/airflow/dags
[2025-09-17T18:59:37.374+0200] {manager.py:878} INFO - 
================================================================================
DAG File Processing Stats

File Path                           PID    Runtime      # DAGs    # Errors  Last Runtime    Last Run
----------------------------------  -----  ---------  --------  ----------  --------------  -------------------
/opt/airflow/dags/etl_api_to_bi.py                           1           0  0.29s           2025-09-17T16:59:26
================================================================================
[2025-09-17T19:00:05.345+0200] {manager.py:878} INFO - 
================================================================================
DAG File Processing Stats

File Path                           PID    Runtime      # DAGs    # Errors  Last Runtime    Last Run
----------------------------------  -----  ---------  --------  ----------  --------------  -------------------
/opt/airflow/dags/etl_api_to_bi.py                           1           0  0.27s           2025-09-17T16:59:56
================================================================================
[2025-09-17T19:00:33.412+0200] {manager.py:878} INFO - 
================================================================================
DAG File Processing Stats

File Path                           PID    Runtime      # DAGs    # Errors  Last Runtime    Last Run
----------------------------------  -----  ---------  --------  ----------  --------------  -------------------
/opt/airflow/dags/etl_api_to_bi.py                           1           0  1.48s           2025-09-17T17:00:28
================================================================================
[2025-09-17T19:01:01.272+0200] {manager.py:878} INFO - 
================================================================================
DAG File Processing Stats

File Path                           PID    Runtime      # DAGs    # Errors  Last Runtime    Last Run
----------------------------------  -----  ---------  --------  ----------  --------------  -------------------
/opt/airflow/dags/etl_api_to_bi.py                           1           0  0.77s           2025-09-17T17:01:00
================================================================================
[2025-09-17T19:01:29.144+0200] {manager.py:878} INFO - 
================================================================================
DAG File Processing Stats

File Path                           PID    Runtime      # DAGs    # Errors  Last Runtime    Last Run
----------------------------------  -----  ---------  --------  ----------  --------------  -------------------
/opt/airflow/dags/etl_api_to_bi.py                           1           0  0.77s           2025-09-17T17:01:00
================================================================================
[2025-09-17T19:01:57.262+0200] {manager.py:878} INFO - 
================================================================================
DAG File Processing Stats

File Path                           PID    Runtime      # DAGs    # Errors  Last Runtime    Last Run
----------------------------------  -----  ---------  --------  ----------  --------------  -------------------
/opt/airflow/dags/etl_api_to_bi.py                           1           0  0.29s           2025-09-17T17:01:30
================================================================================
[2025-09-17T19:02:25.123+0200] {manager.py:878} INFO - 
================================================================================
DAG File Processing Stats

File Path                           PID    Runtime      # DAGs    # Errors  Last Runtime    Last Run
----------------------------------  -----  ---------  --------  ----------  --------------  -------------------
/opt/airflow/dags/etl_api_to_bi.py                           1           0  0.25s           2025-09-17T17:02:01
================================================================================
[2025-09-17T19:02:44.154+0200] {manager.py:452} INFO - Exiting gracefully upon receiving signal 15
[2025-09-17T19:09:04.255+0200] {manager.py:470} INFO - Processing files using up to 2 processes at a time 
[2025-09-17T19:09:04.257+0200] {manager.py:471} INFO - Process each file at most once every 30 seconds
[2025-09-17T19:09:04.259+0200] {manager.py:472} INFO - Checking for new files in /opt/airflow/dags every 300 seconds
[2025-09-17T19:09:04.260+0200] {manager.py:737} INFO - Searching for files in /opt/airflow/dags
[2025-09-17T19:09:04.288+0200] {manager.py:740} INFO - There are 1 files in /opt/airflow/dags
[2025-09-17T19:09:04.640+0200] {manager.py:878} INFO - 
================================================================================
DAG File Processing Stats

File Path                             PID  Runtime      # DAGs    # Errors  Last Runtime    Last Run
----------------------------------  -----  ---------  --------  ----------  --------------  ----------
/opt/airflow/dags/etl_api_to_bi.py    172  0.09s             0           0
================================================================================
[2025-09-17T19:09:32.152+0200] {manager.py:878} INFO - 
================================================================================
DAG File Processing Stats

File Path                           PID    Runtime      # DAGs    # Errors  Last Runtime    Last Run
----------------------------------  -----  ---------  --------  ----------  --------------  -------------------
/opt/airflow/dags/etl_api_to_bi.py                           1           0  0.85s           2025-09-17T17:09:05
================================================================================
[2025-09-17T19:10:00.264+0200] {manager.py:878} INFO - 
================================================================================
DAG File Processing Stats

File Path                           PID    Runtime      # DAGs    # Errors  Last Runtime    Last Run
----------------------------------  -----  ---------  --------  ----------  --------------  -------------------
/opt/airflow/dags/etl_api_to_bi.py                           1           0  0.27s           2025-09-17T17:09:35
================================================================================
[2025-09-17T19:10:27.918+0200] {manager.py:878} INFO - 
================================================================================
DAG File Processing Stats

File Path                           PID    Runtime      # DAGs    # Errors  Last Runtime    Last Run
----------------------------------  -----  ---------  --------  ----------  --------------  -------------------
/opt/airflow/dags/etl_api_to_bi.py                           1           0  0.82s           2025-09-17T17:10:07
================================================================================
[2025-09-17T19:10:55.222+0200] {manager.py:878} INFO - 
================================================================================
DAG File Processing Stats

File Path                           PID    Runtime      # DAGs    # Errors  Last Runtime    Last Run
----------------------------------  -----  ---------  --------  ----------  --------------  -------------------
/opt/airflow/dags/etl_api_to_bi.py                           1           0  0.67s           2025-09-17T17:10:38
================================================================================
[2025-09-17T19:11:23.158+0200] {manager.py:878} INFO - 
================================================================================
DAG File Processing Stats

File Path                           PID    Runtime      # DAGs    # Errors  Last Runtime    Last Run
----------------------------------  -----  ---------  --------  ----------  --------------  -------------------
/opt/airflow/dags/etl_api_to_bi.py                           1           0  0.88s           2025-09-17T17:11:09
================================================================================
[2025-09-17T19:11:51.267+0200] {manager.py:878} INFO - 
================================================================================
DAG File Processing Stats

File Path                           PID    Runtime      # DAGs    # Errors  Last Runtime    Last Run
----------------------------------  -----  ---------  --------  ----------  --------------  -------------------
/opt/airflow/dags/etl_api_to_bi.py                           1           0  0.62s           2025-09-17T17:11:40
================================================================================
[2025-09-17T19:12:19.313+0200] {manager.py:878} INFO - 
================================================================================
DAG File Processing Stats

File Path                           PID    Runtime      # DAGs    # Errors  Last Runtime    Last Run
----------------------------------  -----  ---------  --------  ----------  --------------  -------------------
/opt/airflow/dags/etl_api_to_bi.py                           1           0  0.27s           2025-09-17T17:12:12
================================================================================
[2025-09-17T19:12:47.275+0200] {manager.py:878} INFO - 
================================================================================
DAG File Processing Stats

File Path                           PID    Runtime      # DAGs    # Errors  Last Runtime    Last Run
----------------------------------  -----  ---------  --------  ----------  --------------  -------------------
/opt/airflow/dags/etl_api_to_bi.py                           1           0  0.25s           2025-09-17T17:12:42
================================================================================
[2025-09-17T19:13:15.293+0200] {manager.py:878} INFO - 
================================================================================
DAG File Processing Stats

File Path                           PID    Runtime      # DAGs    # Errors  Last Runtime    Last Run
----------------------------------  -----  ---------  --------  ----------  --------------  -------------------
/opt/airflow/dags/etl_api_to_bi.py                           1           0  0.25s           2025-09-17T17:13:13
================================================================================
[2025-09-17T19:13:43.027+0200] {manager.py:878} INFO - 
================================================================================
DAG File Processing Stats

File Path                           PID    Runtime      # DAGs    # Errors  Last Runtime    Last Run
----------------------------------  -----  ---------  --------  ----------  --------------  -------------------
/opt/airflow/dags/etl_api_to_bi.py                           1           0  0.25s           2025-09-17T17:13:13
================================================================================
[2025-09-17T19:14:04.659+0200] {manager.py:737} INFO - Searching for files in /opt/airflow/dags
[2025-09-17T19:14:04.734+0200] {manager.py:740} INFO - There are 1 files in /opt/airflow/dags
[2025-09-17T19:14:10.855+0200] {manager.py:878} INFO - 
================================================================================
DAG File Processing Stats

File Path                           PID    Runtime      # DAGs    # Errors  Last Runtime    Last Run
----------------------------------  -----  ---------  --------  ----------  --------------  -------------------
/opt/airflow/dags/etl_api_to_bi.py                           1           0  0.30s           2025-09-17T17:13:44
================================================================================
[2025-09-17T19:14:38.938+0200] {manager.py:878} INFO - 
================================================================================
DAG File Processing Stats

File Path                           PID    Runtime      # DAGs    # Errors  Last Runtime    Last Run
----------------------------------  -----  ---------  --------  ----------  --------------  -------------------
/opt/airflow/dags/etl_api_to_bi.py                           1           0  0.37s           2025-09-17T17:14:15
================================================================================
[2025-09-17T19:15:06.814+0200] {manager.py:878} INFO - 
================================================================================
DAG File Processing Stats

File Path                           PID    Runtime      # DAGs    # Errors  Last Runtime    Last Run
----------------------------------  -----  ---------  --------  ----------  --------------  -------------------
/opt/airflow/dags/etl_api_to_bi.py                           1           0  0.24s           2025-09-17T17:14:46
================================================================================
[2025-09-17T19:15:34.761+0200] {manager.py:878} INFO - 
================================================================================
DAG File Processing Stats

File Path                           PID    Runtime      # DAGs    # Errors  Last Runtime    Last Run
----------------------------------  -----  ---------  --------  ----------  --------------  -------------------
/opt/airflow/dags/etl_api_to_bi.py                           1           0  0.40s           2025-09-17T17:15:17
================================================================================
[2025-09-17T19:16:02.744+0200] {manager.py:878} INFO - 
================================================================================
DAG File Processing Stats

File Path                           PID    Runtime      # DAGs    # Errors  Last Runtime    Last Run
----------------------------------  -----  ---------  --------  ----------  --------------  -------------------
/opt/airflow/dags/etl_api_to_bi.py                           1           0  0.29s           2025-09-17T17:15:48
================================================================================
[2025-09-17T19:16:30.559+0200] {manager.py:878} INFO - 
================================================================================
DAG File Processing Stats

File Path                           PID    Runtime      # DAGs    # Errors  Last Runtime    Last Run
----------------------------------  -----  ---------  --------  ----------  --------------  -------------------
/opt/airflow/dags/etl_api_to_bi.py                           1           0  0.21s           2025-09-17T17:16:19
================================================================================
[2025-09-17T19:16:58.297+0200] {manager.py:878} INFO - 
================================================================================
DAG File Processing Stats

File Path                           PID    Runtime      # DAGs    # Errors  Last Runtime    Last Run
----------------------------------  -----  ---------  --------  ----------  --------------  -------------------
/opt/airflow/dags/etl_api_to_bi.py                           1           0  0.23s           2025-09-17T17:16:50
================================================================================
[2025-09-17T19:17:26.210+0200] {manager.py:878} INFO - 
================================================================================
DAG File Processing Stats

File Path                           PID    Runtime      # DAGs    # Errors  Last Runtime    Last Run
----------------------------------  -----  ---------  --------  ----------  --------------  -------------------
/opt/airflow/dags/etl_api_to_bi.py                           1           0  0.23s           2025-09-17T17:17:21
================================================================================
[2025-09-17T19:17:55.347+0200] {manager.py:878} INFO - 
================================================================================
DAG File Processing Stats

File Path                             PID  Runtime      # DAGs    # Errors  Last Runtime    Last Run
----------------------------------  -----  ---------  --------  ----------  --------------  -------------------
/opt/airflow/dags/etl_api_to_bi.py    337  0.05s             1           0  0.23s           2025-09-17T17:17:21
================================================================================
[2025-09-17T19:18:23.058+0200] {manager.py:878} INFO - 
================================================================================
DAG File Processing Stats

File Path                           PID    Runtime      # DAGs    # Errors  Last Runtime    Last Run
----------------------------------  -----  ---------  --------  ----------  --------------  -------------------
/opt/airflow/dags/etl_api_to_bi.py                           1           0  0.91s           2025-09-17T17:17:56
================================================================================
[2025-09-17T19:18:50.587+0200] {manager.py:878} INFO - 
================================================================================
DAG File Processing Stats

File Path                           PID    Runtime      # DAGs    # Errors  Last Runtime    Last Run
----------------------------------  -----  ---------  --------  ----------  --------------  -------------------
/opt/airflow/dags/etl_api_to_bi.py                           1           0  0.31s           2025-09-17T17:18:26
================================================================================
[2025-09-17T19:19:05.164+0200] {manager.py:737} INFO - Searching for files in /opt/airflow/dags
[2025-09-17T19:19:05.205+0200] {manager.py:740} INFO - There are 1 files in /opt/airflow/dags
[2025-09-17T19:19:18.442+0200] {manager.py:878} INFO - 
================================================================================
DAG File Processing Stats

File Path                           PID    Runtime      # DAGs    # Errors  Last Runtime    Last Run
----------------------------------  -----  ---------  --------  ----------  --------------  -------------------
/opt/airflow/dags/etl_api_to_bi.py                           1           0  0.31s           2025-09-17T17:18:57
================================================================================
[2025-09-17T19:19:46.509+0200] {manager.py:878} INFO - 
================================================================================
DAG File Processing Stats

File Path                           PID    Runtime      # DAGs    # Errors  Last Runtime    Last Run
----------------------------------  -----  ---------  --------  ----------  --------------  -------------------
/opt/airflow/dags/etl_api_to_bi.py                           1           0  0.35s           2025-09-17T17:19:28
================================================================================
[2025-09-17T19:20:14.502+0200] {manager.py:878} INFO - 
================================================================================
DAG File Processing Stats

File Path                           PID    Runtime      # DAGs    # Errors  Last Runtime    Last Run
----------------------------------  -----  ---------  --------  ----------  --------------  -------------------
/opt/airflow/dags/etl_api_to_bi.py                           1           0  -2.40s          2025-09-17T17:19:55
================================================================================
[2025-09-17T19:20:42.292+0200] {manager.py:878} INFO - 
================================================================================
DAG File Processing Stats

File Path                           PID    Runtime      # DAGs    # Errors  Last Runtime    Last Run
----------------------------------  -----  ---------  --------  ----------  --------------  -------------------
/opt/airflow/dags/etl_api_to_bi.py                           1           0  0.43s           2025-09-17T17:20:26
================================================================================
[2025-09-17T19:21:09.996+0200] {manager.py:878} INFO - 
================================================================================
DAG File Processing Stats

File Path                           PID    Runtime      # DAGs    # Errors  Last Runtime    Last Run
----------------------------------  -----  ---------  --------  ----------  --------------  -------------------
/opt/airflow/dags/etl_api_to_bi.py                           1           0  0.36s           2025-09-17T17:20:57
================================================================================
[2025-09-17T19:21:37.759+0200] {manager.py:878} INFO - 
================================================================================
DAG File Processing Stats

File Path                           PID    Runtime      # DAGs    # Errors  Last Runtime    Last Run
----------------------------------  -----  ---------  --------  ----------  --------------  -------------------
/opt/airflow/dags/etl_api_to_bi.py                           1           0  0.34s           2025-09-17T17:21:27
================================================================================
[2025-09-17T19:22:05.385+0200] {manager.py:878} INFO - 
================================================================================
DAG File Processing Stats

File Path                           PID    Runtime      # DAGs    # Errors  Last Runtime    Last Run
----------------------------------  -----  ---------  --------  ----------  --------------  -------------------
/opt/airflow/dags/etl_api_to_bi.py                           1           0  0.24s           2025-09-17T17:21:58
================================================================================
[2025-09-17T19:22:33.364+0200] {manager.py:878} INFO - 
================================================================================
DAG File Processing Stats

File Path                           PID    Runtime      # DAGs    # Errors  Last Runtime    Last Run
----------------------------------  -----  ---------  --------  ----------  --------------  -------------------
/opt/airflow/dags/etl_api_to_bi.py                           1           0  0.31s           2025-09-17T17:22:29
================================================================================
[2025-09-17T19:23:01.327+0200] {manager.py:878} INFO - 
================================================================================
DAG File Processing Stats

File Path                           PID    Runtime      # DAGs    # Errors  Last Runtime    Last Run
----------------------------------  -----  ---------  --------  ----------  --------------  -------------------
/opt/airflow/dags/etl_api_to_bi.py                           1           0  0.29s           2025-09-17T17:23:00
================================================================================
[2025-09-17T19:23:29.394+0200] {manager.py:878} INFO - 
================================================================================
DAG File Processing Stats

File Path                           PID    Runtime      # DAGs    # Errors  Last Runtime    Last Run
----------------------------------  -----  ---------  --------  ----------  --------------  -------------------
/opt/airflow/dags/etl_api_to_bi.py                           1           0  0.29s           2025-09-17T17:23:00
================================================================================
[2025-09-17T19:23:57.217+0200] {manager.py:878} INFO - 
================================================================================
DAG File Processing Stats

File Path                           PID    Runtime      # DAGs    # Errors  Last Runtime    Last Run
----------------------------------  -----  ---------  --------  ----------  --------------  -------------------
/opt/airflow/dags/etl_api_to_bi.py                           1           0  0.27s           2025-09-17T17:23:31
================================================================================
[2025-09-17T19:24:05.791+0200] {manager.py:737} INFO - Searching for files in /opt/airflow/dags
[2025-09-17T19:24:05.824+0200] {manager.py:740} INFO - There are 1 files in /opt/airflow/dags
[2025-09-17T19:24:25.134+0200] {manager.py:878} INFO - 
================================================================================
DAG File Processing Stats

File Path                           PID    Runtime      # DAGs    # Errors  Last Runtime    Last Run
----------------------------------  -----  ---------  --------  ----------  --------------  -------------------
/opt/airflow/dags/etl_api_to_bi.py                           1           0  0.22s           2025-09-17T17:24:02
================================================================================
[2025-09-17T19:24:52.854+0200] {manager.py:878} INFO - 
================================================================================
DAG File Processing Stats

File Path                           PID    Runtime      # DAGs    # Errors  Last Runtime    Last Run
----------------------------------  -----  ---------  --------  ----------  --------------  -------------------
/opt/airflow/dags/etl_api_to_bi.py                           1           0  0.25s           2025-09-17T17:24:32
================================================================================
[2025-09-17T19:25:20.259+0200] {manager.py:878} INFO - 
================================================================================
DAG File Processing Stats

File Path                           PID    Runtime      # DAGs    # Errors  Last Runtime    Last Run
----------------------------------  -----  ---------  --------  ----------  --------------  -------------------
/opt/airflow/dags/etl_api_to_bi.py                           1           0  0.61s           2025-09-17T17:25:03
================================================================================
[2025-09-17T19:25:47.785+0200] {manager.py:878} INFO - 
================================================================================
DAG File Processing Stats

File Path                           PID    Runtime      # DAGs    # Errors  Last Runtime    Last Run
----------------------------------  -----  ---------  --------  ----------  --------------  -------------------
/opt/airflow/dags/etl_api_to_bi.py                           1           0  0.30s           2025-09-17T17:25:34
================================================================================
[2025-09-17T19:26:15.692+0200] {manager.py:878} INFO - 
================================================================================
DAG File Processing Stats

File Path                           PID    Runtime      # DAGs    # Errors  Last Runtime    Last Run
----------------------------------  -----  ---------  --------  ----------  --------------  -------------------
/opt/airflow/dags/etl_api_to_bi.py                           1           0  0.43s           2025-09-17T17:26:05
================================================================================
[2025-09-17T19:26:43.641+0200] {manager.py:878} INFO - 
================================================================================
DAG File Processing Stats

File Path                           PID    Runtime      # DAGs    # Errors  Last Runtime    Last Run
----------------------------------  -----  ---------  --------  ----------  --------------  -------------------
/opt/airflow/dags/etl_api_to_bi.py                           1           0  0.39s           2025-09-17T17:26:36
================================================================================
[2025-09-17T19:27:10.977+0200] {manager.py:878} INFO - 
================================================================================
DAG File Processing Stats

File Path                           PID    Runtime      # DAGs    # Errors  Last Runtime    Last Run
----------------------------------  -----  ---------  --------  ----------  --------------  -------------------
/opt/airflow/dags/etl_api_to_bi.py                           1           0  0.29s           2025-09-17T17:27:07
================================================================================
[2025-09-17T19:27:39.134+0200] {manager.py:878} INFO - 
================================================================================
DAG File Processing Stats

File Path                           PID    Runtime      # DAGs    # Errors  Last Runtime    Last Run
----------------------------------  -----  ---------  --------  ----------  --------------  -------------------
/opt/airflow/dags/etl_api_to_bi.py                           1           0  0.39s           2025-09-17T17:27:38
================================================================================
[2025-09-17T19:28:06.875+0200] {manager.py:878} INFO - 
================================================================================
DAG File Processing Stats

File Path                           PID    Runtime      # DAGs    # Errors  Last Runtime    Last Run
----------------------------------  -----  ---------  --------  ----------  --------------  -------------------
/opt/airflow/dags/etl_api_to_bi.py                           1           0  0.39s           2025-09-17T17:27:38
================================================================================
[2025-09-17T19:28:34.681+0200] {manager.py:878} INFO - 
================================================================================
DAG File Processing Stats

File Path                           PID    Runtime      # DAGs    # Errors  Last Runtime    Last Run
----------------------------------  -----  ---------  --------  ----------  --------------  -------------------
/opt/airflow/dags/etl_api_to_bi.py                           1           0  0.28s           2025-09-17T17:28:09
================================================================================
[2025-09-17T19:29:02.463+0200] {manager.py:878} INFO - 
================================================================================
DAG File Processing Stats

File Path                           PID    Runtime      # DAGs    # Errors  Last Runtime    Last Run
----------------------------------  -----  ---------  --------  ----------  --------------  -------------------
/opt/airflow/dags/etl_api_to_bi.py                           1           0  0.28s           2025-09-17T17:28:40
================================================================================
[2025-09-17T19:29:05.943+0200] {manager.py:737} INFO - Searching for files in /opt/airflow/dags
[2025-09-17T19:29:05.975+0200] {manager.py:740} INFO - There are 1 files in /opt/airflow/dags
[2025-09-17T19:29:30.556+0200] {manager.py:878} INFO - 
================================================================================
DAG File Processing Stats

File Path                           PID    Runtime      # DAGs    # Errors  Last Runtime    Last Run
----------------------------------  -----  ---------  --------  ----------  --------------  -------------------
/opt/airflow/dags/etl_api_to_bi.py                           1           0  0.26s           2025-09-17T17:29:11
================================================================================
[2025-09-17T19:29:58.440+0200] {manager.py:878} INFO - 
================================================================================
DAG File Processing Stats

File Path                           PID    Runtime      # DAGs    # Errors  Last Runtime    Last Run
----------------------------------  -----  ---------  --------  ----------  --------------  -------------------
/opt/airflow/dags/etl_api_to_bi.py                           1           0  0.34s           2025-09-17T17:29:42
================================================================================
[2025-09-17T19:30:25.725+0200] {manager.py:878} INFO - 
================================================================================
DAG File Processing Stats

File Path                           PID    Runtime      # DAGs    # Errors  Last Runtime    Last Run
----------------------------------  -----  ---------  --------  ----------  --------------  -------------------
/opt/airflow/dags/etl_api_to_bi.py                           1           0  0.67s           2025-09-17T17:30:13
================================================================================
[2025-09-17T19:30:53.575+0200] {manager.py:878} INFO - 
================================================================================
DAG File Processing Stats

File Path                           PID    Runtime      # DAGs    # Errors  Last Runtime    Last Run
----------------------------------  -----  ---------  --------  ----------  --------------  -------------------
/opt/airflow/dags/etl_api_to_bi.py                           1           0  0.58s           2025-09-17T17:30:44
================================================================================
[2025-09-17T19:31:21.023+0200] {manager.py:878} INFO - 
================================================================================
DAG File Processing Stats

File Path                           PID    Runtime      # DAGs    # Errors  Last Runtime    Last Run
----------------------------------  -----  ---------  --------  ----------  --------------  -------------------
/opt/airflow/dags/etl_api_to_bi.py                           1           0  0.45s           2025-09-17T17:31:15
================================================================================
[2025-09-17T19:31:48.898+0200] {manager.py:878} INFO - 
================================================================================
DAG File Processing Stats

File Path                           PID    Runtime      # DAGs    # Errors  Last Runtime    Last Run
----------------------------------  -----  ---------  --------  ----------  --------------  -------------------
/opt/airflow/dags/etl_api_to_bi.py                           1           0  0.26s           2025-09-17T17:31:46
================================================================================
[2025-09-17T19:32:16.214+0200] {manager.py:878} INFO - 
================================================================================
DAG File Processing Stats

File Path                           PID    Runtime      # DAGs    # Errors  Last Runtime    Last Run
----------------------------------  -----  ---------  --------  ----------  --------------  -------------------
/opt/airflow/dags/etl_api_to_bi.py                           1           0  0.25s           2025-09-17T17:32:17
================================================================================
[2025-09-17T19:32:43.753+0200] {manager.py:878} INFO - 
================================================================================
DAG File Processing Stats

File Path                           PID    Runtime      # DAGs    # Errors  Last Runtime    Last Run
----------------------------------  -----  ---------  --------  ----------  --------------  -------------------
/opt/airflow/dags/etl_api_to_bi.py                           1           0  0.25s           2025-09-17T17:32:17
================================================================================
[2025-09-17T19:33:11.459+0200] {manager.py:878} INFO - 
================================================================================
DAG File Processing Stats

File Path                           PID    Runtime      # DAGs    # Errors  Last Runtime    Last Run
----------------------------------  -----  ---------  --------  ----------  --------------  -------------------
/opt/airflow/dags/etl_api_to_bi.py                           1           0  0.67s           2025-09-17T17:32:48
================================================================================
[2025-09-17T19:33:39.285+0200] {manager.py:878} INFO - 
================================================================================
DAG File Processing Stats

File Path                           PID    Runtime      # DAGs    # Errors  Last Runtime    Last Run
----------------------------------  -----  ---------  --------  ----------  --------------  -------------------
/opt/airflow/dags/etl_api_to_bi.py                           1           0  0.26s           2025-09-17T17:33:18
================================================================================
[2025-09-17T19:34:06.913+0200] {manager.py:737} INFO - Searching for files in /opt/airflow/dags
[2025-09-17T19:34:06.948+0200] {manager.py:740} INFO - There are 1 files in /opt/airflow/dags
[2025-09-17T19:34:07.408+0200] {manager.py:878} INFO - 
================================================================================
DAG File Processing Stats

File Path                           PID    Runtime      # DAGs    # Errors  Last Runtime    Last Run
----------------------------------  -----  ---------  --------  ----------  --------------  -------------------
/opt/airflow/dags/etl_api_to_bi.py                           1           0  0.23s           2025-09-17T17:33:49
================================================================================
[2025-09-17T19:34:35.436+0200] {manager.py:878} INFO - 
================================================================================
DAG File Processing Stats

File Path                           PID    Runtime      # DAGs    # Errors  Last Runtime    Last Run
----------------------------------  -----  ---------  --------  ----------  --------------  -------------------
/opt/airflow/dags/etl_api_to_bi.py                           1           0  0.25s           2025-09-17T17:34:20
================================================================================
[2025-09-17T19:35:03.318+0200] {manager.py:878} INFO - 
================================================================================
DAG File Processing Stats

File Path                           PID    Runtime      # DAGs    # Errors  Last Runtime    Last Run
----------------------------------  -----  ---------  --------  ----------  --------------  -------------------
/opt/airflow/dags/etl_api_to_bi.py                           1           0  0.22s           2025-09-17T17:34:52
================================================================================
[2025-09-17T19:35:31.354+0200] {manager.py:878} INFO - 
================================================================================
DAG File Processing Stats

File Path                           PID    Runtime      # DAGs    # Errors  Last Runtime    Last Run
----------------------------------  -----  ---------  --------  ----------  --------------  -------------------
/opt/airflow/dags/etl_api_to_bi.py                           1           0  0.24s           2025-09-17T17:35:22
================================================================================
[2025-09-17T19:35:59.257+0200] {manager.py:878} INFO - 
================================================================================
DAG File Processing Stats

File Path                           PID    Runtime      # DAGs    # Errors  Last Runtime    Last Run
----------------------------------  -----  ---------  --------  ----------  --------------  -------------------
/opt/airflow/dags/etl_api_to_bi.py                           1           0  0.38s           2025-09-17T17:35:54
================================================================================
[2025-09-17T19:36:19.238+0200] {manager.py:452} INFO - Exiting gracefully upon receiving signal 15
[2025-09-19T02:53:00.307+0200] {manager.py:470} INFO - Processing files using up to 2 processes at a time 
[2025-09-19T02:53:00.312+0200] {manager.py:471} INFO - Process each file at most once every 30 seconds
[2025-09-19T02:53:00.314+0200] {manager.py:472} INFO - Checking for new files in /opt/airflow/dags every 300 seconds
[2025-09-19T02:53:00.315+0200] {manager.py:737} INFO - Searching for files in /opt/airflow/dags
[2025-09-19T02:53:00.487+0200] {manager.py:740} INFO - There are 1 files in /opt/airflow/dags
[2025-09-19T02:53:01.620+0200] {manager.py:878} INFO - 
================================================================================
DAG File Processing Stats

File Path                             PID  Runtime      # DAGs    # Errors  Last Runtime    Last Run
----------------------------------  -----  ---------  --------  ----------  --------------  ----------
/opt/airflow/dags/etl_api_to_bi.py    171  0.55s             0           0
================================================================================
[2025-09-19T02:53:32.027+0200] {manager.py:878} INFO - 
================================================================================
DAG File Processing Stats

File Path                           PID    Runtime      # DAGs    # Errors  Last Runtime    Last Run
----------------------------------  -----  ---------  --------  ----------  --------------  -------------------
/opt/airflow/dags/etl_api_to_bi.py                           1           0  2.63s           2025-09-19T00:53:03
================================================================================
[2025-09-19T02:54:02.819+0200] {manager.py:878} INFO - 
================================================================================
DAG File Processing Stats

File Path                           PID    Runtime      # DAGs    # Errors  Last Runtime    Last Run
----------------------------------  -----  ---------  --------  ----------  --------------  -------------------
/opt/airflow/dags/etl_api_to_bi.py                           1           0  0.51s           2025-09-19T00:53:34
================================================================================
[2025-09-19T02:54:32.873+0200] {manager.py:878} INFO - 
================================================================================
DAG File Processing Stats

File Path                           PID    Runtime      # DAGs    # Errors  Last Runtime    Last Run
----------------------------------  -----  ---------  --------  ----------  --------------  -------------------
/opt/airflow/dags/etl_api_to_bi.py                           1           0  0.92s           2025-09-19T00:54:05
================================================================================
[2025-09-19T02:55:03.122+0200] {manager.py:878} INFO - 
================================================================================
DAG File Processing Stats

File Path                           PID    Runtime      # DAGs    # Errors  Last Runtime    Last Run
----------------------------------  -----  ---------  --------  ----------  --------------  -------------------
/opt/airflow/dags/etl_api_to_bi.py                           1           0  0.91s           2025-09-19T00:54:36
================================================================================
[2025-09-19T02:55:33.445+0200] {manager.py:878} INFO - 
================================================================================
DAG File Processing Stats

File Path                           PID    Runtime      # DAGs    # Errors  Last Runtime    Last Run
----------------------------------  -----  ---------  --------  ----------  --------------  -------------------
/opt/airflow/dags/etl_api_to_bi.py                           1           0  0.45s           2025-09-19T00:55:07
================================================================================
[2025-09-19T02:56:03.529+0200] {manager.py:878} INFO - 
================================================================================
DAG File Processing Stats

File Path                           PID    Runtime      # DAGs    # Errors  Last Runtime    Last Run
----------------------------------  -----  ---------  --------  ----------  --------------  -------------------
/opt/airflow/dags/etl_api_to_bi.py                           1           0  0.53s           2025-09-19T00:55:38
================================================================================
[2025-09-19T02:56:34.214+0200] {manager.py:878} INFO - 
================================================================================
DAG File Processing Stats

File Path                           PID    Runtime      # DAGs    # Errors  Last Runtime    Last Run
----------------------------------  -----  ---------  --------  ----------  --------------  -------------------
/opt/airflow/dags/etl_api_to_bi.py                           1           0  0.26s           2025-09-19T00:56:09
================================================================================
[2025-09-19T02:57:04.575+0200] {manager.py:878} INFO - 
================================================================================
DAG File Processing Stats

File Path                           PID    Runtime      # DAGs    # Errors  Last Runtime    Last Run
----------------------------------  -----  ---------  --------  ----------  --------------  -------------------
/opt/airflow/dags/etl_api_to_bi.py                           1           0  0.58s           2025-09-19T00:56:39
================================================================================
[2025-09-19T02:57:34.583+0200] {manager.py:878} INFO - 
================================================================================
DAG File Processing Stats

File Path                           PID    Runtime      # DAGs    # Errors  Last Runtime    Last Run
----------------------------------  -----  ---------  --------  ----------  --------------  -------------------
/opt/airflow/dags/etl_api_to_bi.py                           1           0  0.33s           2025-09-19T00:57:10
================================================================================
[2025-09-19T02:58:00.776+0200] {manager.py:737} INFO - Searching for files in /opt/airflow/dags
[2025-09-19T02:58:00.817+0200] {manager.py:740} INFO - There are 1 files in /opt/airflow/dags
[2025-09-19T02:58:04.869+0200] {manager.py:878} INFO - 
================================================================================
DAG File Processing Stats

File Path                           PID    Runtime      # DAGs    # Errors  Last Runtime    Last Run
----------------------------------  -----  ---------  --------  ----------  --------------  -------------------
/opt/airflow/dags/etl_api_to_bi.py                           1           0  0.32s           2025-09-19T00:57:40
================================================================================
[2025-09-19T02:58:35.296+0200] {manager.py:878} INFO - 
================================================================================
DAG File Processing Stats

File Path                           PID    Runtime      # DAGs    # Errors  Last Runtime    Last Run
----------------------------------  -----  ---------  --------  ----------  --------------  -------------------
/opt/airflow/dags/etl_api_to_bi.py                           1           0  0.32s           2025-09-19T00:58:11
================================================================================
[2025-09-19T02:59:05.790+0200] {manager.py:878} INFO - 
================================================================================
DAG File Processing Stats

File Path                           PID    Runtime      # DAGs    # Errors  Last Runtime    Last Run
----------------------------------  -----  ---------  --------  ----------  --------------  -------------------
/opt/airflow/dags/etl_api_to_bi.py                           1           0  0.22s           2025-09-19T00:58:41
================================================================================
[2025-09-19T02:59:36.229+0200] {manager.py:878} INFO - 
================================================================================
DAG File Processing Stats

File Path                           PID    Runtime      # DAGs    # Errors  Last Runtime    Last Run
----------------------------------  -----  ---------  --------  ----------  --------------  -------------------
/opt/airflow/dags/etl_api_to_bi.py                           1           0  0.21s           2025-09-19T00:59:12
================================================================================
[2025-09-19T03:00:06.585+0200] {manager.py:878} INFO - 
================================================================================
DAG File Processing Stats

File Path                           PID    Runtime      # DAGs    # Errors  Last Runtime    Last Run
----------------------------------  -----  ---------  --------  ----------  --------------  -------------------
/opt/airflow/dags/etl_api_to_bi.py                           1           0  0.21s           2025-09-19T00:59:42
================================================================================
[2025-09-19T03:00:36.788+0200] {manager.py:878} INFO - 
================================================================================
DAG File Processing Stats

File Path                           PID    Runtime      # DAGs    # Errors  Last Runtime    Last Run
----------------------------------  -----  ---------  --------  ----------  --------------  -------------------
/opt/airflow/dags/etl_api_to_bi.py                           1           0  0.21s           2025-09-19T01:00:12
================================================================================
[2025-09-19T03:01:07.183+0200] {manager.py:878} INFO - 
================================================================================
DAG File Processing Stats

File Path                           PID    Runtime      # DAGs    # Errors  Last Runtime    Last Run
----------------------------------  -----  ---------  --------  ----------  --------------  -------------------
/opt/airflow/dags/etl_api_to_bi.py                           1           0  0.20s           2025-09-19T01:00:43
================================================================================
[2025-09-19T03:01:37.537+0200] {manager.py:878} INFO - 
================================================================================
DAG File Processing Stats

File Path                           PID    Runtime      # DAGs    # Errors  Last Runtime    Last Run
----------------------------------  -----  ---------  --------  ----------  --------------  -------------------
/opt/airflow/dags/etl_api_to_bi.py                           1           0  0.20s           2025-09-19T01:01:13
================================================================================
[2025-09-19T03:02:07.909+0200] {manager.py:878} INFO - 
================================================================================
DAG File Processing Stats

File Path                           PID    Runtime      # DAGs    # Errors  Last Runtime    Last Run
----------------------------------  -----  ---------  --------  ----------  --------------  -------------------
/opt/airflow/dags/etl_api_to_bi.py                           1           0  0.19s           2025-09-19T01:01:43
================================================================================
[2025-09-19T03:02:38.250+0200] {manager.py:878} INFO - 
================================================================================
DAG File Processing Stats

File Path                           PID    Runtime      # DAGs    # Errors  Last Runtime    Last Run
----------------------------------  -----  ---------  --------  ----------  --------------  -------------------
/opt/airflow/dags/etl_api_to_bi.py                           1           0  0.24s           2025-09-19T01:02:14
================================================================================
[2025-09-19T03:03:01.452+0200] {manager.py:737} INFO - Searching for files in /opt/airflow/dags
[2025-09-19T03:03:01.483+0200] {manager.py:740} INFO - There are 1 files in /opt/airflow/dags
[2025-09-19T03:03:08.550+0200] {manager.py:878} INFO - 
================================================================================
DAG File Processing Stats

File Path                           PID    Runtime      # DAGs    # Errors  Last Runtime    Last Run
----------------------------------  -----  ---------  --------  ----------  --------------  -------------------
/opt/airflow/dags/etl_api_to_bi.py                           1           0  0.21s           2025-09-19T01:02:44
================================================================================
[2025-09-19T03:03:38.856+0200] {manager.py:878} INFO - 
================================================================================
DAG File Processing Stats

File Path                           PID    Runtime      # DAGs    # Errors  Last Runtime    Last Run
----------------------------------  -----  ---------  --------  ----------  --------------  -------------------
/opt/airflow/dags/etl_api_to_bi.py                           1           0  0.22s           2025-09-19T01:03:14
================================================================================
[2025-09-19T03:04:09.274+0200] {manager.py:878} INFO - 
================================================================================
DAG File Processing Stats

File Path                           PID    Runtime      # DAGs    # Errors  Last Runtime    Last Run
----------------------------------  -----  ---------  --------  ----------  --------------  -------------------
/opt/airflow/dags/etl_api_to_bi.py                           1           0  0.34s           2025-09-19T01:03:45
================================================================================
[2025-09-19T03:04:39.589+0200] {manager.py:878} INFO - 
================================================================================
DAG File Processing Stats

File Path                           PID    Runtime      # DAGs    # Errors  Last Runtime    Last Run
----------------------------------  -----  ---------  --------  ----------  --------------  -------------------
/opt/airflow/dags/etl_api_to_bi.py                           1           0  0.20s           2025-09-19T01:04:15
================================================================================
[2025-09-19T03:05:09.817+0200] {manager.py:878} INFO - 
================================================================================
DAG File Processing Stats

File Path                           PID    Runtime      # DAGs    # Errors  Last Runtime    Last Run
----------------------------------  -----  ---------  --------  ----------  --------------  -------------------
/opt/airflow/dags/etl_api_to_bi.py                           1           0  0.21s           2025-09-19T01:04:45
================================================================================
[2025-09-19T03:05:40.175+0200] {manager.py:878} INFO - 
================================================================================
DAG File Processing Stats

File Path                           PID    Runtime      # DAGs    # Errors  Last Runtime    Last Run
----------------------------------  -----  ---------  --------  ----------  --------------  -------------------
/opt/airflow/dags/etl_api_to_bi.py                           1           0  0.24s           2025-09-19T01:05:16
================================================================================
[2025-09-19T03:06:10.440+0200] {manager.py:878} INFO - 
================================================================================
DAG File Processing Stats

File Path                           PID    Runtime      # DAGs    # Errors  Last Runtime    Last Run
----------------------------------  -----  ---------  --------  ----------  --------------  -------------------
/opt/airflow/dags/etl_api_to_bi.py                           1           0  0.22s           2025-09-19T01:05:46
================================================================================
[2025-09-19T03:06:40.741+0200] {manager.py:878} INFO - 
================================================================================
DAG File Processing Stats

File Path                           PID    Runtime      # DAGs    # Errors  Last Runtime    Last Run
----------------------------------  -----  ---------  --------  ----------  --------------  -------------------
/opt/airflow/dags/etl_api_to_bi.py                           1           0  0.30s           2025-09-19T01:06:16
================================================================================
[2025-09-19T03:07:11.227+0200] {manager.py:878} INFO - 
================================================================================
DAG File Processing Stats

File Path                           PID    Runtime      # DAGs    # Errors  Last Runtime    Last Run
----------------------------------  -----  ---------  --------  ----------  --------------  -------------------
/opt/airflow/dags/etl_api_to_bi.py                           1           0  0.22s           2025-09-19T01:06:47
================================================================================
[2025-09-19T03:07:41.538+0200] {manager.py:878} INFO - 
================================================================================
DAG File Processing Stats

File Path                           PID    Runtime      # DAGs    # Errors  Last Runtime    Last Run
----------------------------------  -----  ---------  --------  ----------  --------------  -------------------
/opt/airflow/dags/etl_api_to_bi.py                           1           0  0.20s           2025-09-19T01:07:17
================================================================================
[2025-09-19T03:08:01.713+0200] {manager.py:737} INFO - Searching for files in /opt/airflow/dags
[2025-09-19T03:08:01.754+0200] {manager.py:740} INFO - There are 1 files in /opt/airflow/dags
[2025-09-19T03:08:11.816+0200] {manager.py:878} INFO - 
================================================================================
DAG File Processing Stats

File Path                           PID    Runtime      # DAGs    # Errors  Last Runtime    Last Run
----------------------------------  -----  ---------  --------  ----------  --------------  -------------------
/opt/airflow/dags/etl_api_to_bi.py                           1           0  0.22s           2025-09-19T01:07:47
================================================================================
[2025-09-19T03:08:42.094+0200] {manager.py:878} INFO - 
================================================================================
DAG File Processing Stats

File Path                           PID    Runtime      # DAGs    # Errors  Last Runtime    Last Run
----------------------------------  -----  ---------  --------  ----------  --------------  -------------------
/opt/airflow/dags/etl_api_to_bi.py                           1           0  0.19s           2025-09-19T01:08:18
================================================================================
[2025-09-19T03:09:12.343+0200] {manager.py:878} INFO - 
================================================================================
DAG File Processing Stats

File Path                           PID    Runtime      # DAGs    # Errors  Last Runtime    Last Run
----------------------------------  -----  ---------  --------  ----------  --------------  -------------------
/opt/airflow/dags/etl_api_to_bi.py                           1           0  0.25s           2025-09-19T01:08:48
================================================================================
[2025-09-19T03:09:42.705+0200] {manager.py:878} INFO - 
================================================================================
DAG File Processing Stats

File Path                           PID    Runtime      # DAGs    # Errors  Last Runtime    Last Run
----------------------------------  -----  ---------  --------  ----------  --------------  -------------------
/opt/airflow/dags/etl_api_to_bi.py                           1           0  0.21s           2025-09-19T01:09:18
================================================================================
[2025-09-19T03:10:13.067+0200] {manager.py:878} INFO - 
================================================================================
DAG File Processing Stats

File Path                           PID    Runtime      # DAGs    # Errors  Last Runtime    Last Run
----------------------------------  -----  ---------  --------  ----------  --------------  -------------------
/opt/airflow/dags/etl_api_to_bi.py                           1           0  0.22s           2025-09-19T01:09:49
================================================================================
[2025-09-19T03:10:43.434+0200] {manager.py:878} INFO - 
================================================================================
DAG File Processing Stats

File Path                           PID    Runtime      # DAGs    # Errors  Last Runtime    Last Run
----------------------------------  -----  ---------  --------  ----------  --------------  -------------------
/opt/airflow/dags/etl_api_to_bi.py                           1           0  0.27s           2025-09-19T01:10:19
================================================================================
[2025-09-19T03:11:13.904+0200] {manager.py:878} INFO - 
================================================================================
DAG File Processing Stats

File Path                           PID    Runtime      # DAGs    # Errors  Last Runtime    Last Run
----------------------------------  -----  ---------  --------  ----------  --------------  -------------------
/opt/airflow/dags/etl_api_to_bi.py                           1           0  0.23s           2025-09-19T01:10:49
================================================================================
[2025-09-19T03:11:44.312+0200] {manager.py:878} INFO - 
================================================================================
DAG File Processing Stats

File Path                           PID    Runtime      # DAGs    # Errors  Last Runtime    Last Run
----------------------------------  -----  ---------  --------  ----------  --------------  -------------------
/opt/airflow/dags/etl_api_to_bi.py                           1           0  0.25s           2025-09-19T01:11:20
================================================================================
[2025-09-19T03:12:14.747+0200] {manager.py:878} INFO - 
================================================================================
DAG File Processing Stats

File Path                           PID    Runtime      # DAGs    # Errors  Last Runtime    Last Run
----------------------------------  -----  ---------  --------  ----------  --------------  -------------------
/opt/airflow/dags/etl_api_to_bi.py                           1           0  0.24s           2025-09-19T01:11:50
================================================================================
[2025-09-19T03:12:45.162+0200] {manager.py:878} INFO - 
================================================================================
DAG File Processing Stats

File Path                           PID    Runtime      # DAGs    # Errors  Last Runtime    Last Run
----------------------------------  -----  ---------  --------  ----------  --------------  -------------------
/opt/airflow/dags/etl_api_to_bi.py                           1           0  0.34s           2025-09-19T01:12:21
================================================================================
[2025-09-19T03:13:01.886+0200] {manager.py:737} INFO - Searching for files in /opt/airflow/dags
[2025-09-19T03:13:01.919+0200] {manager.py:740} INFO - There are 1 files in /opt/airflow/dags
[2025-09-19T03:13:15.752+0200] {manager.py:878} INFO - 
================================================================================
DAG File Processing Stats

File Path                           PID    Runtime      # DAGs    # Errors  Last Runtime    Last Run
----------------------------------  -----  ---------  --------  ----------  --------------  -------------------
/opt/airflow/dags/etl_api_to_bi.py                           1           0  0.25s           2025-09-19T01:12:51
================================================================================
[2025-09-19T03:13:46.162+0200] {manager.py:878} INFO - 
================================================================================
DAG File Processing Stats

File Path                           PID    Runtime      # DAGs    # Errors  Last Runtime    Last Run
----------------------------------  -----  ---------  --------  ----------  --------------  -------------------
/opt/airflow/dags/etl_api_to_bi.py                           1           0  0.31s           2025-09-19T01:13:22
================================================================================
[2025-09-19T03:14:16.641+0200] {manager.py:878} INFO - 
================================================================================
DAG File Processing Stats

File Path                           PID    Runtime      # DAGs    # Errors  Last Runtime    Last Run
----------------------------------  -----  ---------  --------  ----------  --------------  -------------------
/opt/airflow/dags/etl_api_to_bi.py                           1           0  0.24s           2025-09-19T01:13:52
================================================================================
[2025-09-19T03:14:47.019+0200] {manager.py:878} INFO - 
================================================================================
DAG File Processing Stats

File Path                           PID    Runtime      # DAGs    # Errors  Last Runtime    Last Run
----------------------------------  -----  ---------  --------  ----------  --------------  -------------------
/opt/airflow/dags/etl_api_to_bi.py                           1           0  0.20s           2025-09-19T01:14:23
================================================================================
[2025-09-19T03:15:17.382+0200] {manager.py:878} INFO - 
================================================================================
DAG File Processing Stats

File Path                           PID    Runtime      # DAGs    # Errors  Last Runtime    Last Run
----------------------------------  -----  ---------  --------  ----------  --------------  -------------------
/opt/airflow/dags/etl_api_to_bi.py                           1           0  0.22s           2025-09-19T01:14:53
================================================================================
[2025-09-19T03:15:47.730+0200] {manager.py:878} INFO - 
================================================================================
DAG File Processing Stats

File Path                           PID    Runtime      # DAGs    # Errors  Last Runtime    Last Run
----------------------------------  -----  ---------  --------  ----------  --------------  -------------------
/opt/airflow/dags/etl_api_to_bi.py                           1           0  0.23s           2025-09-19T01:15:23
================================================================================
[2025-09-19T03:16:18.112+0200] {manager.py:878} INFO - 
================================================================================
DAG File Processing Stats

File Path                           PID    Runtime      # DAGs    # Errors  Last Runtime    Last Run
----------------------------------  -----  ---------  --------  ----------  --------------  -------------------
/opt/airflow/dags/etl_api_to_bi.py                           1           0  0.19s           2025-09-19T01:15:54
================================================================================
[2025-09-19T03:16:48.476+0200] {manager.py:878} INFO - 
================================================================================
DAG File Processing Stats

File Path                           PID    Runtime      # DAGs    # Errors  Last Runtime    Last Run
----------------------------------  -----  ---------  --------  ----------  --------------  -------------------
/opt/airflow/dags/etl_api_to_bi.py                           1           0  0.28s           2025-09-19T01:16:24
================================================================================
[2025-09-19T03:17:18.891+0200] {manager.py:878} INFO - 
================================================================================
DAG File Processing Stats

File Path                           PID    Runtime      # DAGs    # Errors  Last Runtime    Last Run
----------------------------------  -----  ---------  --------  ----------  --------------  -------------------
/opt/airflow/dags/etl_api_to_bi.py                           1           0  0.22s           2025-09-19T01:16:54
================================================================================
[2025-09-19T03:17:49.271+0200] {manager.py:878} INFO - 
================================================================================
DAG File Processing Stats

File Path                           PID    Runtime      # DAGs    # Errors  Last Runtime    Last Run
----------------------------------  -----  ---------  --------  ----------  --------------  -------------------
/opt/airflow/dags/etl_api_to_bi.py                           1           0  0.19s           2025-09-19T01:17:25
================================================================================
[2025-09-19T03:18:02.552+0200] {manager.py:737} INFO - Searching for files in /opt/airflow/dags
[2025-09-19T03:18:02.581+0200] {manager.py:740} INFO - There are 1 files in /opt/airflow/dags
[2025-09-19T03:18:19.655+0200] {manager.py:878} INFO - 
================================================================================
DAG File Processing Stats

File Path                           PID    Runtime      # DAGs    # Errors  Last Runtime    Last Run
----------------------------------  -----  ---------  --------  ----------  --------------  -------------------
/opt/airflow/dags/etl_api_to_bi.py                           1           0  0.22s           2025-09-19T01:17:55
================================================================================
[2025-09-19T03:18:49.974+0200] {manager.py:878} INFO - 
================================================================================
DAG File Processing Stats

File Path                           PID    Runtime      # DAGs    # Errors  Last Runtime    Last Run
----------------------------------  -----  ---------  --------  ----------  --------------  -------------------
/opt/airflow/dags/etl_api_to_bi.py                           1           0  0.19s           2025-09-19T01:18:26
================================================================================
[2025-09-19T03:19:20.330+0200] {manager.py:878} INFO - 
================================================================================
DAG File Processing Stats

File Path                           PID    Runtime      # DAGs    # Errors  Last Runtime    Last Run
----------------------------------  -----  ---------  --------  ----------  --------------  -------------------
/opt/airflow/dags/etl_api_to_bi.py                           1           0  0.28s           2025-09-19T01:18:56
================================================================================
[2025-09-19T03:19:50.750+0200] {manager.py:878} INFO - 
================================================================================
DAG File Processing Stats

File Path                           PID    Runtime      # DAGs    # Errors  Last Runtime    Last Run
----------------------------------  -----  ---------  --------  ----------  --------------  -------------------
/opt/airflow/dags/etl_api_to_bi.py                           1           0  0.23s           2025-09-19T01:19:26
================================================================================
[2025-09-19T03:20:21.145+0200] {manager.py:878} INFO - 
================================================================================
DAG File Processing Stats

File Path                           PID    Runtime      # DAGs    # Errors  Last Runtime    Last Run
----------------------------------  -----  ---------  --------  ----------  --------------  -------------------
/opt/airflow/dags/etl_api_to_bi.py                           1           0  0.21s           2025-09-19T01:19:57
================================================================================
[2025-09-19T03:20:51.569+0200] {manager.py:878} INFO - 
================================================================================
DAG File Processing Stats

File Path                           PID    Runtime      # DAGs    # Errors  Last Runtime    Last Run
----------------------------------  -----  ---------  --------  ----------  --------------  -------------------
/opt/airflow/dags/etl_api_to_bi.py                           1           0  0.25s           2025-09-19T01:20:27
================================================================================
[2025-09-19T03:21:21.633+0200] {manager.py:878} INFO - 
================================================================================
DAG File Processing Stats

File Path                           PID    Runtime      # DAGs    # Errors  Last Runtime    Last Run
----------------------------------  -----  ---------  --------  ----------  --------------  -------------------
/opt/airflow/dags/etl_api_to_bi.py                           1           0  0.39s           2025-09-19T01:20:58
================================================================================
[2025-09-19T03:21:51.608+0200] {manager.py:878} INFO - 
================================================================================
DAG File Processing Stats

File Path                           PID    Runtime      # DAGs    # Errors  Last Runtime    Last Run
----------------------------------  -----  ---------  --------  ----------  --------------  -------------------
/opt/airflow/dags/etl_api_to_bi.py                           1           0  0.23s           2025-09-19T01:21:28
================================================================================
[2025-09-19T03:22:21.789+0200] {manager.py:878} INFO - 
================================================================================
DAG File Processing Stats

File Path                           PID    Runtime      # DAGs    # Errors  Last Runtime    Last Run
----------------------------------  -----  ---------  --------  ----------  --------------  -------------------
/opt/airflow/dags/etl_api_to_bi.py                           1           0  0.25s           2025-09-19T01:21:58
================================================================================
[2025-09-19T03:22:52.337+0200] {manager.py:878} INFO - 
================================================================================
DAG File Processing Stats

File Path                           PID    Runtime      # DAGs    # Errors  Last Runtime    Last Run
----------------------------------  -----  ---------  --------  ----------  --------------  -------------------
/opt/airflow/dags/etl_api_to_bi.py                           1           0  0.21s           2025-09-19T01:22:29
================================================================================
[2025-09-19T03:23:02.627+0200] {manager.py:737} INFO - Searching for files in /opt/airflow/dags
[2025-09-19T03:23:02.652+0200] {manager.py:740} INFO - There are 1 files in /opt/airflow/dags
[2025-09-19T03:23:22.757+0200] {manager.py:878} INFO - 
================================================================================
DAG File Processing Stats

File Path                           PID    Runtime      # DAGs    # Errors  Last Runtime    Last Run
----------------------------------  -----  ---------  --------  ----------  --------------  -------------------
/opt/airflow/dags/etl_api_to_bi.py                           1           0  0.26s           2025-09-19T01:22:59
================================================================================
[2025-09-19T03:23:52.928+0200] {manager.py:878} INFO - 
================================================================================
DAG File Processing Stats

File Path                           PID    Runtime      # DAGs    # Errors  Last Runtime    Last Run
----------------------------------  -----  ---------  --------  ----------  --------------  -------------------
/opt/airflow/dags/etl_api_to_bi.py                           1           0  0.22s           2025-09-19T01:23:30
================================================================================
[2025-09-19T03:24:23.312+0200] {manager.py:878} INFO - 
================================================================================
DAG File Processing Stats

File Path                           PID    Runtime      # DAGs    # Errors  Last Runtime    Last Run
----------------------------------  -----  ---------  --------  ----------  --------------  -------------------
/opt/airflow/dags/etl_api_to_bi.py                           1           0  0.21s           2025-09-19T01:24:00
================================================================================
[2025-09-19T03:24:53.629+0200] {manager.py:878} INFO - 
================================================================================
DAG File Processing Stats

File Path                           PID    Runtime      # DAGs    # Errors  Last Runtime    Last Run
----------------------------------  -----  ---------  --------  ----------  --------------  -------------------
/opt/airflow/dags/etl_api_to_bi.py                           1           0  0.32s           2025-09-19T01:24:30
================================================================================
[2025-09-19T03:25:24.190+0200] {manager.py:878} INFO - 
================================================================================
DAG File Processing Stats

File Path                           PID    Runtime      # DAGs    # Errors  Last Runtime    Last Run
----------------------------------  -----  ---------  --------  ----------  --------------  -------------------
/opt/airflow/dags/etl_api_to_bi.py                           1           0  0.25s           2025-09-19T01:25:01
================================================================================
[2025-09-19T03:25:54.586+0200] {manager.py:878} INFO - 
================================================================================
DAG File Processing Stats

File Path                           PID    Runtime      # DAGs    # Errors  Last Runtime    Last Run
----------------------------------  -----  ---------  --------  ----------  --------------  -------------------
/opt/airflow/dags/etl_api_to_bi.py                           1           0  0.23s           2025-09-19T01:25:31
================================================================================
[2025-09-19T03:26:25.083+0200] {manager.py:878} INFO - 
================================================================================
DAG File Processing Stats

File Path                           PID    Runtime      # DAGs    # Errors  Last Runtime    Last Run
----------------------------------  -----  ---------  --------  ----------  --------------  -------------------
/opt/airflow/dags/etl_api_to_bi.py                           1           0  0.25s           2025-09-19T01:26:02
================================================================================
[2025-09-19T03:26:55.407+0200] {manager.py:878} INFO - 
================================================================================
DAG File Processing Stats

File Path                           PID    Runtime      # DAGs    # Errors  Last Runtime    Last Run
----------------------------------  -----  ---------  --------  ----------  --------------  -------------------
/opt/airflow/dags/etl_api_to_bi.py                           1           0  0.26s           2025-09-19T01:26:32
================================================================================
[2025-09-19T03:27:25.874+0200] {manager.py:878} INFO - 
================================================================================
DAG File Processing Stats

File Path                           PID    Runtime      # DAGs    # Errors  Last Runtime    Last Run
----------------------------------  -----  ---------  --------  ----------  --------------  -------------------
/opt/airflow/dags/etl_api_to_bi.py                           1           0  0.28s           2025-09-19T01:27:03
================================================================================
[2025-09-19T03:27:56.332+0200] {manager.py:878} INFO - 
================================================================================
DAG File Processing Stats

File Path                           PID    Runtime      # DAGs    # Errors  Last Runtime    Last Run
----------------------------------  -----  ---------  --------  ----------  --------------  -------------------
/opt/airflow/dags/etl_api_to_bi.py                           1           0  0.25s           2025-09-19T01:27:33
================================================================================
[2025-09-19T03:28:02.628+0200] {manager.py:737} INFO - Searching for files in /opt/airflow/dags
[2025-09-19T03:28:02.671+0200] {manager.py:740} INFO - There are 1 files in /opt/airflow/dags
[2025-09-19T03:28:26.823+0200] {manager.py:878} INFO - 
================================================================================
DAG File Processing Stats

File Path                           PID    Runtime      # DAGs    # Errors  Last Runtime    Last Run
----------------------------------  -----  ---------  --------  ----------  --------------  -------------------
/opt/airflow/dags/etl_api_to_bi.py                           1           0  0.19s           2025-09-19T01:28:03
================================================================================
[2025-09-19T03:28:57.207+0200] {manager.py:878} INFO - 
================================================================================
DAG File Processing Stats

File Path                           PID    Runtime      # DAGs    # Errors  Last Runtime    Last Run
----------------------------------  -----  ---------  --------  ----------  --------------  -------------------
/opt/airflow/dags/etl_api_to_bi.py                           1           0  0.22s           2025-09-19T01:28:34
================================================================================
[2025-09-19T03:29:02.191+0200] {manager.py:452} INFO - Exiting gracefully upon receiving signal 15
[2025-09-28T22:56:13.891+0200] {manager.py:470} INFO - Processing files using up to 2 processes at a time 
[2025-09-28T22:56:13.895+0200] {manager.py:471} INFO - Process each file at most once every 30 seconds
[2025-09-28T22:56:13.897+0200] {manager.py:472} INFO - Checking for new files in /opt/airflow/dags every 300 seconds
[2025-09-28T22:56:13.901+0200] {manager.py:737} INFO - Searching for files in /opt/airflow/dags
[2025-09-28T22:56:13.938+0200] {manager.py:740} INFO - There are 1 files in /opt/airflow/dags
[2025-09-28T22:56:14.240+0200] {manager.py:878} INFO - 
================================================================================
DAG File Processing Stats

File Path                             PID  Runtime      # DAGs    # Errors  Last Runtime    Last Run
----------------------------------  -----  ---------  --------  ----------  --------------  ----------
/opt/airflow/dags/etl_api_to_bi.py    172  0.12s             0           0
================================================================================
[2025-09-28T22:56:45.690+0200] {manager.py:878} INFO - 
================================================================================
DAG File Processing Stats

File Path                             PID  Runtime      # DAGs    # Errors  Last Runtime    Last Run
----------------------------------  -----  ---------  --------  ----------  --------------  -------------------
/opt/airflow/dags/etl_api_to_bi.py    218  0.37s             1           0  0.74s           2025-09-28T20:56:14
================================================================================
[2025-09-28T22:57:17.413+0200] {manager.py:878} INFO - 
================================================================================
DAG File Processing Stats

File Path                           PID    Runtime      # DAGs    # Errors  Last Runtime    Last Run
----------------------------------  -----  ---------  --------  ----------  --------------  -------------------
/opt/airflow/dags/etl_api_to_bi.py                           1           0  0.32s           2025-09-28T20:57:16
================================================================================
[2025-09-28T22:57:49.079+0200] {manager.py:878} INFO - 
================================================================================
DAG File Processing Stats

File Path                           PID    Runtime      # DAGs    # Errors  Last Runtime    Last Run
----------------------------------  -----  ---------  --------  ----------  --------------  -------------------
/opt/airflow/dags/etl_api_to_bi.py                           1           0  0.64s           2025-09-28T20:57:47
================================================================================
[2025-09-28T22:58:20.389+0200] {manager.py:878} INFO - 
================================================================================
DAG File Processing Stats

File Path                           PID    Runtime      # DAGs    # Errors  Last Runtime    Last Run
----------------------------------  -----  ---------  --------  ----------  --------------  -------------------
/opt/airflow/dags/etl_api_to_bi.py                           1           0  0.65s           2025-09-28T20:58:18
================================================================================
[2025-09-28T22:58:51.815+0200] {manager.py:878} INFO - 
================================================================================
DAG File Processing Stats

File Path                           PID    Runtime      # DAGs    # Errors  Last Runtime    Last Run
----------------------------------  -----  ---------  --------  ----------  --------------  -------------------
/opt/airflow/dags/etl_api_to_bi.py                           1           0  0.75s           2025-09-28T20:58:50
================================================================================
[2025-09-28T22:59:23.461+0200] {manager.py:878} INFO - 
================================================================================
DAG File Processing Stats

File Path                           PID    Runtime      # DAGs    # Errors  Last Runtime    Last Run
----------------------------------  -----  ---------  --------  ----------  --------------  -------------------
/opt/airflow/dags/etl_api_to_bi.py                           1           0  0.34s           2025-09-28T20:59:21
================================================================================
[2025-09-28T22:59:55.160+0200] {manager.py:878} INFO - 
================================================================================
DAG File Processing Stats

File Path                           PID    Runtime      # DAGs    # Errors  Last Runtime    Last Run
----------------------------------  -----  ---------  --------  ----------  --------------  -------------------
/opt/airflow/dags/etl_api_to_bi.py                           1           0  0.32s           2025-09-28T20:59:52
================================================================================
[2025-09-28T23:00:26.434+0200] {manager.py:878} INFO - 
================================================================================
DAG File Processing Stats

File Path                           PID    Runtime      # DAGs    # Errors  Last Runtime    Last Run
----------------------------------  -----  ---------  --------  ----------  --------------  -------------------
/opt/airflow/dags/etl_api_to_bi.py                           1           0  0.44s           2025-09-28T21:00:23
================================================================================
[2025-09-28T23:00:57.717+0200] {manager.py:878} INFO - 
================================================================================
DAG File Processing Stats

File Path                           PID    Runtime      # DAGs    # Errors  Last Runtime    Last Run
----------------------------------  -----  ---------  --------  ----------  --------------  -------------------
/opt/airflow/dags/etl_api_to_bi.py                           1           0  0.24s           2025-09-28T21:00:53
================================================================================
[2025-09-28T23:01:14.035+0200] {manager.py:737} INFO - Searching for files in /opt/airflow/dags
[2025-09-28T23:01:14.068+0200] {manager.py:740} INFO - There are 1 files in /opt/airflow/dags
[2025-09-28T23:01:29.089+0200] {manager.py:878} INFO - 
================================================================================
DAG File Processing Stats

File Path                           PID    Runtime      # DAGs    # Errors  Last Runtime    Last Run
----------------------------------  -----  ---------  --------  ----------  --------------  -------------------
/opt/airflow/dags/etl_api_to_bi.py                           1           0  0.20s           2025-09-28T21:01:25
================================================================================
[2025-09-28T23:02:00.630+0200] {manager.py:878} INFO - 
================================================================================
DAG File Processing Stats

File Path                           PID    Runtime      # DAGs    # Errors  Last Runtime    Last Run
----------------------------------  -----  ---------  --------  ----------  --------------  -------------------
/opt/airflow/dags/etl_api_to_bi.py                           1           0  0.34s           2025-09-28T21:01:55
================================================================================
[2025-09-28T23:02:31.943+0200] {manager.py:878} INFO - 
================================================================================
DAG File Processing Stats

File Path                           PID    Runtime      # DAGs    # Errors  Last Runtime    Last Run
----------------------------------  -----  ---------  --------  ----------  --------------  -------------------
/opt/airflow/dags/etl_api_to_bi.py                           1           0  0.24s           2025-09-28T21:02:27
================================================================================
[2025-09-28T23:03:03.633+0200] {manager.py:878} INFO - 
================================================================================
DAG File Processing Stats

File Path                           PID    Runtime      # DAGs    # Errors  Last Runtime    Last Run
----------------------------------  -----  ---------  --------  ----------  --------------  -------------------
/opt/airflow/dags/etl_api_to_bi.py                           1           0  0.21s           2025-09-28T21:02:58
================================================================================
[2025-09-28T23:03:35.337+0200] {manager.py:878} INFO - 
================================================================================
DAG File Processing Stats

File Path                           PID    Runtime      # DAGs    # Errors  Last Runtime    Last Run
----------------------------------  -----  ---------  --------  ----------  --------------  -------------------
/opt/airflow/dags/etl_api_to_bi.py                           1           0  0.37s           2025-09-28T21:03:29
================================================================================
[2025-09-28T23:04:06.819+0200] {manager.py:878} INFO - 
================================================================================
DAG File Processing Stats

File Path                           PID    Runtime      # DAGs    # Errors  Last Runtime    Last Run
----------------------------------  -----  ---------  --------  ----------  --------------  -------------------
/opt/airflow/dags/etl_api_to_bi.py                           1           0  0.28s           2025-09-28T21:04:01
================================================================================
[2025-09-28T23:04:38.406+0200] {manager.py:878} INFO - 
================================================================================
DAG File Processing Stats

File Path                           PID    Runtime      # DAGs    # Errors  Last Runtime    Last Run
----------------------------------  -----  ---------  --------  ----------  --------------  -------------------
/opt/airflow/dags/etl_api_to_bi.py                           1           0  0.33s           2025-09-28T21:04:31
================================================================================
[2025-09-28T23:05:09.764+0200] {manager.py:878} INFO - 
================================================================================
DAG File Processing Stats

File Path                           PID    Runtime      # DAGs    # Errors  Last Runtime    Last Run
----------------------------------  -----  ---------  --------  ----------  --------------  -------------------
/opt/airflow/dags/etl_api_to_bi.py                           1           0  0.28s           2025-09-28T21:05:02
================================================================================
[2025-09-28T23:05:41.117+0200] {manager.py:878} INFO - 
================================================================================
DAG File Processing Stats

File Path                           PID    Runtime      # DAGs    # Errors  Last Runtime    Last Run
----------------------------------  -----  ---------  --------  ----------  --------------  -------------------
/opt/airflow/dags/etl_api_to_bi.py                           1           0  0.22s           2025-09-28T21:05:34
================================================================================
[2025-09-28T23:06:12.768+0200] {manager.py:878} INFO - 
================================================================================
DAG File Processing Stats

File Path                           PID    Runtime      # DAGs    # Errors  Last Runtime    Last Run
----------------------------------  -----  ---------  --------  ----------  --------------  -------------------
/opt/airflow/dags/etl_api_to_bi.py                           1           0  0.32s           2025-09-28T21:06:04
================================================================================
[2025-09-28T23:06:14.044+0200] {manager.py:737} INFO - Searching for files in /opt/airflow/dags
[2025-09-28T23:06:14.089+0200] {manager.py:740} INFO - There are 1 files in /opt/airflow/dags
[2025-09-28T23:06:44.186+0200] {manager.py:878} INFO - 
================================================================================
DAG File Processing Stats

File Path                           PID    Runtime      # DAGs    # Errors  Last Runtime    Last Run
----------------------------------  -----  ---------  --------  ----------  --------------  -------------------
/opt/airflow/dags/etl_api_to_bi.py                           1           0  0.21s           2025-09-28T21:06:36
================================================================================
[2025-09-28T23:07:15.720+0200] {manager.py:878} INFO - 
================================================================================
DAG File Processing Stats

File Path                           PID    Runtime      # DAGs    # Errors  Last Runtime    Last Run
----------------------------------  -----  ---------  --------  ----------  --------------  -------------------
/opt/airflow/dags/etl_api_to_bi.py                           1           0  0.29s           2025-09-28T21:07:07
================================================================================
[2025-09-28T23:07:47.151+0200] {manager.py:878} INFO - 
================================================================================
DAG File Processing Stats

File Path                           PID    Runtime      # DAGs    # Errors  Last Runtime    Last Run
----------------------------------  -----  ---------  --------  ----------  --------------  -------------------
/opt/airflow/dags/etl_api_to_bi.py                           1           0  0.29s           2025-09-28T21:07:38
================================================================================
[2025-09-28T23:08:18.495+0200] {manager.py:878} INFO - 
================================================================================
DAG File Processing Stats

File Path                           PID    Runtime      # DAGs    # Errors  Last Runtime    Last Run
----------------------------------  -----  ---------  --------  ----------  --------------  -------------------
/opt/airflow/dags/etl_api_to_bi.py                           1           0  0.23s           2025-09-28T21:08:09
================================================================================
[2025-09-28T23:08:50.020+0200] {manager.py:878} INFO - 
================================================================================
DAG File Processing Stats

File Path                           PID    Runtime      # DAGs    # Errors  Last Runtime    Last Run
----------------------------------  -----  ---------  --------  ----------  --------------  -------------------
/opt/airflow/dags/etl_api_to_bi.py                           1           0  0.33s           2025-09-28T21:08:41
================================================================================
[2025-09-28T23:09:21.516+0200] {manager.py:878} INFO - 
================================================================================
DAG File Processing Stats

File Path                           PID    Runtime      # DAGs    # Errors  Last Runtime    Last Run
----------------------------------  -----  ---------  --------  ----------  --------------  -------------------
/opt/airflow/dags/etl_api_to_bi.py                           1           0  0.20s           2025-09-28T21:09:11
================================================================================
[2025-09-28T23:09:53.080+0200] {manager.py:878} INFO - 
================================================================================
DAG File Processing Stats

File Path                           PID    Runtime      # DAGs    # Errors  Last Runtime    Last Run
----------------------------------  -----  ---------  --------  ----------  --------------  -------------------
/opt/airflow/dags/etl_api_to_bi.py                           1           0  0.43s           2025-09-28T21:09:43
================================================================================
[2025-09-28T23:10:24.660+0200] {manager.py:878} INFO - 
================================================================================
DAG File Processing Stats

File Path                           PID    Runtime      # DAGs    # Errors  Last Runtime    Last Run
----------------------------------  -----  ---------  --------  ----------  --------------  -------------------
/opt/airflow/dags/etl_api_to_bi.py                           1           0  0.30s           2025-09-28T21:10:14
================================================================================
[2025-09-28T23:10:56.026+0200] {manager.py:878} INFO - 
================================================================================
DAG File Processing Stats

File Path                           PID    Runtime      # DAGs    # Errors  Last Runtime    Last Run
----------------------------------  -----  ---------  --------  ----------  --------------  -------------------
/opt/airflow/dags/etl_api_to_bi.py                           1           0  0.21s           2025-09-28T21:10:45
================================================================================
[2025-09-28T23:11:14.159+0200] {manager.py:737} INFO - Searching for files in /opt/airflow/dags
[2025-09-28T23:11:14.188+0200] {manager.py:740} INFO - There are 1 files in /opt/airflow/dags
[2025-09-28T23:11:27.525+0200] {manager.py:878} INFO - 
================================================================================
DAG File Processing Stats

File Path                           PID    Runtime      # DAGs    # Errors  Last Runtime    Last Run
----------------------------------  -----  ---------  --------  ----------  --------------  -------------------
/opt/airflow/dags/etl_api_to_bi.py                           1           0  0.26s           2025-09-28T21:11:16
================================================================================
[2025-09-28T23:11:58.983+0200] {manager.py:878} INFO - 
================================================================================
DAG File Processing Stats

File Path                           PID    Runtime      # DAGs    # Errors  Last Runtime    Last Run
----------------------------------  -----  ---------  --------  ----------  --------------  -------------------
/opt/airflow/dags/etl_api_to_bi.py                           1           0  0.24s           2025-09-28T21:11:47
================================================================================
[2025-09-28T23:12:32.970+0200] {manager.py:878} INFO - 
================================================================================
DAG File Processing Stats

File Path                           PID    Runtime      # DAGs    # Errors  Last Runtime    Last Run
----------------------------------  -----  ---------  --------  ----------  --------------  -------------------
/opt/airflow/dags/etl_api_to_bi.py                           1           0  0.20s           2025-09-28T21:12:18
================================================================================
[2025-09-28T23:13:01.881+0200] {manager.py:878} INFO - 
================================================================================
DAG File Processing Stats

File Path                           PID    Runtime      # DAGs    # Errors  Last Runtime    Last Run
----------------------------------  -----  ---------  --------  ----------  --------------  -------------------
/opt/airflow/dags/etl_api_to_bi.py                           1           0  0.24s           2025-09-28T21:12:49
================================================================================
[2025-09-28T23:13:33.524+0200] {manager.py:878} INFO - 
================================================================================
DAG File Processing Stats

File Path                           PID    Runtime      # DAGs    # Errors  Last Runtime    Last Run
----------------------------------  -----  ---------  --------  ----------  --------------  -------------------
/opt/airflow/dags/etl_api_to_bi.py                           1           0  0.20s           2025-09-28T21:13:20
================================================================================
[2025-09-28T23:14:05.029+0200] {manager.py:878} INFO - 
================================================================================
DAG File Processing Stats

File Path                           PID    Runtime      # DAGs    # Errors  Last Runtime    Last Run
----------------------------------  -----  ---------  --------  ----------  --------------  -------------------
/opt/airflow/dags/etl_api_to_bi.py                           1           0  0.26s           2025-09-28T21:13:52
================================================================================
[2025-09-28T23:14:36.622+0200] {manager.py:878} INFO - 
================================================================================
DAG File Processing Stats

File Path                           PID    Runtime      # DAGs    # Errors  Last Runtime    Last Run
----------------------------------  -----  ---------  --------  ----------  --------------  -------------------
/opt/airflow/dags/etl_api_to_bi.py                           1           0  0.20s           2025-09-28T21:14:23
================================================================================
[2025-09-28T23:15:07.929+0200] {manager.py:878} INFO - 
================================================================================
DAG File Processing Stats

File Path                           PID    Runtime      # DAGs    # Errors  Last Runtime    Last Run
----------------------------------  -----  ---------  --------  ----------  --------------  -------------------
/opt/airflow/dags/etl_api_to_bi.py                           1           0  0.26s           2025-09-28T21:14:54
================================================================================
[2025-09-28T23:15:39.548+0200] {manager.py:878} INFO - 
================================================================================
DAG File Processing Stats

File Path                           PID    Runtime      # DAGs    # Errors  Last Runtime    Last Run
----------------------------------  -----  ---------  --------  ----------  --------------  -------------------
/opt/airflow/dags/etl_api_to_bi.py                           1           0  0.35s           2025-09-28T21:15:25
================================================================================
[2025-09-28T23:16:10.996+0200] {manager.py:878} INFO - 
================================================================================
DAG File Processing Stats

File Path                           PID    Runtime      # DAGs    # Errors  Last Runtime    Last Run
----------------------------------  -----  ---------  --------  ----------  --------------  -------------------
/opt/airflow/dags/etl_api_to_bi.py                           1           0  0.25s           2025-09-28T21:15:57
================================================================================
[2025-09-28T23:16:15.031+0200] {manager.py:737} INFO - Searching for files in /opt/airflow/dags
[2025-09-28T23:16:15.121+0200] {manager.py:740} INFO - There are 1 files in /opt/airflow/dags
[2025-09-28T23:16:42.484+0200] {manager.py:878} INFO - 
================================================================================
DAG File Processing Stats

File Path                           PID    Runtime      # DAGs    # Errors  Last Runtime    Last Run
----------------------------------  -----  ---------  --------  ----------  --------------  -------------------
/opt/airflow/dags/etl_api_to_bi.py                           1           0  0.22s           2025-09-28T21:16:27
================================================================================
[2025-09-28T23:17:14.007+0200] {manager.py:878} INFO - 
================================================================================
DAG File Processing Stats

File Path                           PID    Runtime      # DAGs    # Errors  Last Runtime    Last Run
----------------------------------  -----  ---------  --------  ----------  --------------  -------------------
/opt/airflow/dags/etl_api_to_bi.py                           1           0  0.25s           2025-09-28T21:16:58
================================================================================
[2025-09-28T23:17:45.465+0200] {manager.py:878} INFO - 
================================================================================
DAG File Processing Stats

File Path                           PID    Runtime      # DAGs    # Errors  Last Runtime    Last Run
----------------------------------  -----  ---------  --------  ----------  --------------  -------------------
/opt/airflow/dags/etl_api_to_bi.py                           1           0  0.23s           2025-09-28T21:17:30
================================================================================
[2025-09-28T23:18:16.971+0200] {manager.py:878} INFO - 
================================================================================
DAG File Processing Stats

File Path                           PID    Runtime      # DAGs    # Errors  Last Runtime    Last Run
----------------------------------  -----  ---------  --------  ----------  --------------  -------------------
/opt/airflow/dags/etl_api_to_bi.py                           1           0  0.24s           2025-09-28T21:18:00
================================================================================
[2025-09-28T23:18:48.448+0200] {manager.py:878} INFO - 
================================================================================
DAG File Processing Stats

File Path                           PID    Runtime      # DAGs    # Errors  Last Runtime    Last Run
----------------------------------  -----  ---------  --------  ----------  --------------  -------------------
/opt/airflow/dags/etl_api_to_bi.py                           1           0  0.44s           2025-09-28T21:18:32
================================================================================
[2025-09-28T23:19:20.209+0200] {manager.py:878} INFO - 
================================================================================
DAG File Processing Stats

File Path                           PID    Runtime      # DAGs    # Errors  Last Runtime    Last Run
----------------------------------  -----  ---------  --------  ----------  --------------  -------------------
/opt/airflow/dags/etl_api_to_bi.py                           1           0  0.22s           2025-09-28T21:19:03
================================================================================
[2025-09-28T23:19:51.445+0200] {manager.py:878} INFO - 
================================================================================
DAG File Processing Stats

File Path                           PID    Runtime      # DAGs    # Errors  Last Runtime    Last Run
----------------------------------  -----  ---------  --------  ----------  --------------  -------------------
/opt/airflow/dags/etl_api_to_bi.py                           1           0  0.96s           2025-09-28T21:19:34
================================================================================
[2025-09-28T23:20:22.805+0200] {manager.py:878} INFO - 
================================================================================
DAG File Processing Stats

File Path                           PID    Runtime      # DAGs    # Errors  Last Runtime    Last Run
----------------------------------  -----  ---------  --------  ----------  --------------  -------------------
/opt/airflow/dags/etl_api_to_bi.py                           1           0  0.41s           2025-09-28T21:20:05
================================================================================
[2025-09-28T23:20:54.227+0200] {manager.py:878} INFO - 
================================================================================
DAG File Processing Stats

File Path                           PID    Runtime      # DAGs    # Errors  Last Runtime    Last Run
----------------------------------  -----  ---------  --------  ----------  --------------  -------------------
/opt/airflow/dags/etl_api_to_bi.py                           1           0  0.26s           2025-09-28T21:20:37
================================================================================
[2025-09-28T23:21:15.471+0200] {manager.py:737} INFO - Searching for files in /opt/airflow/dags
[2025-09-28T23:21:15.499+0200] {manager.py:740} INFO - There are 1 files in /opt/airflow/dags
[2025-09-28T23:21:25.606+0200] {manager.py:878} INFO - 
================================================================================
DAG File Processing Stats

File Path                           PID    Runtime      # DAGs    # Errors  Last Runtime    Last Run
----------------------------------  -----  ---------  --------  ----------  --------------  -------------------
/opt/airflow/dags/etl_api_to_bi.py                           1           0  0.21s           2025-09-28T21:21:07
================================================================================
[2025-09-28T23:21:57.000+0200] {manager.py:878} INFO - 
================================================================================
DAG File Processing Stats

File Path                           PID    Runtime      # DAGs    # Errors  Last Runtime    Last Run
----------------------------------  -----  ---------  --------  ----------  --------------  -------------------
/opt/airflow/dags/etl_api_to_bi.py                           1           0  0.27s           2025-09-28T21:21:39
================================================================================
[2025-09-28T23:22:28.722+0200] {manager.py:878} INFO - 
================================================================================
DAG File Processing Stats

File Path                           PID    Runtime      # DAGs    # Errors  Last Runtime    Last Run
----------------------------------  -----  ---------  --------  ----------  --------------  -------------------
/opt/airflow/dags/etl_api_to_bi.py                           1           0  0.20s           2025-09-28T21:22:09
================================================================================
[2025-09-28T23:23:00.193+0200] {manager.py:878} INFO - 
================================================================================
DAG File Processing Stats

File Path                           PID    Runtime      # DAGs    # Errors  Last Runtime    Last Run
----------------------------------  -----  ---------  --------  ----------  --------------  -------------------
/opt/airflow/dags/etl_api_to_bi.py                           1           0  0.26s           2025-09-28T21:22:41
================================================================================
[2025-09-28T23:23:31.611+0200] {manager.py:878} INFO - 
================================================================================
DAG File Processing Stats

File Path                           PID    Runtime      # DAGs    # Errors  Last Runtime    Last Run
----------------------------------  -----  ---------  --------  ----------  --------------  -------------------
/opt/airflow/dags/etl_api_to_bi.py                           1           0  0.27s           2025-09-28T21:23:12
================================================================================
[2025-09-28T23:24:03.088+0200] {manager.py:878} INFO - 
================================================================================
DAG File Processing Stats

File Path                           PID    Runtime      # DAGs    # Errors  Last Runtime    Last Run
----------------------------------  -----  ---------  --------  ----------  --------------  -------------------
/opt/airflow/dags/etl_api_to_bi.py                           1           0  0.23s           2025-09-28T21:23:43
================================================================================
[2025-09-28T23:24:34.406+0200] {manager.py:878} INFO - 
================================================================================
DAG File Processing Stats

File Path                           PID    Runtime      # DAGs    # Errors  Last Runtime    Last Run
----------------------------------  -----  ---------  --------  ----------  --------------  -------------------
/opt/airflow/dags/etl_api_to_bi.py                           1           0  0.20s           2025-09-28T21:24:14
================================================================================
[2025-09-28T23:25:05.925+0200] {manager.py:878} INFO - 
================================================================================
DAG File Processing Stats

File Path                           PID    Runtime      # DAGs    # Errors  Last Runtime    Last Run
----------------------------------  -----  ---------  --------  ----------  --------------  -------------------
/opt/airflow/dags/etl_api_to_bi.py                           1           0  0.40s           2025-09-28T21:24:46
================================================================================
[2025-09-28T23:25:37.571+0200] {manager.py:878} INFO - 
================================================================================
DAG File Processing Stats

File Path                           PID    Runtime      # DAGs    # Errors  Last Runtime    Last Run
----------------------------------  -----  ---------  --------  ----------  --------------  -------------------
/opt/airflow/dags/etl_api_to_bi.py                           1           0  0.36s           2025-09-28T21:25:16
================================================================================
[2025-09-28T23:26:09.147+0200] {manager.py:878} INFO - 
================================================================================
DAG File Processing Stats

File Path                           PID    Runtime      # DAGs    # Errors  Last Runtime    Last Run
----------------------------------  -----  ---------  --------  ----------  --------------  -------------------
/opt/airflow/dags/etl_api_to_bi.py                           1           0  0.32s           2025-09-28T21:25:48
================================================================================
[2025-09-28T23:26:16.225+0200] {manager.py:737} INFO - Searching for files in /opt/airflow/dags
[2025-09-28T23:26:16.286+0200] {manager.py:740} INFO - There are 1 files in /opt/airflow/dags
[2025-09-28T23:26:40.662+0200] {manager.py:878} INFO - 
================================================================================
DAG File Processing Stats

File Path                           PID    Runtime      # DAGs    # Errors  Last Runtime    Last Run
----------------------------------  -----  ---------  --------  ----------  --------------  -------------------
/opt/airflow/dags/etl_api_to_bi.py                           1           0  0.24s           2025-09-28T21:26:19
================================================================================
[2025-09-28T23:27:11.965+0200] {manager.py:878} INFO - 
================================================================================
DAG File Processing Stats

File Path                           PID    Runtime      # DAGs    # Errors  Last Runtime    Last Run
----------------------------------  -----  ---------  --------  ----------  --------------  -------------------
/opt/airflow/dags/etl_api_to_bi.py                           1           0  0.21s           2025-09-28T21:26:50
================================================================================
[2025-09-28T23:27:43.450+0200] {manager.py:878} INFO - 
================================================================================
DAG File Processing Stats

File Path                           PID    Runtime      # DAGs    # Errors  Last Runtime    Last Run
----------------------------------  -----  ---------  --------  ----------  --------------  -------------------
/opt/airflow/dags/etl_api_to_bi.py                           1           0  0.23s           2025-09-28T21:27:21
================================================================================
[2025-09-28T23:28:15.248+0200] {manager.py:878} INFO - 
================================================================================
DAG File Processing Stats

File Path                           PID    Runtime      # DAGs    # Errors  Last Runtime    Last Run
----------------------------------  -----  ---------  --------  ----------  --------------  -------------------
/opt/airflow/dags/etl_api_to_bi.py                           1           0  0.22s           2025-09-28T21:27:52
================================================================================
[2025-09-28T23:28:46.588+0200] {manager.py:878} INFO - 
================================================================================
DAG File Processing Stats

File Path                           PID    Runtime      # DAGs    # Errors  Last Runtime    Last Run
----------------------------------  -----  ---------  --------  ----------  --------------  -------------------
/opt/airflow/dags/etl_api_to_bi.py                           1           0  0.26s           2025-09-28T21:28:23
================================================================================
[2025-09-28T23:29:18.139+0200] {manager.py:878} INFO - 
================================================================================
DAG File Processing Stats

File Path                           PID    Runtime      # DAGs    # Errors  Last Runtime    Last Run
----------------------------------  -----  ---------  --------  ----------  --------------  -------------------
/opt/airflow/dags/etl_api_to_bi.py                           1           0  0.25s           2025-09-28T21:28:55
================================================================================
[2025-09-28T23:29:49.469+0200] {manager.py:878} INFO - 
================================================================================
DAG File Processing Stats

File Path                           PID    Runtime      # DAGs    # Errors  Last Runtime    Last Run
----------------------------------  -----  ---------  --------  ----------  --------------  -------------------
/opt/airflow/dags/etl_api_to_bi.py                           1           0  0.24s           2025-09-28T21:29:25
================================================================================
[2025-09-28T23:30:20.782+0200] {manager.py:878} INFO - 
================================================================================
DAG File Processing Stats

File Path                           PID    Runtime      # DAGs    # Errors  Last Runtime    Last Run
----------------------------------  -----  ---------  --------  ----------  --------------  -------------------
/opt/airflow/dags/etl_api_to_bi.py                           1           0  0.20s           2025-09-28T21:29:56
================================================================================
[2025-09-28T23:30:52.318+0200] {manager.py:878} INFO - 
================================================================================
DAG File Processing Stats

File Path                           PID    Runtime      # DAGs    # Errors  Last Runtime    Last Run
----------------------------------  -----  ---------  --------  ----------  --------------  -------------------
/opt/airflow/dags/etl_api_to_bi.py                           1           0  0.29s           2025-09-28T21:30:28
================================================================================
[2025-09-28T23:31:16.739+0200] {manager.py:737} INFO - Searching for files in /opt/airflow/dags
[2025-09-28T23:31:16.766+0200] {manager.py:740} INFO - There are 1 files in /opt/airflow/dags
[2025-09-28T23:31:23.832+0200] {manager.py:878} INFO - 
================================================================================
DAG File Processing Stats

File Path                           PID    Runtime      # DAGs    # Errors  Last Runtime    Last Run
----------------------------------  -----  ---------  --------  ----------  --------------  -------------------
/opt/airflow/dags/etl_api_to_bi.py                           1           0  0.24s           2025-09-28T21:30:59
================================================================================
[2025-09-28T23:31:55.086+0200] {manager.py:878} INFO - 
================================================================================
DAG File Processing Stats

File Path                           PID    Runtime      # DAGs    # Errors  Last Runtime    Last Run
----------------------------------  -----  ---------  --------  ----------  --------------  -------------------
/opt/airflow/dags/etl_api_to_bi.py                           1           0  0.24s           2025-09-28T21:31:30
================================================================================
[2025-09-28T23:32:26.555+0200] {manager.py:878} INFO - 
================================================================================
DAG File Processing Stats

File Path                           PID    Runtime      # DAGs    # Errors  Last Runtime    Last Run
----------------------------------  -----  ---------  --------  ----------  --------------  -------------------
/opt/airflow/dags/etl_api_to_bi.py                           1           0  0.20s           2025-09-28T21:32:01
================================================================================
[2025-09-28T23:32:57.884+0200] {manager.py:878} INFO - 
================================================================================
DAG File Processing Stats

File Path                           PID    Runtime      # DAGs    # Errors  Last Runtime    Last Run
----------------------------------  -----  ---------  --------  ----------  --------------  -------------------
/opt/airflow/dags/etl_api_to_bi.py                           1           0  0.25s           2025-09-28T21:32:32
================================================================================
[2025-09-28T23:33:29.368+0200] {manager.py:878} INFO - 
================================================================================
DAG File Processing Stats

File Path                           PID    Runtime      # DAGs    # Errors  Last Runtime    Last Run
----------------------------------  -----  ---------  --------  ----------  --------------  -------------------
/opt/airflow/dags/etl_api_to_bi.py                           1           0  0.25s           2025-09-28T21:33:03
================================================================================
[2025-09-28T23:34:00.854+0200] {manager.py:878} INFO - 
================================================================================
DAG File Processing Stats

File Path                           PID    Runtime      # DAGs    # Errors  Last Runtime    Last Run
----------------------------------  -----  ---------  --------  ----------  --------------  -------------------
/opt/airflow/dags/etl_api_to_bi.py                           1           0  0.33s           2025-09-28T21:33:34
================================================================================
[2025-09-28T23:34:32.390+0200] {manager.py:878} INFO - 
================================================================================
DAG File Processing Stats

File Path                           PID    Runtime      # DAGs    # Errors  Last Runtime    Last Run
----------------------------------  -----  ---------  --------  ----------  --------------  -------------------
/opt/airflow/dags/etl_api_to_bi.py                           1           0  0.26s           2025-09-28T21:34:05
================================================================================
[2025-09-28T23:35:03.751+0200] {manager.py:878} INFO - 
================================================================================
DAG File Processing Stats

File Path                           PID    Runtime      # DAGs    # Errors  Last Runtime    Last Run
----------------------------------  -----  ---------  --------  ----------  --------------  -------------------
/opt/airflow/dags/etl_api_to_bi.py                           1           0  0.22s           2025-09-28T21:34:36
================================================================================
[2025-09-28T23:35:35.045+0200] {manager.py:878} INFO - 
================================================================================
DAG File Processing Stats

File Path                           PID    Runtime      # DAGs    # Errors  Last Runtime    Last Run
----------------------------------  -----  ---------  --------  ----------  --------------  -------------------
/opt/airflow/dags/etl_api_to_bi.py                           1           0  0.18s           2025-09-28T21:35:08
================================================================================
[2025-09-28T23:36:06.985+0200] {manager.py:878} INFO - 
================================================================================
DAG File Processing Stats

File Path                           PID    Runtime      # DAGs    # Errors  Last Runtime    Last Run
----------------------------------  -----  ---------  --------  ----------  --------------  -------------------
/opt/airflow/dags/etl_api_to_bi.py                           1           0  0.20s           2025-09-28T21:35:39
================================================================================
[2025-09-28T23:36:17.179+0200] {manager.py:737} INFO - Searching for files in /opt/airflow/dags
[2025-09-28T23:36:17.204+0200] {manager.py:740} INFO - There are 1 files in /opt/airflow/dags
[2025-09-28T23:36:38.347+0200] {manager.py:878} INFO - 
================================================================================
DAG File Processing Stats

File Path                           PID    Runtime      # DAGs    # Errors  Last Runtime    Last Run
----------------------------------  -----  ---------  --------  ----------  --------------  -------------------
/opt/airflow/dags/etl_api_to_bi.py                           1           0  0.20s           2025-09-28T21:36:10
================================================================================
[2025-09-28T23:37:09.802+0200] {manager.py:878} INFO - 
================================================================================
DAG File Processing Stats

File Path                           PID    Runtime      # DAGs    # Errors  Last Runtime    Last Run
----------------------------------  -----  ---------  --------  ----------  --------------  -------------------
/opt/airflow/dags/etl_api_to_bi.py                           1           0  0.20s           2025-09-28T21:36:40
================================================================================
[2025-09-28T23:37:41.312+0200] {manager.py:878} INFO - 
================================================================================
DAG File Processing Stats

File Path                           PID    Runtime      # DAGs    # Errors  Last Runtime    Last Run
----------------------------------  -----  ---------  --------  ----------  --------------  -------------------
/opt/airflow/dags/etl_api_to_bi.py                           1           0  0.21s           2025-09-28T21:37:12
================================================================================
[2025-09-28T23:38:12.597+0200] {manager.py:878} INFO - 
================================================================================
DAG File Processing Stats

File Path                           PID    Runtime      # DAGs    # Errors  Last Runtime    Last Run
----------------------------------  -----  ---------  --------  ----------  --------------  -------------------
/opt/airflow/dags/etl_api_to_bi.py                           1           0  0.23s           2025-09-28T21:37:43
================================================================================
[2025-09-28T23:38:45.222+0200] {manager.py:878} INFO - 
================================================================================
DAG File Processing Stats

File Path                             PID  Runtime      # DAGs    # Errors  Last Runtime    Last Run
----------------------------------  -----  ---------  --------  ----------  --------------  -------------------
/opt/airflow/dags/etl_api_to_bi.py    728  0.01s             1           0  0.19s           2025-09-28T21:38:14
================================================================================
[2025-09-28T23:39:16.847+0200] {manager.py:878} INFO - 
================================================================================
DAG File Processing Stats

File Path                             PID  Runtime      # DAGs    # Errors  Last Runtime    Last Run
----------------------------------  -----  ---------  --------  ----------  --------------  -------------------
/opt/airflow/dags/etl_api_to_bi.py    733  0.01s             1           0  0.30s           2025-09-28T21:38:45
================================================================================
[2025-09-28T23:39:18.102+0200] {manager.py:452} INFO - Exiting gracefully upon receiving signal 15
[2025-10-17T03:16:30.956+0200] {manager.py:470} INFO - Processing files using up to 2 processes at a time 
[2025-10-17T03:16:30.959+0200] {manager.py:471} INFO - Process each file at most once every 30 seconds
[2025-10-17T03:16:30.960+0200] {manager.py:472} INFO - Checking for new files in /opt/airflow/dags every 300 seconds
[2025-10-17T03:16:30.962+0200] {manager.py:737} INFO - Searching for files in /opt/airflow/dags
[2025-10-17T03:16:31.076+0200] {manager.py:740} INFO - There are 1 files in /opt/airflow/dags
[2025-10-17T03:16:31.558+0200] {manager.py:878} INFO - 
================================================================================
DAG File Processing Stats

File Path                             PID  Runtime      # DAGs    # Errors  Last Runtime    Last Run
----------------------------------  -----  ---------  --------  ----------  --------------  ----------
/opt/airflow/dags/etl_api_to_bi.py    172  0.14s             0           0
================================================================================
[2025-10-17T03:17:00.682+0200] {manager.py:878} INFO - 
================================================================================
DAG File Processing Stats

File Path                           PID    Runtime      # DAGs    # Errors  Last Runtime    Last Run
----------------------------------  -----  ---------  --------  ----------  --------------  -------------------
/opt/airflow/dags/etl_api_to_bi.py                           1           0  0.97s           2025-10-17T01:16:32
================================================================================
[2025-10-17T03:17:30.218+0200] {manager.py:878} INFO - 
================================================================================
DAG File Processing Stats

File Path                           PID    Runtime      # DAGs    # Errors  Last Runtime    Last Run
----------------------------------  -----  ---------  --------  ----------  --------------  -------------------
/opt/airflow/dags/etl_api_to_bi.py                           1           0  0.36s           2025-10-17T01:17:03
================================================================================
[2025-10-17T03:17:59.763+0200] {manager.py:878} INFO - 
================================================================================
DAG File Processing Stats

File Path                           PID    Runtime      # DAGs    # Errors  Last Runtime    Last Run
----------------------------------  -----  ---------  --------  ----------  --------------  -------------------
/opt/airflow/dags/etl_api_to_bi.py                           1           0  0.71s           2025-10-17T01:17:33
================================================================================
[2025-10-17T03:18:28.928+0200] {manager.py:878} INFO - 
================================================================================
DAG File Processing Stats

File Path                           PID    Runtime      # DAGs    # Errors  Last Runtime    Last Run
----------------------------------  -----  ---------  --------  ----------  --------------  -------------------
/opt/airflow/dags/etl_api_to_bi.py                           1           0  0.56s           2025-10-17T01:18:04
================================================================================
[2025-10-17T03:18:58.208+0200] {manager.py:878} INFO - 
================================================================================
DAG File Processing Stats

File Path                           PID    Runtime      # DAGs    # Errors  Last Runtime    Last Run
----------------------------------  -----  ---------  --------  ----------  --------------  -------------------
/opt/airflow/dags/etl_api_to_bi.py                           1           0  0.65s           2025-10-17T01:18:35
================================================================================
[2025-10-17T03:19:27.412+0200] {manager.py:878} INFO - 
================================================================================
DAG File Processing Stats

File Path                           PID    Runtime      # DAGs    # Errors  Last Runtime    Last Run
----------------------------------  -----  ---------  --------  ----------  --------------  -------------------
/opt/airflow/dags/etl_api_to_bi.py                           1           0  0.51s           2025-10-17T01:19:06
================================================================================
[2025-10-17T03:19:56.731+0200] {manager.py:878} INFO - 
================================================================================
DAG File Processing Stats

File Path                           PID    Runtime      # DAGs    # Errors  Last Runtime    Last Run
----------------------------------  -----  ---------  --------  ----------  --------------  -------------------
/opt/airflow/dags/etl_api_to_bi.py                           1           0  0.24s           2025-10-17T01:19:36
================================================================================
[2025-10-17T03:20:26.199+0200] {manager.py:878} INFO - 
================================================================================
DAG File Processing Stats

File Path                           PID    Runtime      # DAGs    # Errors  Last Runtime    Last Run
----------------------------------  -----  ---------  --------  ----------  --------------  -------------------
/opt/airflow/dags/etl_api_to_bi.py                           1           0  0.23s           2025-10-17T01:20:07
================================================================================
[2025-10-17T03:20:55.728+0200] {manager.py:878} INFO - 
================================================================================
DAG File Processing Stats

File Path                           PID    Runtime      # DAGs    # Errors  Last Runtime    Last Run
----------------------------------  -----  ---------  --------  ----------  --------------  -------------------
/opt/airflow/dags/etl_api_to_bi.py                           1           0  0.22s           2025-10-17T01:20:37
================================================================================
[2025-10-17T03:21:24.875+0200] {manager.py:878} INFO - 
================================================================================
DAG File Processing Stats

File Path                           PID    Runtime      # DAGs    # Errors  Last Runtime    Last Run
----------------------------------  -----  ---------  --------  ----------  --------------  -------------------
/opt/airflow/dags/etl_api_to_bi.py                           1           0  0.44s           2025-10-17T01:21:08
================================================================================
[2025-10-17T03:21:31.317+0200] {manager.py:737} INFO - Searching for files in /opt/airflow/dags
[2025-10-17T03:21:31.452+0200] {manager.py:740} INFO - There are 1 files in /opt/airflow/dags
[2025-10-17T03:21:53.750+0200] {manager.py:878} INFO - 
================================================================================
DAG File Processing Stats

File Path                           PID    Runtime      # DAGs    # Errors  Last Runtime    Last Run
----------------------------------  -----  ---------  --------  ----------  --------------  -------------------
/opt/airflow/dags/etl_api_to_bi.py                           1           0  0.24s           2025-10-17T01:21:38
================================================================================
[2025-10-17T03:22:23.010+0200] {manager.py:878} INFO - 
================================================================================
DAG File Processing Stats

File Path                           PID    Runtime      # DAGs    # Errors  Last Runtime    Last Run
----------------------------------  -----  ---------  --------  ----------  --------------  -------------------
/opt/airflow/dags/etl_api_to_bi.py                           1           0  0.25s           2025-10-17T01:22:09
================================================================================
[2025-10-17T03:22:52.457+0200] {manager.py:878} INFO - 
================================================================================
DAG File Processing Stats

File Path                           PID    Runtime      # DAGs    # Errors  Last Runtime    Last Run
----------------------------------  -----  ---------  --------  ----------  --------------  -------------------
/opt/airflow/dags/etl_api_to_bi.py                           1           0  0.35s           2025-10-17T01:22:39
================================================================================
[2025-10-17T03:23:21.928+0200] {manager.py:878} INFO - 
================================================================================
DAG File Processing Stats

File Path                           PID    Runtime      # DAGs    # Errors  Last Runtime    Last Run
----------------------------------  -----  ---------  --------  ----------  --------------  -------------------
/opt/airflow/dags/etl_api_to_bi.py                           1           0  0.22s           2025-10-17T01:23:10
================================================================================
[2025-10-17T03:23:50.994+0200] {manager.py:878} INFO - 
================================================================================
DAG File Processing Stats

File Path                           PID    Runtime      # DAGs    # Errors  Last Runtime    Last Run
----------------------------------  -----  ---------  --------  ----------  --------------  -------------------
/opt/airflow/dags/etl_api_to_bi.py                           1           0  0.25s           2025-10-17T01:23:41
================================================================================
[2025-10-17T03:24:20.534+0200] {manager.py:878} INFO - 
================================================================================
DAG File Processing Stats

File Path                           PID    Runtime      # DAGs    # Errors  Last Runtime    Last Run
----------------------------------  -----  ---------  --------  ----------  --------------  -------------------
/opt/airflow/dags/etl_api_to_bi.py                           1           0  0.55s           2025-10-17T01:24:11
================================================================================
[2025-10-17T03:24:49.793+0200] {manager.py:878} INFO - 
================================================================================
DAG File Processing Stats

File Path                           PID    Runtime      # DAGs    # Errors  Last Runtime    Last Run
----------------------------------  -----  ---------  --------  ----------  --------------  -------------------
/opt/airflow/dags/etl_api_to_bi.py                           1           0  0.84s           2025-10-17T01:24:42
================================================================================
[2025-10-17T03:25:19.192+0200] {manager.py:878} INFO - 
================================================================================
DAG File Processing Stats

File Path                           PID    Runtime      # DAGs    # Errors  Last Runtime    Last Run
----------------------------------  -----  ---------  --------  ----------  --------------  -------------------
/opt/airflow/dags/etl_api_to_bi.py                           1           0  0.40s           2025-10-17T01:25:13
================================================================================
[2025-10-17T03:25:48.086+0200] {manager.py:878} INFO - 
================================================================================
DAG File Processing Stats

File Path                           PID    Runtime      # DAGs    # Errors  Last Runtime    Last Run
----------------------------------  -----  ---------  --------  ----------  --------------  -------------------
/opt/airflow/dags/etl_api_to_bi.py                           1           0  0.28s           2025-10-17T01:25:44
================================================================================
[2025-10-17T03:26:17.186+0200] {manager.py:878} INFO - 
================================================================================
DAG File Processing Stats

File Path                           PID    Runtime      # DAGs    # Errors  Last Runtime    Last Run
----------------------------------  -----  ---------  --------  ----------  --------------  -------------------
/opt/airflow/dags/etl_api_to_bi.py                           1           0  0.29s           2025-10-17T01:26:14
================================================================================
[2025-10-17T03:26:31.345+0200] {manager.py:737} INFO - Searching for files in /opt/airflow/dags
[2025-10-17T03:26:31.436+0200] {manager.py:740} INFO - There are 1 files in /opt/airflow/dags
[2025-10-17T03:26:46.385+0200] {manager.py:878} INFO - 
================================================================================
DAG File Processing Stats

File Path                           PID    Runtime      # DAGs    # Errors  Last Runtime    Last Run
----------------------------------  -----  ---------  --------  ----------  --------------  -------------------
/opt/airflow/dags/etl_api_to_bi.py                           1           0  0.88s           2025-10-17T01:26:45
================================================================================
[2025-10-17T03:27:15.518+0200] {manager.py:878} INFO - 
================================================================================
DAG File Processing Stats

File Path                           PID    Runtime      # DAGs    # Errors  Last Runtime    Last Run
----------------------------------  -----  ---------  --------  ----------  --------------  -------------------
/opt/airflow/dags/etl_api_to_bi.py                           1           0  0.88s           2025-10-17T01:26:45
================================================================================
[2025-10-17T03:27:44.924+0200] {manager.py:878} INFO - 
================================================================================
DAG File Processing Stats

File Path                           PID    Runtime      # DAGs    # Errors  Last Runtime    Last Run
----------------------------------  -----  ---------  --------  ----------  --------------  -------------------
/opt/airflow/dags/etl_api_to_bi.py                           1           0  0.25s           2025-10-17T01:27:15
================================================================================
[2025-10-17T03:28:14.260+0200] {manager.py:878} INFO - 
================================================================================
DAG File Processing Stats

File Path                           PID    Runtime      # DAGs    # Errors  Last Runtime    Last Run
----------------------------------  -----  ---------  --------  ----------  --------------  -------------------
/opt/airflow/dags/etl_api_to_bi.py                           1           0  0.28s           2025-10-17T01:27:46
================================================================================
[2025-10-17T03:28:43.562+0200] {manager.py:878} INFO - 
================================================================================
DAG File Processing Stats

File Path                           PID    Runtime      # DAGs    # Errors  Last Runtime    Last Run
----------------------------------  -----  ---------  --------  ----------  --------------  -------------------
/opt/airflow/dags/etl_api_to_bi.py                           1           0  0.22s           2025-10-17T01:28:17
================================================================================
[2025-10-17T03:29:12.618+0200] {manager.py:878} INFO - 
================================================================================
DAG File Processing Stats

File Path                           PID    Runtime      # DAGs    # Errors  Last Runtime    Last Run
----------------------------------  -----  ---------  --------  ----------  --------------  -------------------
/opt/airflow/dags/etl_api_to_bi.py                           1           0  0.21s           2025-10-17T01:28:47
================================================================================
[2025-10-17T03:29:41.940+0200] {manager.py:878} INFO - 
================================================================================
DAG File Processing Stats

File Path                           PID    Runtime      # DAGs    # Errors  Last Runtime    Last Run
----------------------------------  -----  ---------  --------  ----------  --------------  -------------------
/opt/airflow/dags/etl_api_to_bi.py                           1           0  0.24s           2025-10-17T01:29:18
================================================================================
[2025-10-17T03:30:11.170+0200] {manager.py:878} INFO - 
================================================================================
DAG File Processing Stats

File Path                           PID    Runtime      # DAGs    # Errors  Last Runtime    Last Run
----------------------------------  -----  ---------  --------  ----------  --------------  -------------------
/opt/airflow/dags/etl_api_to_bi.py                           1           0  0.23s           2025-10-17T01:29:49
================================================================================
[2025-10-17T03:30:40.552+0200] {manager.py:878} INFO - 
================================================================================
DAG File Processing Stats

File Path                           PID    Runtime      # DAGs    # Errors  Last Runtime    Last Run
----------------------------------  -----  ---------  --------  ----------  --------------  -------------------
/opt/airflow/dags/etl_api_to_bi.py                           1           0  0.42s           2025-10-17T01:30:19
================================================================================
[2025-10-17T03:31:09.817+0200] {manager.py:878} INFO - 
================================================================================
DAG File Processing Stats

File Path                           PID    Runtime      # DAGs    # Errors  Last Runtime    Last Run
----------------------------------  -----  ---------  --------  ----------  --------------  -------------------
/opt/airflow/dags/etl_api_to_bi.py                           1           0  0.34s           2025-10-17T01:30:50
================================================================================
[2025-10-17T03:31:31.975+0200] {manager.py:737} INFO - Searching for files in /opt/airflow/dags
[2025-10-17T03:31:32.013+0200] {manager.py:740} INFO - There are 1 files in /opt/airflow/dags
[2025-10-17T03:31:39.101+0200] {manager.py:878} INFO - 
================================================================================
DAG File Processing Stats

File Path                           PID    Runtime      # DAGs    # Errors  Last Runtime    Last Run
----------------------------------  -----  ---------  --------  ----------  --------------  -------------------
/opt/airflow/dags/etl_api_to_bi.py                           1           0  0.25s           2025-10-17T01:31:21
================================================================================
[2025-10-17T03:32:08.385+0200] {manager.py:878} INFO - 
================================================================================
DAG File Processing Stats

File Path                           PID    Runtime      # DAGs    # Errors  Last Runtime    Last Run
----------------------------------  -----  ---------  --------  ----------  --------------  -------------------
/opt/airflow/dags/etl_api_to_bi.py                           1           0  0.30s           2025-10-17T01:31:51
================================================================================
[2025-10-17T03:32:37.622+0200] {manager.py:878} INFO - 
================================================================================
DAG File Processing Stats

File Path                           PID    Runtime      # DAGs    # Errors  Last Runtime    Last Run
----------------------------------  -----  ---------  --------  ----------  --------------  -------------------
/opt/airflow/dags/etl_api_to_bi.py                           1           0  0.23s           2025-10-17T01:32:22
================================================================================
[2025-10-17T03:33:06.963+0200] {manager.py:878} INFO - 
================================================================================
DAG File Processing Stats

File Path                           PID    Runtime      # DAGs    # Errors  Last Runtime    Last Run
----------------------------------  -----  ---------  --------  ----------  --------------  -------------------
/opt/airflow/dags/etl_api_to_bi.py                           1           0  0.24s           2025-10-17T01:32:52
================================================================================
[2025-10-17T03:33:36.013+0200] {manager.py:878} INFO - 
================================================================================
DAG File Processing Stats

File Path                           PID    Runtime      # DAGs    # Errors  Last Runtime    Last Run
----------------------------------  -----  ---------  --------  ----------  --------------  -------------------
/opt/airflow/dags/etl_api_to_bi.py                           1           0  0.21s           2025-10-17T01:33:23
================================================================================
[2025-10-17T03:34:05.205+0200] {manager.py:878} INFO - 
================================================================================
DAG File Processing Stats

File Path                           PID    Runtime      # DAGs    # Errors  Last Runtime    Last Run
----------------------------------  -----  ---------  --------  ----------  --------------  -------------------
/opt/airflow/dags/etl_api_to_bi.py                           1           0  0.25s           2025-10-17T01:33:54
================================================================================
[2025-10-17T03:34:34.615+0200] {manager.py:878} INFO - 
================================================================================
DAG File Processing Stats

File Path                           PID    Runtime      # DAGs    # Errors  Last Runtime    Last Run
----------------------------------  -----  ---------  --------  ----------  --------------  -------------------
/opt/airflow/dags/etl_api_to_bi.py                           1           0  1.11s           2025-10-17T01:34:25
================================================================================
[2025-10-17T03:35:03.760+0200] {manager.py:878} INFO - 
================================================================================
DAG File Processing Stats

File Path                           PID    Runtime      # DAGs    # Errors  Last Runtime    Last Run
----------------------------------  -----  ---------  --------  ----------  --------------  -------------------
/opt/airflow/dags/etl_api_to_bi.py                           1           0  0.37s           2025-10-17T01:34:55
================================================================================
[2025-10-17T03:35:33.153+0200] {manager.py:878} INFO - 
================================================================================
DAG File Processing Stats

File Path                           PID    Runtime      # DAGs    # Errors  Last Runtime    Last Run
----------------------------------  -----  ---------  --------  ----------  --------------  -------------------
/opt/airflow/dags/etl_api_to_bi.py                           1           0  0.27s           2025-10-17T01:35:26
================================================================================
[2025-10-17T03:36:02.325+0200] {manager.py:878} INFO - 
================================================================================
DAG File Processing Stats

File Path                           PID    Runtime      # DAGs    # Errors  Last Runtime    Last Run
----------------------------------  -----  ---------  --------  ----------  --------------  -------------------
/opt/airflow/dags/etl_api_to_bi.py                           1           0  0.23s           2025-10-17T01:35:57
================================================================================
[2025-10-17T03:36:31.474+0200] {manager.py:878} INFO - 
================================================================================
DAG File Processing Stats

File Path                           PID    Runtime      # DAGs    # Errors  Last Runtime    Last Run
----------------------------------  -----  ---------  --------  ----------  --------------  -------------------
/opt/airflow/dags/etl_api_to_bi.py                           1           0  0.29s           2025-10-17T01:36:27
================================================================================
[2025-10-17T03:36:32.490+0200] {manager.py:737} INFO - Searching for files in /opt/airflow/dags
[2025-10-17T03:36:32.533+0200] {manager.py:740} INFO - There are 1 files in /opt/airflow/dags
[2025-10-17T03:37:00.676+0200] {manager.py:878} INFO - 
================================================================================
DAG File Processing Stats

File Path                           PID    Runtime      # DAGs    # Errors  Last Runtime    Last Run
----------------------------------  -----  ---------  --------  ----------  --------------  -------------------
/opt/airflow/dags/etl_api_to_bi.py                           1           0  0.28s           2025-10-17T01:36:58
================================================================================
[2025-10-17T03:37:29.871+0200] {manager.py:878} INFO - 
================================================================================
DAG File Processing Stats

File Path                           PID    Runtime      # DAGs    # Errors  Last Runtime    Last Run
----------------------------------  -----  ---------  --------  ----------  --------------  -------------------
/opt/airflow/dags/etl_api_to_bi.py                           1           0  0.24s           2025-10-17T01:37:29
================================================================================
[2025-10-17T03:37:58.772+0200] {manager.py:878} INFO - 
================================================================================
DAG File Processing Stats

File Path                           PID    Runtime      # DAGs    # Errors  Last Runtime    Last Run
----------------------------------  -----  ---------  --------  ----------  --------------  -------------------
/opt/airflow/dags/etl_api_to_bi.py                           1           0  0.24s           2025-10-17T01:37:29
================================================================================
[2025-10-17T03:38:28.174+0200] {manager.py:878} INFO - 
================================================================================
DAG File Processing Stats

File Path                           PID    Runtime      # DAGs    # Errors  Last Runtime    Last Run
----------------------------------  -----  ---------  --------  ----------  --------------  -------------------
/opt/airflow/dags/etl_api_to_bi.py                           1           0  0.31s           2025-10-17T01:37:59
================================================================================
[2025-10-17T03:38:55.985+0200] {manager.py:878} INFO - 
================================================================================
DAG File Processing Stats

File Path                           PID    Runtime      # DAGs    # Errors  Last Runtime    Last Run
----------------------------------  -----  ---------  --------  ----------  --------------  -------------------
/opt/airflow/dags/etl_api_to_bi.py                           1           0  0.32s           2025-10-17T01:38:30
================================================================================
[2025-10-17T03:39:25.164+0200] {manager.py:878} INFO - 
================================================================================
DAG File Processing Stats

File Path                           PID    Runtime      # DAGs    # Errors  Last Runtime    Last Run
----------------------------------  -----  ---------  --------  ----------  --------------  -------------------
/opt/airflow/dags/etl_api_to_bi.py                           1           0  0.24s           2025-10-17T01:39:01
================================================================================
[2025-10-17T03:39:54.224+0200] {manager.py:878} INFO - 
================================================================================
DAG File Processing Stats

File Path                           PID    Runtime      # DAGs    # Errors  Last Runtime    Last Run
----------------------------------  -----  ---------  --------  ----------  --------------  -------------------
/opt/airflow/dags/etl_api_to_bi.py                           1           0  0.31s           2025-10-17T01:39:32
================================================================================
[2025-10-17T03:40:23.478+0200] {manager.py:878} INFO - 
================================================================================
DAG File Processing Stats

File Path                           PID    Runtime      # DAGs    # Errors  Last Runtime    Last Run
----------------------------------  -----  ---------  --------  ----------  --------------  -------------------
/opt/airflow/dags/etl_api_to_bi.py                           1           0  0.23s           2025-10-17T01:40:03
================================================================================
[2025-10-17T03:40:52.532+0200] {manager.py:878} INFO - 
================================================================================
DAG File Processing Stats

File Path                           PID    Runtime      # DAGs    # Errors  Last Runtime    Last Run
----------------------------------  -----  ---------  --------  ----------  --------------  -------------------
/opt/airflow/dags/etl_api_to_bi.py                           1           0  0.22s           2025-10-17T01:40:33
================================================================================
[2025-10-17T03:41:21.689+0200] {manager.py:878} INFO - 
================================================================================
DAG File Processing Stats

File Path                           PID    Runtime      # DAGs    # Errors  Last Runtime    Last Run
----------------------------------  -----  ---------  --------  ----------  --------------  -------------------
/opt/airflow/dags/etl_api_to_bi.py                           1           0  0.23s           2025-10-17T01:41:04
================================================================================
[2025-10-17T03:41:32.818+0200] {manager.py:737} INFO - Searching for files in /opt/airflow/dags
[2025-10-17T03:41:32.850+0200] {manager.py:740} INFO - There are 1 files in /opt/airflow/dags
[2025-10-17T03:41:50.730+0200] {manager.py:878} INFO - 
================================================================================
DAG File Processing Stats

File Path                           PID    Runtime      # DAGs    # Errors  Last Runtime    Last Run
----------------------------------  -----  ---------  --------  ----------  --------------  -------------------
/opt/airflow/dags/etl_api_to_bi.py                           1           0  0.23s           2025-10-17T01:41:35
================================================================================
[2025-10-17T03:42:19.873+0200] {manager.py:878} INFO - 
================================================================================
DAG File Processing Stats

File Path                           PID    Runtime      # DAGs    # Errors  Last Runtime    Last Run
----------------------------------  -----  ---------  --------  ----------  --------------  -------------------
/opt/airflow/dags/etl_api_to_bi.py                           1           0  0.23s           2025-10-17T01:42:06
================================================================================
[2025-10-17T03:42:48.816+0200] {manager.py:878} INFO - 
================================================================================
DAG File Processing Stats

File Path                           PID    Runtime      # DAGs    # Errors  Last Runtime    Last Run
----------------------------------  -----  ---------  --------  ----------  --------------  -------------------
/opt/airflow/dags/etl_api_to_bi.py                           1           0  0.24s           2025-10-17T01:42:37
================================================================================
[2025-10-17T03:43:17.925+0200] {manager.py:878} INFO - 
================================================================================
DAG File Processing Stats

File Path                           PID    Runtime      # DAGs    # Errors  Last Runtime    Last Run
----------------------------------  -----  ---------  --------  ----------  --------------  -------------------
/opt/airflow/dags/etl_api_to_bi.py                           1           0  0.23s           2025-10-17T01:43:08
================================================================================
[2025-10-17T03:43:46.998+0200] {manager.py:878} INFO - 
================================================================================
DAG File Processing Stats

File Path                           PID    Runtime      # DAGs    # Errors  Last Runtime    Last Run
----------------------------------  -----  ---------  --------  ----------  --------------  -------------------
/opt/airflow/dags/etl_api_to_bi.py                           1           0  0.28s           2025-10-17T01:43:39
================================================================================
[2025-10-17T03:44:16.127+0200] {manager.py:878} INFO - 
================================================================================
DAG File Processing Stats

File Path                           PID    Runtime      # DAGs    # Errors  Last Runtime    Last Run
----------------------------------  -----  ---------  --------  ----------  --------------  -------------------
/opt/airflow/dags/etl_api_to_bi.py                           1           0  0.25s           2025-10-17T01:44:10
================================================================================
[2025-10-17T03:44:45.210+0200] {manager.py:878} INFO - 
================================================================================
DAG File Processing Stats

File Path                           PID    Runtime      # DAGs    # Errors  Last Runtime    Last Run
----------------------------------  -----  ---------  --------  ----------  --------------  -------------------
/opt/airflow/dags/etl_api_to_bi.py                           1           0  -1.08s          2025-10-17T01:44:40
================================================================================
[2025-10-17T03:45:14.228+0200] {manager.py:878} INFO - 
================================================================================
DAG File Processing Stats

File Path                           PID    Runtime      # DAGs    # Errors  Last Runtime    Last Run
----------------------------------  -----  ---------  --------  ----------  --------------  -------------------
/opt/airflow/dags/etl_api_to_bi.py                           1           0  0.29s           2025-10-17T01:45:11
================================================================================
[2025-10-17T03:45:43.315+0200] {manager.py:878} INFO - 
================================================================================
DAG File Processing Stats

File Path                           PID    Runtime      # DAGs    # Errors  Last Runtime    Last Run
----------------------------------  -----  ---------  --------  ----------  --------------  -------------------
/opt/airflow/dags/etl_api_to_bi.py                           1           0  0.25s           2025-10-17T01:45:42
================================================================================
[2025-10-17T03:46:12.259+0200] {manager.py:878} INFO - 
================================================================================
DAG File Processing Stats

File Path                           PID    Runtime      # DAGs    # Errors  Last Runtime    Last Run
----------------------------------  -----  ---------  --------  ----------  --------------  -------------------
/opt/airflow/dags/etl_api_to_bi.py                           1           0  0.25s           2025-10-17T01:45:42
================================================================================
[2025-10-17T03:46:33.552+0200] {manager.py:737} INFO - Searching for files in /opt/airflow/dags
[2025-10-17T03:46:33.594+0200] {manager.py:740} INFO - There are 1 files in /opt/airflow/dags
[2025-10-17T03:46:41.370+0200] {manager.py:878} INFO - 
================================================================================
DAG File Processing Stats

File Path                           PID    Runtime      # DAGs    # Errors  Last Runtime    Last Run
----------------------------------  -----  ---------  --------  ----------  --------------  -------------------
/opt/airflow/dags/etl_api_to_bi.py                           1           0  0.25s           2025-10-17T01:46:13
================================================================================
[2025-10-17T03:47:11.281+0200] {manager.py:878} INFO - 
================================================================================
DAG File Processing Stats

File Path                           PID    Runtime      # DAGs    # Errors  Last Runtime    Last Run
----------------------------------  -----  ---------  --------  ----------  --------------  -------------------
/opt/airflow/dags/etl_api_to_bi.py                           1           0  0.25s           2025-10-17T01:46:44
================================================================================
[2025-10-17T03:47:39.561+0200] {manager.py:878} INFO - 
================================================================================
DAG File Processing Stats

File Path                           PID    Runtime      # DAGs    # Errors  Last Runtime    Last Run
----------------------------------  -----  ---------  --------  ----------  --------------  -------------------
/opt/airflow/dags/etl_api_to_bi.py                           1           0  0.24s           2025-10-17T01:47:15
================================================================================
[2025-10-17T03:48:08.478+0200] {manager.py:878} INFO - 
================================================================================
DAG File Processing Stats

File Path                           PID    Runtime      # DAGs    # Errors  Last Runtime    Last Run
----------------------------------  -----  ---------  --------  ----------  --------------  -------------------
/opt/airflow/dags/etl_api_to_bi.py                           1           0  0.21s           2025-10-17T01:47:45
================================================================================
[2025-10-17T03:48:37.553+0200] {manager.py:878} INFO - 
================================================================================
DAG File Processing Stats

File Path                           PID    Runtime      # DAGs    # Errors  Last Runtime    Last Run
----------------------------------  -----  ---------  --------  ----------  --------------  -------------------
/opt/airflow/dags/etl_api_to_bi.py                           1           0  0.28s           2025-10-17T01:48:16
================================================================================
[2025-10-17T03:49:06.703+0200] {manager.py:878} INFO - 
================================================================================
DAG File Processing Stats

File Path                           PID    Runtime      # DAGs    # Errors  Last Runtime    Last Run
----------------------------------  -----  ---------  --------  ----------  --------------  -------------------
/opt/airflow/dags/etl_api_to_bi.py                           1           0  0.21s           2025-10-17T01:48:47
================================================================================
[2025-10-17T03:49:35.743+0200] {manager.py:878} INFO - 
================================================================================
DAG File Processing Stats

File Path                           PID    Runtime      # DAGs    # Errors  Last Runtime    Last Run
----------------------------------  -----  ---------  --------  ----------  --------------  -------------------
/opt/airflow/dags/etl_api_to_bi.py                           1           0  0.29s           2025-10-17T01:49:19
================================================================================
[2025-10-17T03:50:04.854+0200] {manager.py:878} INFO - 
================================================================================
DAG File Processing Stats

File Path                           PID    Runtime      # DAGs    # Errors  Last Runtime    Last Run
----------------------------------  -----  ---------  --------  ----------  --------------  -------------------
/opt/airflow/dags/etl_api_to_bi.py                           1           0  0.23s           2025-10-17T01:49:50
================================================================================
[2025-10-17T03:50:33.814+0200] {manager.py:878} INFO - 
================================================================================
DAG File Processing Stats

File Path                           PID    Runtime      # DAGs    # Errors  Last Runtime    Last Run
----------------------------------  -----  ---------  --------  ----------  --------------  -------------------
/opt/airflow/dags/etl_api_to_bi.py                           1           0  0.30s           2025-10-17T01:50:21
================================================================================
[2025-10-17T03:51:02.982+0200] {manager.py:878} INFO - 
================================================================================
DAG File Processing Stats

File Path                           PID    Runtime      # DAGs    # Errors  Last Runtime    Last Run
----------------------------------  -----  ---------  --------  ----------  --------------  -------------------
/opt/airflow/dags/etl_api_to_bi.py                           1           0  0.21s           2025-10-17T01:50:52
================================================================================
[2025-10-17T03:51:31.925+0200] {manager.py:878} INFO - 
================================================================================
DAG File Processing Stats

File Path                           PID    Runtime      # DAGs    # Errors  Last Runtime    Last Run
----------------------------------  -----  ---------  --------  ----------  --------------  -------------------
/opt/airflow/dags/etl_api_to_bi.py                           1           0  0.29s           2025-10-17T01:51:23
================================================================================
[2025-10-17T03:51:33.939+0200] {manager.py:737} INFO - Searching for files in /opt/airflow/dags
[2025-10-17T03:51:33.976+0200] {manager.py:740} INFO - There are 1 files in /opt/airflow/dags
[2025-10-17T03:52:01.090+0200] {manager.py:878} INFO - 
================================================================================
DAG File Processing Stats

File Path                           PID    Runtime      # DAGs    # Errors  Last Runtime    Last Run
----------------------------------  -----  ---------  --------  ----------  --------------  -------------------
/opt/airflow/dags/etl_api_to_bi.py                           1           0  0.25s           2025-10-17T01:51:54
================================================================================
[2025-10-17T03:52:30.122+0200] {manager.py:878} INFO - 
================================================================================
DAG File Processing Stats

File Path                           PID    Runtime      # DAGs    # Errors  Last Runtime    Last Run
----------------------------------  -----  ---------  --------  ----------  --------------  -------------------
/opt/airflow/dags/etl_api_to_bi.py                           1           0  0.21s           2025-10-17T01:52:25
================================================================================
[2025-10-17T03:52:59.120+0200] {manager.py:878} INFO - 
================================================================================
DAG File Processing Stats

File Path                           PID    Runtime      # DAGs    # Errors  Last Runtime    Last Run
----------------------------------  -----  ---------  --------  ----------  --------------  -------------------
/opt/airflow/dags/etl_api_to_bi.py                           1           0  0.21s           2025-10-17T01:52:56
================================================================================
[2025-10-17T03:53:28.176+0200] {manager.py:878} INFO - 
================================================================================
DAG File Processing Stats

File Path                           PID    Runtime      # DAGs    # Errors  Last Runtime    Last Run
----------------------------------  -----  ---------  --------  ----------  --------------  -------------------
/opt/airflow/dags/etl_api_to_bi.py                           1           0  0.22s           2025-10-17T01:53:27
================================================================================
[2025-10-17T03:53:57.114+0200] {manager.py:878} INFO - 
================================================================================
DAG File Processing Stats

File Path                           PID    Runtime      # DAGs    # Errors  Last Runtime    Last Run
----------------------------------  -----  ---------  --------  ----------  --------------  -------------------
/opt/airflow/dags/etl_api_to_bi.py                           1           0  0.22s           2025-10-17T01:53:27
================================================================================
[2025-10-17T03:54:26.065+0200] {manager.py:878} INFO - 
================================================================================
DAG File Processing Stats

File Path                           PID    Runtime      # DAGs    # Errors  Last Runtime    Last Run
----------------------------------  -----  ---------  --------  ----------  --------------  -------------------
/opt/airflow/dags/etl_api_to_bi.py                           1           0  0.20s           2025-10-17T01:53:58
================================================================================
[2025-10-17T03:54:55.250+0200] {manager.py:878} INFO - 
================================================================================
DAG File Processing Stats

File Path                           PID    Runtime      # DAGs    # Errors  Last Runtime    Last Run
----------------------------------  -----  ---------  --------  ----------  --------------  -------------------
/opt/airflow/dags/etl_api_to_bi.py                           1           0  0.22s           2025-10-17T01:54:29
================================================================================
[2025-10-17T03:55:24.234+0200] {manager.py:878} INFO - 
================================================================================
DAG File Processing Stats

File Path                           PID    Runtime      # DAGs    # Errors  Last Runtime    Last Run
----------------------------------  -----  ---------  --------  ----------  --------------  -------------------
/opt/airflow/dags/etl_api_to_bi.py                           1           0  0.22s           2025-10-17T01:55:00
================================================================================
[2025-10-17T03:55:53.350+0200] {manager.py:878} INFO - 
================================================================================
DAG File Processing Stats

File Path                           PID    Runtime      # DAGs    # Errors  Last Runtime    Last Run
----------------------------------  -----  ---------  --------  ----------  --------------  -------------------
/opt/airflow/dags/etl_api_to_bi.py                           1           0  0.22s           2025-10-17T01:55:31
================================================================================
[2025-10-17T03:56:22.297+0200] {manager.py:878} INFO - 
================================================================================
DAG File Processing Stats

File Path                           PID    Runtime      # DAGs    # Errors  Last Runtime    Last Run
----------------------------------  -----  ---------  --------  ----------  --------------  -------------------
/opt/airflow/dags/etl_api_to_bi.py                           1           0  0.24s           2025-10-17T01:56:02
================================================================================
[2025-10-17T03:56:34.613+0200] {manager.py:737} INFO - Searching for files in /opt/airflow/dags
[2025-10-17T03:56:34.652+0200] {manager.py:740} INFO - There are 1 files in /opt/airflow/dags
[2025-10-17T03:56:51.482+0200] {manager.py:878} INFO - 
================================================================================
DAG File Processing Stats

File Path                           PID    Runtime      # DAGs    # Errors  Last Runtime    Last Run
----------------------------------  -----  ---------  --------  ----------  --------------  -------------------
/opt/airflow/dags/etl_api_to_bi.py                           1           0  0.27s           2025-10-17T01:56:33
================================================================================
[2025-10-17T03:57:20.522+0200] {manager.py:878} INFO - 
================================================================================
DAG File Processing Stats

File Path                           PID    Runtime      # DAGs    # Errors  Last Runtime    Last Run
----------------------------------  -----  ---------  --------  ----------  --------------  -------------------
/opt/airflow/dags/etl_api_to_bi.py                           1           0  0.24s           2025-10-17T01:57:04
================================================================================
[2025-10-17T03:57:49.682+0200] {manager.py:878} INFO - 
================================================================================
DAG File Processing Stats

File Path                           PID    Runtime      # DAGs    # Errors  Last Runtime    Last Run
----------------------------------  -----  ---------  --------  ----------  --------------  -------------------
/opt/airflow/dags/etl_api_to_bi.py                           1           0  0.32s           2025-10-17T01:57:35
================================================================================
[2025-10-17T03:58:18.414+0200] {manager.py:878} INFO - 
================================================================================
DAG File Processing Stats

File Path                           PID    Runtime      # DAGs    # Errors  Last Runtime    Last Run
----------------------------------  -----  ---------  --------  ----------  --------------  -------------------
/opt/airflow/dags/etl_api_to_bi.py                           1           0  0.77s           2025-10-17T01:58:07
================================================================================
[2025-10-17T03:58:47.830+0200] {manager.py:878} INFO - 
================================================================================
DAG File Processing Stats

File Path                           PID    Runtime      # DAGs    # Errors  Last Runtime    Last Run
----------------------------------  -----  ---------  --------  ----------  --------------  -------------------
/opt/airflow/dags/etl_api_to_bi.py                           1           0  0.22s           2025-10-17T01:58:37
================================================================================
[2025-10-17T03:59:16.760+0200] {manager.py:878} INFO - 
================================================================================
DAG File Processing Stats

File Path                           PID    Runtime      # DAGs    # Errors  Last Runtime    Last Run
----------------------------------  -----  ---------  --------  ----------  --------------  -------------------
/opt/airflow/dags/etl_api_to_bi.py                           1           0  0.21s           2025-10-17T01:59:08
================================================================================
[2025-10-17T03:59:45.833+0200] {manager.py:878} INFO - 
================================================================================
DAG File Processing Stats

File Path                           PID    Runtime      # DAGs    # Errors  Last Runtime    Last Run
----------------------------------  -----  ---------  --------  ----------  --------------  -------------------
/opt/airflow/dags/etl_api_to_bi.py                           1           0  0.25s           2025-10-17T01:59:39
================================================================================
[2025-10-17T04:00:14.835+0200] {manager.py:878} INFO - 
================================================================================
DAG File Processing Stats

File Path                           PID    Runtime      # DAGs    # Errors  Last Runtime    Last Run
----------------------------------  -----  ---------  --------  ----------  --------------  -------------------
/opt/airflow/dags/etl_api_to_bi.py                           1           0  0.32s           2025-10-17T02:00:11
================================================================================
[2025-10-17T04:00:43.947+0200] {manager.py:878} INFO - 
================================================================================
DAG File Processing Stats

File Path                           PID    Runtime      # DAGs    # Errors  Last Runtime    Last Run
----------------------------------  -----  ---------  --------  ----------  --------------  -------------------
/opt/airflow/dags/etl_api_to_bi.py                           1           0  0.19s           2025-10-17T02:00:41
================================================================================
[2025-10-17T04:01:12.972+0200] {manager.py:878} INFO - 
================================================================================
DAG File Processing Stats

File Path                             PID  Runtime      # DAGs    # Errors  Last Runtime    Last Run
----------------------------------  -----  ---------  --------  ----------  --------------  -------------------
/opt/airflow/dags/etl_api_to_bi.py    753  0.00s             1           0  0.19s           2025-10-17T02:00:41
================================================================================
[2025-10-17T04:01:34.679+0200] {manager.py:737} INFO - Searching for files in /opt/airflow/dags
[2025-10-17T04:01:34.713+0200] {manager.py:740} INFO - There are 1 files in /opt/airflow/dags
[2025-10-17T04:01:41.795+0200] {manager.py:878} INFO - 
================================================================================
DAG File Processing Stats

File Path                           PID    Runtime      # DAGs    # Errors  Last Runtime    Last Run
----------------------------------  -----  ---------  --------  ----------  --------------  -------------------
/opt/airflow/dags/etl_api_to_bi.py                           1           0  0.22s           2025-10-17T02:01:13
================================================================================
[2025-10-17T04:02:08.761+0200] {manager.py:452} INFO - Exiting gracefully upon receiving signal 15
[2025-10-17T22:18:09.372+0200] {manager.py:470} INFO - Processing files using up to 2 processes at a time 
[2025-10-17T22:18:09.374+0200] {manager.py:471} INFO - Process each file at most once every 30 seconds
[2025-10-17T22:18:09.376+0200] {manager.py:472} INFO - Checking for new files in /opt/airflow/dags every 300 seconds
[2025-10-17T22:18:09.378+0200] {manager.py:737} INFO - Searching for files in /opt/airflow/dags
[2025-10-17T22:18:09.407+0200] {manager.py:740} INFO - There are 1 files in /opt/airflow/dags
[2025-10-17T22:18:09.654+0200] {manager.py:878} INFO - 
================================================================================
DAG File Processing Stats

File Path                             PID  Runtime      # DAGs    # Errors  Last Runtime    Last Run
----------------------------------  -----  ---------  --------  ----------  --------------  ----------
/opt/airflow/dags/etl_api_to_bi.py    175  0.09s             0           0
================================================================================
[2025-10-17T22:18:39.984+0200] {manager.py:878} INFO - 
================================================================================
DAG File Processing Stats

File Path                           PID    Runtime      # DAGs    # Errors  Last Runtime    Last Run
----------------------------------  -----  ---------  --------  ----------  --------------  -------------------
/opt/airflow/dags/etl_api_to_bi.py                           1           0  0.41s           2025-10-17T20:18:09
================================================================================
[2025-10-17T22:19:10.555+0200] {manager.py:878} INFO - 
================================================================================
DAG File Processing Stats

File Path                           PID    Runtime      # DAGs    # Errors  Last Runtime    Last Run
----------------------------------  -----  ---------  --------  ----------  --------------  -------------------
/opt/airflow/dags/etl_api_to_bi.py                           1           0  2.12s           2025-10-17T20:18:43
================================================================================
[2025-10-17T22:19:40.799+0200] {manager.py:878} INFO - 
================================================================================
DAG File Processing Stats

File Path                           PID    Runtime      # DAGs    # Errors  Last Runtime    Last Run
----------------------------------  -----  ---------  --------  ----------  --------------  -------------------
/opt/airflow/dags/etl_api_to_bi.py                           1           0  0.22s           2025-10-17T20:19:13
================================================================================
[2025-10-17T22:20:11.235+0200] {manager.py:878} INFO - 
================================================================================
DAG File Processing Stats

File Path                           PID    Runtime      # DAGs    # Errors  Last Runtime    Last Run
----------------------------------  -----  ---------  --------  ----------  --------------  -------------------
/opt/airflow/dags/etl_api_to_bi.py                           1           0  0.44s           2025-10-17T20:19:44
================================================================================
[2025-10-17T22:20:41.473+0200] {manager.py:878} INFO - 
================================================================================
DAG File Processing Stats

File Path                           PID    Runtime      # DAGs    # Errors  Last Runtime    Last Run
----------------------------------  -----  ---------  --------  ----------  --------------  -------------------
/opt/airflow/dags/etl_api_to_bi.py                           1           0  0.58s           2025-10-17T20:20:15
================================================================================
[2025-10-17T22:21:11.668+0200] {manager.py:878} INFO - 
================================================================================
DAG File Processing Stats

File Path                           PID    Runtime      # DAGs    # Errors  Last Runtime    Last Run
----------------------------------  -----  ---------  --------  ----------  --------------  -------------------
/opt/airflow/dags/etl_api_to_bi.py                           1           0  0.45s           2025-10-17T20:20:45
================================================================================
[2025-10-17T22:21:41.846+0200] {manager.py:878} INFO - 
================================================================================
DAG File Processing Stats

File Path                           PID    Runtime      # DAGs    # Errors  Last Runtime    Last Run
----------------------------------  -----  ---------  --------  ----------  --------------  -------------------
/opt/airflow/dags/etl_api_to_bi.py                           1           0  0.28s           2025-10-17T20:21:16
================================================================================
[2025-10-17T22:22:12.087+0200] {manager.py:878} INFO - 
================================================================================
DAG File Processing Stats

File Path                           PID    Runtime      # DAGs    # Errors  Last Runtime    Last Run
----------------------------------  -----  ---------  --------  ----------  --------------  -------------------
/opt/airflow/dags/etl_api_to_bi.py                           1           0  0.23s           2025-10-17T20:21:47
================================================================================
[2025-10-17T22:22:42.506+0200] {manager.py:878} INFO - 
================================================================================
DAG File Processing Stats

File Path                           PID    Runtime      # DAGs    # Errors  Last Runtime    Last Run
----------------------------------  -----  ---------  --------  ----------  --------------  -------------------
/opt/airflow/dags/etl_api_to_bi.py                           1           0  0.48s           2025-10-17T20:22:17
================================================================================
[2025-10-17T22:23:09.435+0200] {manager.py:737} INFO - Searching for files in /opt/airflow/dags
[2025-10-17T22:23:09.475+0200] {manager.py:740} INFO - There are 1 files in /opt/airflow/dags
[2025-10-17T22:23:12.553+0200] {manager.py:878} INFO - 
================================================================================
DAG File Processing Stats

File Path                           PID    Runtime      # DAGs    # Errors  Last Runtime    Last Run
----------------------------------  -----  ---------  --------  ----------  --------------  -------------------
/opt/airflow/dags/etl_api_to_bi.py                           1           0  0.26s           2025-10-17T20:22:48
================================================================================
[2025-10-17T22:23:42.815+0200] {manager.py:878} INFO - 
================================================================================
DAG File Processing Stats

File Path                           PID    Runtime      # DAGs    # Errors  Last Runtime    Last Run
----------------------------------  -----  ---------  --------  ----------  --------------  -------------------
/opt/airflow/dags/etl_api_to_bi.py                           1           0  0.29s           2025-10-17T20:23:18
================================================================================
[2025-10-17T22:24:13.252+0200] {manager.py:878} INFO - 
================================================================================
DAG File Processing Stats

File Path                           PID    Runtime      # DAGs    # Errors  Last Runtime    Last Run
----------------------------------  -----  ---------  --------  ----------  --------------  -------------------
/opt/airflow/dags/etl_api_to_bi.py                           1           0  0.30s           2025-10-17T20:23:49
================================================================================
[2025-10-17T22:24:43.725+0200] {manager.py:878} INFO - 
================================================================================
DAG File Processing Stats

File Path                           PID    Runtime      # DAGs    # Errors  Last Runtime    Last Run
----------------------------------  -----  ---------  --------  ----------  --------------  -------------------
/opt/airflow/dags/etl_api_to_bi.py                           1           0  0.29s           2025-10-17T20:24:19
================================================================================
[2025-10-17T22:25:14.174+0200] {manager.py:878} INFO - 
================================================================================
DAG File Processing Stats

File Path                           PID    Runtime      # DAGs    # Errors  Last Runtime    Last Run
----------------------------------  -----  ---------  --------  ----------  --------------  -------------------
/opt/airflow/dags/etl_api_to_bi.py                           1           0  0.25s           2025-10-17T20:24:50
================================================================================
[2025-10-17T22:25:44.612+0200] {manager.py:878} INFO - 
================================================================================
DAG File Processing Stats

File Path                           PID    Runtime      # DAGs    # Errors  Last Runtime    Last Run
----------------------------------  -----  ---------  --------  ----------  --------------  -------------------
/opt/airflow/dags/etl_api_to_bi.py                           1           0  0.25s           2025-10-17T20:25:20
================================================================================
[2025-10-17T22:26:15.054+0200] {manager.py:878} INFO - 
================================================================================
DAG File Processing Stats

File Path                           PID    Runtime      # DAGs    # Errors  Last Runtime    Last Run
----------------------------------  -----  ---------  --------  ----------  --------------  -------------------
/opt/airflow/dags/etl_api_to_bi.py                           1           0  0.20s           2025-10-17T20:25:51
================================================================================
[2025-10-17T22:26:45.446+0200] {manager.py:878} INFO - 
================================================================================
DAG File Processing Stats

File Path                           PID    Runtime      # DAGs    # Errors  Last Runtime    Last Run
----------------------------------  -----  ---------  --------  ----------  --------------  -------------------
/opt/airflow/dags/etl_api_to_bi.py                           1           0  0.29s           2025-10-17T20:26:21
================================================================================
[2025-10-17T22:27:15.748+0200] {manager.py:878} INFO - 
================================================================================
DAG File Processing Stats

File Path                           PID    Runtime      # DAGs    # Errors  Last Runtime    Last Run
----------------------------------  -----  ---------  --------  ----------  --------------  -------------------
/opt/airflow/dags/etl_api_to_bi.py                           1           0  0.17s           2025-10-17T20:26:51
================================================================================
[2025-10-17T22:27:45.982+0200] {manager.py:878} INFO - 
================================================================================
DAG File Processing Stats

File Path                           PID    Runtime      # DAGs    # Errors  Last Runtime    Last Run
----------------------------------  -----  ---------  --------  ----------  --------------  -------------------
/opt/airflow/dags/etl_api_to_bi.py                           1           0  0.22s           2025-10-17T20:27:22
================================================================================
[2025-10-17T22:28:09.500+0200] {manager.py:737} INFO - Searching for files in /opt/airflow/dags
[2025-10-17T22:28:09.542+0200] {manager.py:740} INFO - There are 1 files in /opt/airflow/dags
[2025-10-17T22:28:16.373+0200] {manager.py:878} INFO - 
================================================================================
DAG File Processing Stats

File Path                           PID    Runtime      # DAGs    # Errors  Last Runtime    Last Run
----------------------------------  -----  ---------  --------  ----------  --------------  -------------------
/opt/airflow/dags/etl_api_to_bi.py                           1           0  0.19s           2025-10-17T20:27:52
================================================================================
[2025-10-17T22:28:46.900+0200] {manager.py:878} INFO - 
================================================================================
DAG File Processing Stats

File Path                           PID    Runtime      # DAGs    # Errors  Last Runtime    Last Run
----------------------------------  -----  ---------  --------  ----------  --------------  -------------------
/opt/airflow/dags/etl_api_to_bi.py                           1           0  0.22s           2025-10-17T20:28:22
================================================================================
[2025-10-17T22:29:17.112+0200] {manager.py:878} INFO - 
================================================================================
DAG File Processing Stats

File Path                           PID    Runtime      # DAGs    # Errors  Last Runtime    Last Run
----------------------------------  -----  ---------  --------  ----------  --------------  -------------------
/opt/airflow/dags/etl_api_to_bi.py                           1           0  0.25s           2025-10-17T20:28:53
================================================================================
[2025-10-17T22:29:47.527+0200] {manager.py:878} INFO - 
================================================================================
DAG File Processing Stats

File Path                           PID    Runtime      # DAGs    # Errors  Last Runtime    Last Run
----------------------------------  -----  ---------  --------  ----------  --------------  -------------------
/opt/airflow/dags/etl_api_to_bi.py                           1           0  0.25s           2025-10-17T20:29:23
================================================================================
[2025-10-17T22:30:17.994+0200] {manager.py:878} INFO - 
================================================================================
DAG File Processing Stats

File Path                           PID    Runtime      # DAGs    # Errors  Last Runtime    Last Run
----------------------------------  -----  ---------  --------  ----------  --------------  -------------------
/opt/airflow/dags/etl_api_to_bi.py                           1           0  0.29s           2025-10-17T20:29:54
================================================================================
[2025-10-17T22:30:48.178+0200] {manager.py:878} INFO - 
================================================================================
DAG File Processing Stats

File Path                           PID    Runtime      # DAGs    # Errors  Last Runtime    Last Run
----------------------------------  -----  ---------  --------  ----------  --------------  -------------------
/opt/airflow/dags/etl_api_to_bi.py                           1           0  0.59s           2025-10-17T20:30:24
================================================================================
[2025-10-17T22:31:18.412+0200] {manager.py:878} INFO - 
================================================================================
DAG File Processing Stats

File Path                           PID    Runtime      # DAGs    # Errors  Last Runtime    Last Run
----------------------------------  -----  ---------  --------  ----------  --------------  -------------------
/opt/airflow/dags/etl_api_to_bi.py                           1           0  0.21s           2025-10-17T20:30:55
================================================================================
[2025-10-17T22:31:48.817+0200] {manager.py:878} INFO - 
================================================================================
DAG File Processing Stats

File Path                           PID    Runtime      # DAGs    # Errors  Last Runtime    Last Run
----------------------------------  -----  ---------  --------  ----------  --------------  -------------------
/opt/airflow/dags/etl_api_to_bi.py                           1           0  0.25s           2025-10-17T20:31:25
================================================================================
[2025-10-17T22:32:19.260+0200] {manager.py:878} INFO - 
================================================================================
DAG File Processing Stats

File Path                           PID    Runtime      # DAGs    # Errors  Last Runtime    Last Run
----------------------------------  -----  ---------  --------  ----------  --------------  -------------------
/opt/airflow/dags/etl_api_to_bi.py                           1           0  0.43s           2025-10-17T20:31:56
================================================================================
[2025-10-17T22:32:49.898+0200] {manager.py:878} INFO - 
================================================================================
DAG File Processing Stats

File Path                           PID    Runtime      # DAGs    # Errors  Last Runtime    Last Run
----------------------------------  -----  ---------  --------  ----------  --------------  -------------------
/opt/airflow/dags/etl_api_to_bi.py                           1           0  0.24s           2025-10-17T20:32:26
================================================================================
[2025-10-17T22:33:09.618+0200] {manager.py:737} INFO - Searching for files in /opt/airflow/dags
[2025-10-17T22:33:09.649+0200] {manager.py:740} INFO - There are 1 files in /opt/airflow/dags
[2025-10-17T22:33:20.330+0200] {manager.py:878} INFO - 
================================================================================
DAG File Processing Stats

File Path                           PID    Runtime      # DAGs    # Errors  Last Runtime    Last Run
----------------------------------  -----  ---------  --------  ----------  --------------  -------------------
/opt/airflow/dags/etl_api_to_bi.py                           1           0  0.36s           2025-10-17T20:32:57
================================================================================
[2025-10-17T22:33:50.960+0200] {manager.py:878} INFO - 
================================================================================
DAG File Processing Stats

File Path                           PID    Runtime      # DAGs    # Errors  Last Runtime    Last Run
----------------------------------  -----  ---------  --------  ----------  --------------  -------------------
/opt/airflow/dags/etl_api_to_bi.py                           1           0  0.22s           2025-10-17T20:33:27
================================================================================
[2025-10-17T22:34:21.364+0200] {manager.py:878} INFO - 
================================================================================
DAG File Processing Stats

File Path                           PID    Runtime      # DAGs    # Errors  Last Runtime    Last Run
----------------------------------  -----  ---------  --------  ----------  --------------  -------------------
/opt/airflow/dags/etl_api_to_bi.py                           1           0  0.21s           2025-10-17T20:33:58
================================================================================
[2025-10-17T22:34:51.743+0200] {manager.py:878} INFO - 
================================================================================
DAG File Processing Stats

File Path                           PID    Runtime      # DAGs    # Errors  Last Runtime    Last Run
----------------------------------  -----  ---------  --------  ----------  --------------  -------------------
/opt/airflow/dags/etl_api_to_bi.py                           1           0  0.23s           2025-10-17T20:34:28
================================================================================
[2025-10-17T22:35:22.007+0200] {manager.py:878} INFO - 
================================================================================
DAG File Processing Stats

File Path                           PID    Runtime      # DAGs    # Errors  Last Runtime    Last Run
----------------------------------  -----  ---------  --------  ----------  --------------  -------------------
/opt/airflow/dags/etl_api_to_bi.py                           1           0  0.24s           2025-10-17T20:34:59
================================================================================
[2025-10-17T22:35:52.388+0200] {manager.py:878} INFO - 
================================================================================
DAG File Processing Stats

File Path                           PID    Runtime      # DAGs    # Errors  Last Runtime    Last Run
----------------------------------  -----  ---------  --------  ----------  --------------  -------------------
/opt/airflow/dags/etl_api_to_bi.py                           1           0  0.20s           2025-10-17T20:35:29
================================================================================
[2025-10-17T22:36:22.673+0200] {manager.py:878} INFO - 
================================================================================
DAG File Processing Stats

File Path                           PID    Runtime      # DAGs    # Errors  Last Runtime    Last Run
----------------------------------  -----  ---------  --------  ----------  --------------  -------------------
/opt/airflow/dags/etl_api_to_bi.py                           1           0  0.22s           2025-10-17T20:35:59
================================================================================
[2025-10-17T22:36:53.024+0200] {manager.py:878} INFO - 
================================================================================
DAG File Processing Stats

File Path                           PID    Runtime      # DAGs    # Errors  Last Runtime    Last Run
----------------------------------  -----  ---------  --------  ----------  --------------  -------------------
/opt/airflow/dags/etl_api_to_bi.py                           1           0  0.25s           2025-10-17T20:36:29
================================================================================
[2025-10-17T22:37:23.439+0200] {manager.py:878} INFO - 
================================================================================
DAG File Processing Stats

File Path                           PID    Runtime      # DAGs    # Errors  Last Runtime    Last Run
----------------------------------  -----  ---------  --------  ----------  --------------  -------------------
/opt/airflow/dags/etl_api_to_bi.py                           1           0  0.34s           2025-10-17T20:37:00
================================================================================
[2025-10-17T22:37:53.759+0200] {manager.py:878} INFO - 
================================================================================
DAG File Processing Stats

File Path                           PID    Runtime      # DAGs    # Errors  Last Runtime    Last Run
----------------------------------  -----  ---------  --------  ----------  --------------  -------------------
/opt/airflow/dags/etl_api_to_bi.py                           1           0  0.19s           2025-10-17T20:37:30
================================================================================
[2025-10-17T22:38:09.897+0200] {manager.py:737} INFO - Searching for files in /opt/airflow/dags
[2025-10-17T22:38:09.928+0200] {manager.py:740} INFO - There are 1 files in /opt/airflow/dags
[2025-10-17T22:38:24.049+0200] {manager.py:878} INFO - 
================================================================================
DAG File Processing Stats

File Path                           PID    Runtime      # DAGs    # Errors  Last Runtime    Last Run
----------------------------------  -----  ---------  --------  ----------  --------------  -------------------
/opt/airflow/dags/etl_api_to_bi.py                           1           0  0.27s           2025-10-17T20:38:01
================================================================================
[2025-10-17T22:38:54.448+0200] {manager.py:878} INFO - 
================================================================================
DAG File Processing Stats

File Path                           PID    Runtime      # DAGs    # Errors  Last Runtime    Last Run
----------------------------------  -----  ---------  --------  ----------  --------------  -------------------
/opt/airflow/dags/etl_api_to_bi.py                           1           0  0.19s           2025-10-17T20:38:31
================================================================================
[2025-10-17T22:39:24.751+0200] {manager.py:878} INFO - 
================================================================================
DAG File Processing Stats

File Path                           PID    Runtime      # DAGs    # Errors  Last Runtime    Last Run
----------------------------------  -----  ---------  --------  ----------  --------------  -------------------
/opt/airflow/dags/etl_api_to_bi.py                           1           0  0.26s           2025-10-17T20:39:01
================================================================================
[2025-10-17T22:39:55.042+0200] {manager.py:878} INFO - 
================================================================================
DAG File Processing Stats

File Path                           PID    Runtime      # DAGs    # Errors  Last Runtime    Last Run
----------------------------------  -----  ---------  --------  ----------  --------------  -------------------
/opt/airflow/dags/etl_api_to_bi.py                           1           0  0.22s           2025-10-17T20:39:32
================================================================================
[2025-10-17T22:40:25.326+0200] {manager.py:878} INFO - 
================================================================================
DAG File Processing Stats

File Path                           PID    Runtime      # DAGs    # Errors  Last Runtime    Last Run
----------------------------------  -----  ---------  --------  ----------  --------------  -------------------
/opt/airflow/dags/etl_api_to_bi.py                           1           0  0.19s           2025-10-17T20:40:02
================================================================================
[2025-10-17T22:40:55.596+0200] {manager.py:878} INFO - 
================================================================================
DAG File Processing Stats

File Path                           PID    Runtime      # DAGs    # Errors  Last Runtime    Last Run
----------------------------------  -----  ---------  --------  ----------  --------------  -------------------
/opt/airflow/dags/etl_api_to_bi.py                           1           0  0.25s           2025-10-17T20:40:32
================================================================================
[2025-10-17T22:41:25.975+0200] {manager.py:878} INFO - 
================================================================================
DAG File Processing Stats

File Path                           PID    Runtime      # DAGs    # Errors  Last Runtime    Last Run
----------------------------------  -----  ---------  --------  ----------  --------------  -------------------
/opt/airflow/dags/etl_api_to_bi.py                           1           0  0.22s           2025-10-17T20:41:03
================================================================================
[2025-10-17T22:41:56.165+0200] {manager.py:878} INFO - 
================================================================================
DAG File Processing Stats

File Path                           PID    Runtime      # DAGs    # Errors  Last Runtime    Last Run
----------------------------------  -----  ---------  --------  ----------  --------------  -------------------
/opt/airflow/dags/etl_api_to_bi.py                           1           0  0.22s           2025-10-17T20:41:33
================================================================================
[2025-10-17T22:42:26.546+0200] {manager.py:878} INFO - 
================================================================================
DAG File Processing Stats

File Path                           PID    Runtime      # DAGs    # Errors  Last Runtime    Last Run
----------------------------------  -----  ---------  --------  ----------  --------------  -------------------
/opt/airflow/dags/etl_api_to_bi.py                           1           0  0.22s           2025-10-17T20:42:03
================================================================================
[2025-10-17T22:42:56.900+0200] {manager.py:878} INFO - 
================================================================================
DAG File Processing Stats

File Path                           PID    Runtime      # DAGs    # Errors  Last Runtime    Last Run
----------------------------------  -----  ---------  --------  ----------  --------------  -------------------
/opt/airflow/dags/etl_api_to_bi.py                           1           0  0.19s           2025-10-17T20:42:33
================================================================================
[2025-10-17T22:43:10.165+0200] {manager.py:737} INFO - Searching for files in /opt/airflow/dags
[2025-10-17T22:43:10.198+0200] {manager.py:740} INFO - There are 1 files in /opt/airflow/dags
[2025-10-17T22:43:27.290+0200] {manager.py:878} INFO - 
================================================================================
DAG File Processing Stats

File Path                           PID    Runtime      # DAGs    # Errors  Last Runtime    Last Run
----------------------------------  -----  ---------  --------  ----------  --------------  -------------------
/opt/airflow/dags/etl_api_to_bi.py                           1           0  0.19s           2025-10-17T20:43:04
================================================================================
[2025-10-17T22:43:57.574+0200] {manager.py:878} INFO - 
================================================================================
DAG File Processing Stats

File Path                           PID    Runtime      # DAGs    # Errors  Last Runtime    Last Run
----------------------------------  -----  ---------  --------  ----------  --------------  -------------------
/opt/airflow/dags/etl_api_to_bi.py                           1           0  0.19s           2025-10-17T20:43:34
================================================================================
[2025-10-17T22:44:27.797+0200] {manager.py:878} INFO - 
================================================================================
DAG File Processing Stats

File Path                           PID    Runtime      # DAGs    # Errors  Last Runtime    Last Run
----------------------------------  -----  ---------  --------  ----------  --------------  -------------------
/opt/airflow/dags/etl_api_to_bi.py                           1           0  0.22s           2025-10-17T20:44:04
================================================================================
[2025-10-17T22:44:58.166+0200] {manager.py:878} INFO - 
================================================================================
DAG File Processing Stats

File Path                           PID    Runtime      # DAGs    # Errors  Last Runtime    Last Run
----------------------------------  -----  ---------  --------  ----------  --------------  -------------------
/opt/airflow/dags/etl_api_to_bi.py                           1           0  0.21s           2025-10-17T20:44:35
================================================================================
[2025-10-17T22:45:27.260+0200] {manager.py:878} INFO - 
================================================================================
DAG File Processing Stats

File Path                           PID    Runtime      # DAGs    # Errors  Last Runtime    Last Run
----------------------------------  -----  ---------  --------  ----------  --------------  -------------------
/opt/airflow/dags/etl_api_to_bi.py                           1           0  0.21s           2025-10-17T20:45:05
================================================================================
[2025-10-17T22:45:56.521+0200] {manager.py:878} INFO - 
================================================================================
DAG File Processing Stats

File Path                           PID    Runtime      # DAGs    # Errors  Last Runtime    Last Run
----------------------------------  -----  ---------  --------  ----------  --------------  -------------------
/opt/airflow/dags/etl_api_to_bi.py                           1           0  0.25s           2025-10-17T20:45:36
================================================================================
[2025-10-17T22:46:26.792+0200] {manager.py:878} INFO - 
================================================================================
DAG File Processing Stats

File Path                           PID    Runtime      # DAGs    # Errors  Last Runtime    Last Run
----------------------------------  -----  ---------  --------  ----------  --------------  -------------------
/opt/airflow/dags/etl_api_to_bi.py                           1           0  0.21s           2025-10-17T20:46:06
================================================================================
[2025-10-17T22:46:56.077+0200] {manager.py:878} INFO - 
================================================================================
DAG File Processing Stats

File Path                           PID    Runtime      # DAGs    # Errors  Last Runtime    Last Run
----------------------------------  -----  ---------  --------  ----------  --------------  -------------------
/opt/airflow/dags/etl_api_to_bi.py                           1           0  0.28s           2025-10-17T20:46:37
================================================================================
[2025-10-17T22:47:27.427+0200] {manager.py:878} INFO - 
================================================================================
DAG File Processing Stats

File Path                           PID    Runtime      # DAGs    # Errors  Last Runtime    Last Run
----------------------------------  -----  ---------  --------  ----------  --------------  -------------------
/opt/airflow/dags/etl_api_to_bi.py                           1           0  0.18s           2025-10-17T20:47:07
================================================================================
[2025-10-17T22:47:57.599+0200] {manager.py:878} INFO - 
================================================================================
DAG File Processing Stats

File Path                           PID    Runtime      # DAGs    # Errors  Last Runtime    Last Run
----------------------------------  -----  ---------  --------  ----------  --------------  -------------------
/opt/airflow/dags/etl_api_to_bi.py                           1           0  0.22s           2025-10-17T20:47:37
================================================================================
[2025-10-17T22:48:10.926+0200] {manager.py:737} INFO - Searching for files in /opt/airflow/dags
[2025-10-17T22:48:10.999+0200] {manager.py:740} INFO - There are 1 files in /opt/airflow/dags
[2025-10-17T22:48:28.117+0200] {manager.py:878} INFO - 
================================================================================
DAG File Processing Stats

File Path                           PID    Runtime      # DAGs    # Errors  Last Runtime    Last Run
----------------------------------  -----  ---------  --------  ----------  --------------  -------------------
/opt/airflow/dags/etl_api_to_bi.py                           1           0  0.20s           2025-10-17T20:48:08
================================================================================
[2025-10-17T22:48:58.364+0200] {manager.py:878} INFO - 
================================================================================
DAG File Processing Stats

File Path                           PID    Runtime      # DAGs    # Errors  Last Runtime    Last Run
----------------------------------  -----  ---------  --------  ----------  --------------  -------------------
/opt/airflow/dags/etl_api_to_bi.py                           1           0  0.21s           2025-10-17T20:48:38
================================================================================
[2025-10-17T22:49:28.688+0200] {manager.py:878} INFO - 
================================================================================
DAG File Processing Stats

File Path                           PID    Runtime      # DAGs    # Errors  Last Runtime    Last Run
----------------------------------  -----  ---------  --------  ----------  --------------  -------------------
/opt/airflow/dags/etl_api_to_bi.py                           1           0  0.36s           2025-10-17T20:49:08
================================================================================
[2025-10-17T22:49:59.146+0200] {manager.py:878} INFO - 
================================================================================
DAG File Processing Stats

File Path                           PID    Runtime      # DAGs    # Errors  Last Runtime    Last Run
----------------------------------  -----  ---------  --------  ----------  --------------  -------------------
/opt/airflow/dags/etl_api_to_bi.py                           1           0  0.23s           2025-10-17T20:49:39
================================================================================
[2025-10-17T22:50:29.537+0200] {manager.py:878} INFO - 
================================================================================
DAG File Processing Stats

File Path                           PID    Runtime      # DAGs    # Errors  Last Runtime    Last Run
----------------------------------  -----  ---------  --------  ----------  --------------  -------------------
/opt/airflow/dags/etl_api_to_bi.py                           1           0  0.22s           2025-10-17T20:50:09
================================================================================
[2025-10-17T22:51:00.175+0200] {manager.py:878} INFO - 
================================================================================
DAG File Processing Stats

File Path                           PID    Runtime      # DAGs    # Errors  Last Runtime    Last Run
----------------------------------  -----  ---------  --------  ----------  --------------  -------------------
/opt/airflow/dags/etl_api_to_bi.py                           1           0  0.39s           2025-10-17T20:50:40
================================================================================
[2025-10-17T22:51:30.791+0200] {manager.py:878} INFO - 
================================================================================
DAG File Processing Stats

File Path                           PID    Runtime      # DAGs    # Errors  Last Runtime    Last Run
----------------------------------  -----  ---------  --------  ----------  --------------  -------------------
/opt/airflow/dags/etl_api_to_bi.py                           1           0  0.81s           2025-10-17T20:51:11
================================================================================
[2025-10-17T22:52:01.259+0200] {manager.py:878} INFO - 
================================================================================
DAG File Processing Stats

File Path                           PID    Runtime      # DAGs    # Errors  Last Runtime    Last Run
----------------------------------  -----  ---------  --------  ----------  --------------  -------------------
/opt/airflow/dags/etl_api_to_bi.py                           1           0  0.33s           2025-10-17T20:51:42
================================================================================
[2025-10-17T22:52:31.600+0200] {manager.py:878} INFO - 
================================================================================
DAG File Processing Stats

File Path                           PID    Runtime      # DAGs    # Errors  Last Runtime    Last Run
----------------------------------  -----  ---------  --------  ----------  --------------  -------------------
/opt/airflow/dags/etl_api_to_bi.py                           1           0  0.25s           2025-10-17T20:52:12
================================================================================
[2025-10-17T22:53:01.880+0200] {manager.py:878} INFO - 
================================================================================
DAG File Processing Stats

File Path                           PID    Runtime      # DAGs    # Errors  Last Runtime    Last Run
----------------------------------  -----  ---------  --------  ----------  --------------  -------------------
/opt/airflow/dags/etl_api_to_bi.py                           1           0  0.29s           2025-10-17T20:52:42
================================================================================
[2025-10-17T22:53:10.940+0200] {manager.py:737} INFO - Searching for files in /opt/airflow/dags
[2025-10-17T22:53:11.007+0200] {manager.py:740} INFO - There are 1 files in /opt/airflow/dags
[2025-10-17T22:53:32.272+0200] {manager.py:878} INFO - 
================================================================================
DAG File Processing Stats

File Path                           PID    Runtime      # DAGs    # Errors  Last Runtime    Last Run
----------------------------------  -----  ---------  --------  ----------  --------------  -------------------
/opt/airflow/dags/etl_api_to_bi.py                           1           0  0.29s           2025-10-17T20:53:13
================================================================================
[2025-10-17T22:54:02.660+0200] {manager.py:878} INFO - 
================================================================================
DAG File Processing Stats

File Path                           PID    Runtime      # DAGs    # Errors  Last Runtime    Last Run
----------------------------------  -----  ---------  --------  ----------  --------------  -------------------
/opt/airflow/dags/etl_api_to_bi.py                           1           0  0.36s           2025-10-17T20:53:43
================================================================================
[2025-10-17T22:54:33.252+0200] {manager.py:878} INFO - 
================================================================================
DAG File Processing Stats

File Path                           PID    Runtime      # DAGs    # Errors  Last Runtime    Last Run
----------------------------------  -----  ---------  --------  ----------  --------------  -------------------
/opt/airflow/dags/etl_api_to_bi.py                           1           0  0.21s           2025-10-17T20:54:14
================================================================================
[2025-10-17T22:55:03.610+0200] {manager.py:878} INFO - 
================================================================================
DAG File Processing Stats

File Path                           PID    Runtime      # DAGs    # Errors  Last Runtime    Last Run
----------------------------------  -----  ---------  --------  ----------  --------------  -------------------
/opt/airflow/dags/etl_api_to_bi.py                           1           0  0.26s           2025-10-17T20:54:44
================================================================================
[2025-10-17T22:55:33.898+0200] {manager.py:878} INFO - 
================================================================================
DAG File Processing Stats

File Path                           PID    Runtime      # DAGs    # Errors  Last Runtime    Last Run
----------------------------------  -----  ---------  --------  ----------  --------------  -------------------
/opt/airflow/dags/etl_api_to_bi.py                           1           0  0.21s           2025-10-17T20:55:14
================================================================================
[2025-10-17T22:56:04.230+0200] {manager.py:878} INFO - 
================================================================================
DAG File Processing Stats

File Path                           PID    Runtime      # DAGs    # Errors  Last Runtime    Last Run
----------------------------------  -----  ---------  --------  ----------  --------------  -------------------
/opt/airflow/dags/etl_api_to_bi.py                           1           0  0.20s           2025-10-17T20:55:45
================================================================================
[2025-10-17T22:56:34.463+0200] {manager.py:878} INFO - 
================================================================================
DAG File Processing Stats

File Path                           PID    Runtime      # DAGs    # Errors  Last Runtime    Last Run
----------------------------------  -----  ---------  --------  ----------  --------------  -------------------
/opt/airflow/dags/etl_api_to_bi.py                           1           0  0.21s           2025-10-17T20:56:15
================================================================================
[2025-10-17T22:57:04.785+0200] {manager.py:878} INFO - 
================================================================================
DAG File Processing Stats

File Path                           PID    Runtime      # DAGs    # Errors  Last Runtime    Last Run
----------------------------------  -----  ---------  --------  ----------  --------------  -------------------
/opt/airflow/dags/etl_api_to_bi.py                           1           0  0.19s           2025-10-17T20:56:45
================================================================================
[2025-10-17T22:57:35.012+0200] {manager.py:878} INFO - 
================================================================================
DAG File Processing Stats

File Path                           PID    Runtime      # DAGs    # Errors  Last Runtime    Last Run
----------------------------------  -----  ---------  --------  ----------  --------------  -------------------
/opt/airflow/dags/etl_api_to_bi.py                           1           0  0.22s           2025-10-17T20:57:16
================================================================================
[2025-10-17T22:58:05.394+0200] {manager.py:878} INFO - 
================================================================================
DAG File Processing Stats

File Path                           PID    Runtime      # DAGs    # Errors  Last Runtime    Last Run
----------------------------------  -----  ---------  --------  ----------  --------------  -------------------
/opt/airflow/dags/etl_api_to_bi.py                           1           0  0.20s           2025-10-17T20:57:46
================================================================================
[2025-10-17T22:58:11.430+0200] {manager.py:737} INFO - Searching for files in /opt/airflow/dags
[2025-10-17T22:58:11.455+0200] {manager.py:740} INFO - There are 1 files in /opt/airflow/dags
[2025-10-17T22:58:35.748+0200] {manager.py:878} INFO - 
================================================================================
DAG File Processing Stats

File Path                           PID    Runtime      # DAGs    # Errors  Last Runtime    Last Run
----------------------------------  -----  ---------  --------  ----------  --------------  -------------------
/opt/airflow/dags/etl_api_to_bi.py                           1           0  0.32s           2025-10-17T20:58:16
================================================================================
[2025-10-17T22:59:06.092+0200] {manager.py:878} INFO - 
================================================================================
DAG File Processing Stats

File Path                           PID    Runtime      # DAGs    # Errors  Last Runtime    Last Run
----------------------------------  -----  ---------  --------  ----------  --------------  -------------------
/opt/airflow/dags/etl_api_to_bi.py                           1           0  0.19s           2025-10-17T20:58:47
================================================================================
[2025-10-17T22:59:36.376+0200] {manager.py:878} INFO - 
================================================================================
DAG File Processing Stats

File Path                           PID    Runtime      # DAGs    # Errors  Last Runtime    Last Run
----------------------------------  -----  ---------  --------  ----------  --------------  -------------------
/opt/airflow/dags/etl_api_to_bi.py                           1           0  0.21s           2025-10-17T20:59:17
================================================================================
[2025-10-17T23:00:06.731+0200] {manager.py:878} INFO - 
================================================================================
DAG File Processing Stats

File Path                           PID    Runtime      # DAGs    # Errors  Last Runtime    Last Run
----------------------------------  -----  ---------  --------  ----------  --------------  -------------------
/opt/airflow/dags/etl_api_to_bi.py                           1           0  0.29s           2025-10-17T20:59:47
================================================================================
[2025-10-17T23:00:37.116+0200] {manager.py:878} INFO - 
================================================================================
DAG File Processing Stats

File Path                           PID    Runtime      # DAGs    # Errors  Last Runtime    Last Run
----------------------------------  -----  ---------  --------  ----------  --------------  -------------------
/opt/airflow/dags/etl_api_to_bi.py                           1           0  0.27s           2025-10-17T21:00:18
================================================================================
[2025-10-17T23:01:07.448+0200] {manager.py:878} INFO - 
================================================================================
DAG File Processing Stats

File Path                           PID    Runtime      # DAGs    # Errors  Last Runtime    Last Run
----------------------------------  -----  ---------  --------  ----------  --------------  -------------------
/opt/airflow/dags/etl_api_to_bi.py                           1           0  0.28s           2025-10-17T21:00:48
================================================================================
[2025-10-17T23:01:37.830+0200] {manager.py:878} INFO - 
================================================================================
DAG File Processing Stats

File Path                           PID    Runtime      # DAGs    # Errors  Last Runtime    Last Run
----------------------------------  -----  ---------  --------  ----------  --------------  -------------------
/opt/airflow/dags/etl_api_to_bi.py                           1           0  0.25s           2025-10-17T21:01:18
================================================================================
[2025-10-17T23:02:08.085+0200] {manager.py:878} INFO - 
================================================================================
DAG File Processing Stats

File Path                           PID    Runtime      # DAGs    # Errors  Last Runtime    Last Run
----------------------------------  -----  ---------  --------  ----------  --------------  -------------------
/opt/airflow/dags/etl_api_to_bi.py                           1           0  0.23s           2025-10-17T21:01:49
================================================================================
[2025-10-17T23:02:38.414+0200] {manager.py:878} INFO - 
================================================================================
DAG File Processing Stats

File Path                           PID    Runtime      # DAGs    # Errors  Last Runtime    Last Run
----------------------------------  -----  ---------  --------  ----------  --------------  -------------------
/opt/airflow/dags/etl_api_to_bi.py                           1           0  0.22s           2025-10-17T21:02:19
================================================================================
[2025-10-17T23:03:08.643+0200] {manager.py:878} INFO - 
================================================================================
DAG File Processing Stats

File Path                           PID    Runtime      # DAGs    # Errors  Last Runtime    Last Run
----------------------------------  -----  ---------  --------  ----------  --------------  -------------------
/opt/airflow/dags/etl_api_to_bi.py                           1           0  0.19s           2025-10-17T21:02:49
================================================================================
[2025-10-17T23:03:11.666+0200] {manager.py:737} INFO - Searching for files in /opt/airflow/dags
[2025-10-17T23:03:11.703+0200] {manager.py:740} INFO - There are 1 files in /opt/airflow/dags
[2025-10-17T23:03:38.960+0200] {manager.py:878} INFO - 
================================================================================
DAG File Processing Stats

File Path                           PID    Runtime      # DAGs    # Errors  Last Runtime    Last Run
----------------------------------  -----  ---------  --------  ----------  --------------  -------------------
/opt/airflow/dags/etl_api_to_bi.py                           1           0  0.21s           2025-10-17T21:03:19
================================================================================
[2025-10-17T23:04:09.230+0200] {manager.py:878} INFO - 
================================================================================
DAG File Processing Stats

File Path                           PID    Runtime      # DAGs    # Errors  Last Runtime    Last Run
----------------------------------  -----  ---------  --------  ----------  --------------  -------------------
/opt/airflow/dags/etl_api_to_bi.py                           1           0  0.22s           2025-10-17T21:03:50
================================================================================
[2025-10-17T23:04:39.591+0200] {manager.py:878} INFO - 
================================================================================
DAG File Processing Stats

File Path                           PID    Runtime      # DAGs    # Errors  Last Runtime    Last Run
----------------------------------  -----  ---------  --------  ----------  --------------  -------------------
/opt/airflow/dags/etl_api_to_bi.py                           1           0  0.23s           2025-10-17T21:04:20
================================================================================
[2025-10-17T23:05:09.850+0200] {manager.py:878} INFO - 
================================================================================
DAG File Processing Stats

File Path                           PID    Runtime      # DAGs    # Errors  Last Runtime    Last Run
----------------------------------  -----  ---------  --------  ----------  --------------  -------------------
/opt/airflow/dags/etl_api_to_bi.py                           1           0  0.24s           2025-10-17T21:04:50
================================================================================
[2025-10-17T23:05:39.983+0200] {manager.py:878} INFO - 
================================================================================
DAG File Processing Stats

File Path                           PID    Runtime      # DAGs    # Errors  Last Runtime    Last Run
----------------------------------  -----  ---------  --------  ----------  --------------  -------------------
/opt/airflow/dags/etl_api_to_bi.py                           1           0  0.26s           2025-10-17T21:05:21
================================================================================
[2025-10-17T23:06:10.427+0200] {manager.py:878} INFO - 
================================================================================
DAG File Processing Stats

File Path                           PID    Runtime      # DAGs    # Errors  Last Runtime    Last Run
----------------------------------  -----  ---------  --------  ----------  --------------  -------------------
/opt/airflow/dags/etl_api_to_bi.py                           1           0  0.29s           2025-10-17T21:05:52
================================================================================
[2025-10-17T23:06:40.703+0200] {manager.py:878} INFO - 
================================================================================
DAG File Processing Stats

File Path                           PID    Runtime      # DAGs    # Errors  Last Runtime    Last Run
----------------------------------  -----  ---------  --------  ----------  --------------  -------------------
/opt/airflow/dags/etl_api_to_bi.py                           1           0  0.29s           2025-10-17T21:06:22
================================================================================
[2025-10-17T23:07:11.190+0200] {manager.py:878} INFO - 
================================================================================
DAG File Processing Stats

File Path                           PID    Runtime      # DAGs    # Errors  Last Runtime    Last Run
----------------------------------  -----  ---------  --------  ----------  --------------  -------------------
/opt/airflow/dags/etl_api_to_bi.py                           1           0  0.21s           2025-10-17T21:06:53
================================================================================
[2025-10-17T23:07:41.539+0200] {manager.py:878} INFO - 
================================================================================
DAG File Processing Stats

File Path                           PID    Runtime      # DAGs    # Errors  Last Runtime    Last Run
----------------------------------  -----  ---------  --------  ----------  --------------  -------------------
/opt/airflow/dags/etl_api_to_bi.py                           1           0  0.26s           2025-10-17T21:07:23
================================================================================
[2025-10-17T23:08:11.581+0200] {manager.py:878} INFO - 
================================================================================
DAG File Processing Stats

File Path                           PID    Runtime      # DAGs    # Errors  Last Runtime    Last Run
----------------------------------  -----  ---------  --------  ----------  --------------  -------------------
/opt/airflow/dags/etl_api_to_bi.py                           1           0  0.75s           2025-10-17T21:07:54
================================================================================
[2025-10-17T23:08:11.824+0200] {manager.py:737} INFO - Searching for files in /opt/airflow/dags
[2025-10-17T23:08:11.967+0200] {manager.py:740} INFO - There are 1 files in /opt/airflow/dags
[2025-10-17T23:08:42.534+0200] {manager.py:878} INFO - 
================================================================================
DAG File Processing Stats

File Path                           PID    Runtime      # DAGs    # Errors  Last Runtime    Last Run
----------------------------------  -----  ---------  --------  ----------  --------------  -------------------
/opt/airflow/dags/etl_api_to_bi.py                           1           0  0.49s           2025-10-17T21:08:25
================================================================================
[2025-10-17T23:09:12.889+0200] {manager.py:878} INFO - 
================================================================================
DAG File Processing Stats

File Path                           PID    Runtime      # DAGs    # Errors  Last Runtime    Last Run
----------------------------------  -----  ---------  --------  ----------  --------------  -------------------
/opt/airflow/dags/etl_api_to_bi.py                           1           0  0.56s           2025-10-17T21:08:56
================================================================================
[2025-10-17T23:09:42.336+0200] {manager.py:878} INFO - 
================================================================================
DAG File Processing Stats

File Path                           PID    Runtime      # DAGs    # Errors  Last Runtime    Last Run
----------------------------------  -----  ---------  --------  ----------  --------------  -------------------
/opt/airflow/dags/etl_api_to_bi.py                           1           0  0.46s           2025-10-17T21:09:27
================================================================================
[2025-10-17T23:10:13.041+0200] {manager.py:878} INFO - 
================================================================================
DAG File Processing Stats

File Path                           PID    Runtime      # DAGs    # Errors  Last Runtime    Last Run
----------------------------------  -----  ---------  --------  ----------  --------------  -------------------
/opt/airflow/dags/etl_api_to_bi.py                           1           0  0.63s           2025-10-17T21:09:58
================================================================================
[2025-10-17T23:10:43.338+0200] {manager.py:878} INFO - 
================================================================================
DAG File Processing Stats

File Path                           PID    Runtime      # DAGs    # Errors  Last Runtime    Last Run
----------------------------------  -----  ---------  --------  ----------  --------------  -------------------
/opt/airflow/dags/etl_api_to_bi.py                           1           0  0.23s           2025-10-17T21:10:29
================================================================================
[2025-10-17T23:11:13.756+0200] {manager.py:878} INFO - 
================================================================================
DAG File Processing Stats

File Path                           PID    Runtime      # DAGs    # Errors  Last Runtime    Last Run
----------------------------------  -----  ---------  --------  ----------  --------------  -------------------
/opt/airflow/dags/etl_api_to_bi.py                           1           0  0.43s           2025-10-17T21:10:59
================================================================================
[2025-10-17T23:11:44.132+0200] {manager.py:878} INFO - 
================================================================================
DAG File Processing Stats

File Path                           PID    Runtime      # DAGs    # Errors  Last Runtime    Last Run
----------------------------------  -----  ---------  --------  ----------  --------------  -------------------
/opt/airflow/dags/etl_api_to_bi.py                           1           0  1.34s           2025-10-17T21:11:31
================================================================================
[2025-10-17T23:12:14.601+0200] {manager.py:878} INFO - 
================================================================================
DAG File Processing Stats

File Path                           PID    Runtime      # DAGs    # Errors  Last Runtime    Last Run
----------------------------------  -----  ---------  --------  ----------  --------------  -------------------
/opt/airflow/dags/etl_api_to_bi.py                           1           0  0.37s           2025-10-17T21:12:02
================================================================================
[2025-10-17T23:12:44.491+0200] {manager.py:878} INFO - 
================================================================================
DAG File Processing Stats

File Path                           PID    Runtime      # DAGs    # Errors  Last Runtime    Last Run
----------------------------------  -----  ---------  --------  ----------  --------------  -------------------
/opt/airflow/dags/etl_api_to_bi.py                           1           0  1.12s           2025-10-17T21:12:33
================================================================================
[2025-10-17T23:13:11.950+0200] {manager.py:737} INFO - Searching for files in /opt/airflow/dags
[2025-10-17T23:13:12.010+0200] {manager.py:740} INFO - There are 1 files in /opt/airflow/dags
[2025-10-17T23:13:16.128+0200] {manager.py:878} INFO - 
================================================================================
DAG File Processing Stats

File Path                           PID    Runtime      # DAGs    # Errors  Last Runtime    Last Run
----------------------------------  -----  ---------  --------  ----------  --------------  -------------------
/opt/airflow/dags/etl_api_to_bi.py                           1           0  0.65s           2025-10-17T21:13:04
================================================================================
[2025-10-17T23:13:46.239+0200] {manager.py:878} INFO - 
================================================================================
DAG File Processing Stats

File Path                           PID    Runtime      # DAGs    # Errors  Last Runtime    Last Run
----------------------------------  -----  ---------  --------  ----------  --------------  -------------------
/opt/airflow/dags/etl_api_to_bi.py                           1           0  0.74s           2025-10-17T21:13:36
================================================================================
[2025-10-17T23:14:16.335+0200] {manager.py:878} INFO - 
================================================================================
DAG File Processing Stats

File Path                           PID    Runtime      # DAGs    # Errors  Last Runtime    Last Run
----------------------------------  -----  ---------  --------  ----------  --------------  -------------------
/opt/airflow/dags/etl_api_to_bi.py                           1           0  1.33s           2025-10-17T21:14:08
================================================================================
[2025-10-17T23:14:46.755+0200] {manager.py:878} INFO - 
================================================================================
DAG File Processing Stats

File Path                           PID    Runtime      # DAGs    # Errors  Last Runtime    Last Run
----------------------------------  -----  ---------  --------  ----------  --------------  -------------------
/opt/airflow/dags/etl_api_to_bi.py                           1           0  0.90s           2025-10-17T21:14:39
================================================================================
[2025-10-17T23:15:17.119+0200] {manager.py:878} INFO - 
================================================================================
DAG File Processing Stats

File Path                           PID    Runtime      # DAGs    # Errors  Last Runtime    Last Run
----------------------------------  -----  ---------  --------  ----------  --------------  -------------------
/opt/airflow/dags/etl_api_to_bi.py                           1           0  0.65s           2025-10-17T21:15:10
================================================================================
[2025-10-17T23:15:47.571+0200] {manager.py:878} INFO - 
================================================================================
DAG File Processing Stats

File Path                           PID    Runtime      # DAGs    # Errors  Last Runtime    Last Run
----------------------------------  -----  ---------  --------  ----------  --------------  -------------------
/opt/airflow/dags/etl_api_to_bi.py                           1           0  0.66s           2025-10-17T21:15:41
================================================================================
[2025-10-17T23:16:17.632+0200] {manager.py:878} INFO - 
================================================================================
DAG File Processing Stats

File Path                           PID    Runtime      # DAGs    # Errors  Last Runtime    Last Run
----------------------------------  -----  ---------  --------  ----------  --------------  -------------------
/opt/airflow/dags/etl_api_to_bi.py                           1           0  0.75s           2025-10-17T21:16:12
================================================================================
[2025-10-17T23:16:47.715+0200] {manager.py:878} INFO - 
================================================================================
DAG File Processing Stats

File Path                           PID    Runtime      # DAGs    # Errors  Last Runtime    Last Run
----------------------------------  -----  ---------  --------  ----------  --------------  -------------------
/opt/airflow/dags/etl_api_to_bi.py                           1           0  1.17s           2025-10-17T21:16:44
================================================================================
[2025-10-18T06:17:07.044+0200] {manager.py:470} INFO - Processing files using up to 2 processes at a time 
[2025-10-18T06:17:09.224+0200] {manager.py:471} INFO - Process each file at most once every 30 seconds
[2025-10-18T06:17:09.227+0200] {manager.py:472} INFO - Checking for new files in /opt/airflow/dags every 300 seconds
[2025-10-18T06:17:09.229+0200] {manager.py:737} INFO - Searching for files in /opt/airflow/dags
[2025-10-18T06:17:09.280+0200] {manager.py:740} INFO - There are 1 files in /opt/airflow/dags
[2025-10-18T06:17:11.980+0200] {manager.py:878} INFO - 
================================================================================
DAG File Processing Stats

File Path                             PID  Runtime      # DAGs    # Errors  Last Runtime    Last Run
----------------------------------  -----  ---------  --------  ----------  --------------  ----------
/opt/airflow/dags/etl_api_to_bi.py    175  1.40s             0           0
================================================================================
[2025-10-18T06:17:42.680+0200] {manager.py:878} INFO - 
================================================================================
DAG File Processing Stats

File Path                           PID    Runtime      # DAGs    # Errors  Last Runtime    Last Run
----------------------------------  -----  ---------  --------  ----------  --------------  -------------------
/opt/airflow/dags/etl_api_to_bi.py                           1           0  12.89s          2025-10-18T04:17:23
================================================================================
[2025-10-18T06:18:13.147+0200] {manager.py:878} INFO - 
================================================================================
DAG File Processing Stats

File Path                           PID    Runtime      # DAGs    # Errors  Last Runtime    Last Run
----------------------------------  -----  ---------  --------  ----------  --------------  -------------------
/opt/airflow/dags/etl_api_to_bi.py                           1           0  4.56s           2025-10-18T04:17:59
================================================================================
[2025-10-18T06:18:43.533+0200] {manager.py:878} INFO - 
================================================================================
DAG File Processing Stats

File Path                           PID    Runtime      # DAGs    # Errors  Last Runtime    Last Run
----------------------------------  -----  ---------  --------  ----------  --------------  -------------------
/opt/airflow/dags/etl_api_to_bi.py                           1           0  0.26s           2025-10-18T04:18:29
================================================================================
[2025-10-18T06:19:13.807+0200] {manager.py:878} INFO - 
================================================================================
DAG File Processing Stats

File Path                           PID    Runtime      # DAGs    # Errors  Last Runtime    Last Run
----------------------------------  -----  ---------  --------  ----------  --------------  -------------------
/opt/airflow/dags/etl_api_to_bi.py                           1           0  0.49s           2025-10-18T04:19:00
================================================================================
[2025-10-18T06:19:43.786+0200] {manager.py:878} INFO - 
================================================================================
DAG File Processing Stats

File Path                           PID    Runtime      # DAGs    # Errors  Last Runtime    Last Run
----------------------------------  -----  ---------  --------  ----------  --------------  -------------------
/opt/airflow/dags/etl_api_to_bi.py                           1           0  0.39s           2025-10-18T04:19:30
================================================================================
[2025-10-18T06:20:14.357+0200] {manager.py:878} INFO - 
================================================================================
DAG File Processing Stats

File Path                           PID    Runtime      # DAGs    # Errors  Last Runtime    Last Run
----------------------------------  -----  ---------  --------  ----------  --------------  -------------------
/opt/airflow/dags/etl_api_to_bi.py                           1           0  0.47s           2025-10-18T04:20:01
================================================================================
[2025-10-18T06:20:44.727+0200] {manager.py:878} INFO - 
================================================================================
DAG File Processing Stats

File Path                           PID    Runtime      # DAGs    # Errors  Last Runtime    Last Run
----------------------------------  -----  ---------  --------  ----------  --------------  -------------------
/opt/airflow/dags/etl_api_to_bi.py                           1           0  0.20s           2025-10-18T04:20:31
================================================================================
[2025-10-18T06:21:15.252+0200] {manager.py:878} INFO - 
================================================================================
DAG File Processing Stats

File Path                           PID    Runtime      # DAGs    # Errors  Last Runtime    Last Run
----------------------------------  -----  ---------  --------  ----------  --------------  -------------------
/opt/airflow/dags/etl_api_to_bi.py                           1           0  1.28s           2025-10-18T04:21:03
================================================================================
[2025-10-18T06:21:45.585+0200] {manager.py:878} INFO - 
================================================================================
DAG File Processing Stats

File Path                           PID    Runtime      # DAGs    # Errors  Last Runtime    Last Run
----------------------------------  -----  ---------  --------  ----------  --------------  -------------------
/opt/airflow/dags/etl_api_to_bi.py                           1           0  0.19s           2025-10-18T04:21:33
================================================================================
[2025-10-18T06:22:09.849+0200] {manager.py:737} INFO - Searching for files in /opt/airflow/dags
[2025-10-18T06:22:09.888+0200] {manager.py:740} INFO - There are 1 files in /opt/airflow/dags
[2025-10-18T06:22:15.802+0200] {manager.py:878} INFO - 
================================================================================
DAG File Processing Stats

File Path                           PID    Runtime      # DAGs    # Errors  Last Runtime    Last Run
----------------------------------  -----  ---------  --------  ----------  --------------  -------------------
/opt/airflow/dags/etl_api_to_bi.py                           1           0  0.19s           2025-10-18T04:22:03
================================================================================
[2025-10-18T06:22:45.965+0200] {manager.py:878} INFO - 
================================================================================
DAG File Processing Stats

File Path                           PID    Runtime      # DAGs    # Errors  Last Runtime    Last Run
----------------------------------  -----  ---------  --------  ----------  --------------  -------------------
/opt/airflow/dags/etl_api_to_bi.py                           1           0  0.20s           2025-10-18T04:22:35
================================================================================
[2025-10-18T06:23:16.281+0200] {manager.py:878} INFO - 
================================================================================
DAG File Processing Stats

File Path                           PID    Runtime      # DAGs    # Errors  Last Runtime    Last Run
----------------------------------  -----  ---------  --------  ----------  --------------  -------------------
/opt/airflow/dags/etl_api_to_bi.py                           1           0  0.20s           2025-10-18T04:23:05
================================================================================
[2025-10-18T06:23:46.542+0200] {manager.py:878} INFO - 
================================================================================
DAG File Processing Stats

File Path                           PID    Runtime      # DAGs    # Errors  Last Runtime    Last Run
----------------------------------  -----  ---------  --------  ----------  --------------  -------------------
/opt/airflow/dags/etl_api_to_bi.py                           1           0  0.22s           2025-10-18T04:23:35
================================================================================
[2025-10-18T06:24:17.114+0200] {manager.py:878} INFO - 
================================================================================
DAG File Processing Stats

File Path                           PID    Runtime      # DAGs    # Errors  Last Runtime    Last Run
----------------------------------  -----  ---------  --------  ----------  --------------  -------------------
/opt/airflow/dags/etl_api_to_bi.py                           1           0  0.20s           2025-10-18T04:24:06
================================================================================
[2025-10-18T06:24:47.242+0200] {manager.py:878} INFO - 
================================================================================
DAG File Processing Stats

File Path                           PID    Runtime      # DAGs    # Errors  Last Runtime    Last Run
----------------------------------  -----  ---------  --------  ----------  --------------  -------------------
/opt/airflow/dags/etl_api_to_bi.py                           1           0  0.21s           2025-10-18T04:24:36
================================================================================
[2025-10-18T06:25:17.615+0200] {manager.py:878} INFO - 
================================================================================
DAG File Processing Stats

File Path                           PID    Runtime      # DAGs    # Errors  Last Runtime    Last Run
----------------------------------  -----  ---------  --------  ----------  --------------  -------------------
/opt/airflow/dags/etl_api_to_bi.py                           1           0  0.19s           2025-10-18T04:25:06
================================================================================
[2025-10-18T06:25:48.050+0200] {manager.py:878} INFO - 
================================================================================
DAG File Processing Stats

File Path                           PID    Runtime      # DAGs    # Errors  Last Runtime    Last Run
----------------------------------  -----  ---------  --------  ----------  --------------  -------------------
/opt/airflow/dags/etl_api_to_bi.py                           1           0  0.36s           2025-10-18T04:25:37
================================================================================
[2025-10-18T06:26:18.448+0200] {manager.py:878} INFO - 
================================================================================
DAG File Processing Stats

File Path                           PID    Runtime      # DAGs    # Errors  Last Runtime    Last Run
----------------------------------  -----  ---------  --------  ----------  --------------  -------------------
/opt/airflow/dags/etl_api_to_bi.py                           1           0  0.31s           2025-10-18T04:26:07
================================================================================
[2025-10-18T06:26:48.848+0200] {manager.py:878} INFO - 
================================================================================
DAG File Processing Stats

File Path                           PID    Runtime      # DAGs    # Errors  Last Runtime    Last Run
----------------------------------  -----  ---------  --------  ----------  --------------  -------------------
/opt/airflow/dags/etl_api_to_bi.py                           1           0  0.33s           2025-10-18T04:26:38
================================================================================
[2025-10-18T06:27:10.236+0200] {manager.py:737} INFO - Searching for files in /opt/airflow/dags
[2025-10-18T06:27:10.277+0200] {manager.py:740} INFO - There are 1 files in /opt/airflow/dags
[2025-10-18T06:27:19.357+0200] {manager.py:878} INFO - 
================================================================================
DAG File Processing Stats

File Path                           PID    Runtime      # DAGs    # Errors  Last Runtime    Last Run
----------------------------------  -----  ---------  --------  ----------  --------------  -------------------
/opt/airflow/dags/etl_api_to_bi.py                           1           0  0.19s           2025-10-18T04:27:08
================================================================================
[2025-10-18T06:27:49.560+0200] {manager.py:878} INFO - 
================================================================================
DAG File Processing Stats

File Path                           PID    Runtime      # DAGs    # Errors  Last Runtime    Last Run
----------------------------------  -----  ---------  --------  ----------  --------------  -------------------
/opt/airflow/dags/etl_api_to_bi.py                           1           0  0.20s           2025-10-18T04:27:38
================================================================================
[2025-10-18T06:28:19.825+0200] {manager.py:878} INFO - 
================================================================================
DAG File Processing Stats

File Path                           PID    Runtime      # DAGs    # Errors  Last Runtime    Last Run
----------------------------------  -----  ---------  --------  ----------  --------------  -------------------
/opt/airflow/dags/etl_api_to_bi.py                           1           0  0.45s           2025-10-18T04:28:09
================================================================================
[2025-10-18T06:28:50.372+0200] {manager.py:878} INFO - 
================================================================================
DAG File Processing Stats

File Path                           PID    Runtime      # DAGs    # Errors  Last Runtime    Last Run
----------------------------------  -----  ---------  --------  ----------  --------------  -------------------
/opt/airflow/dags/etl_api_to_bi.py                           1           0  0.25s           2025-10-18T04:28:39
================================================================================
[2025-10-18T06:29:20.670+0200] {manager.py:878} INFO - 
================================================================================
DAG File Processing Stats

File Path                           PID    Runtime      # DAGs    # Errors  Last Runtime    Last Run
----------------------------------  -----  ---------  --------  ----------  --------------  -------------------
/opt/airflow/dags/etl_api_to_bi.py                           1           0  0.20s           2025-10-18T04:29:09
================================================================================
[2025-10-18T06:29:51.022+0200] {manager.py:878} INFO - 
================================================================================
DAG File Processing Stats

File Path                           PID    Runtime      # DAGs    # Errors  Last Runtime    Last Run
----------------------------------  -----  ---------  --------  ----------  --------------  -------------------
/opt/airflow/dags/etl_api_to_bi.py                           1           0  0.39s           2025-10-18T04:29:40
================================================================================
[2025-10-18T06:30:21.510+0200] {manager.py:878} INFO - 
================================================================================
DAG File Processing Stats

File Path                           PID    Runtime      # DAGs    # Errors  Last Runtime    Last Run
----------------------------------  -----  ---------  --------  ----------  --------------  -------------------
/opt/airflow/dags/etl_api_to_bi.py                           1           0  0.36s           2025-10-18T04:30:10
================================================================================
[2025-10-18T06:30:51.369+0200] {manager.py:878} INFO - 
================================================================================
DAG File Processing Stats

File Path                           PID    Runtime      # DAGs    # Errors  Last Runtime    Last Run
----------------------------------  -----  ---------  --------  ----------  --------------  -------------------
/opt/airflow/dags/etl_api_to_bi.py                           1           0  0.37s           2025-10-18T04:30:41
================================================================================
[2025-10-18T06:31:21.310+0200] {manager.py:878} INFO - 
================================================================================
DAG File Processing Stats

File Path                           PID    Runtime      # DAGs    # Errors  Last Runtime    Last Run
----------------------------------  -----  ---------  --------  ----------  --------------  -------------------
/opt/airflow/dags/etl_api_to_bi.py                           1           0  0.28s           2025-10-18T04:31:11
================================================================================
[2025-10-18T06:31:51.647+0200] {manager.py:878} INFO - 
================================================================================
DAG File Processing Stats

File Path                           PID    Runtime      # DAGs    # Errors  Last Runtime    Last Run
----------------------------------  -----  ---------  --------  ----------  --------------  -------------------
/opt/airflow/dags/etl_api_to_bi.py                           1           0  0.33s           2025-10-18T04:31:41
================================================================================
[2025-10-18T06:32:10.619+0200] {manager.py:737} INFO - Searching for files in /opt/airflow/dags
[2025-10-18T06:32:10.659+0200] {manager.py:740} INFO - There are 1 files in /opt/airflow/dags
[2025-10-18T06:32:22.086+0200] {manager.py:878} INFO - 
================================================================================
DAG File Processing Stats

File Path                           PID    Runtime      # DAGs    # Errors  Last Runtime    Last Run
----------------------------------  -----  ---------  --------  ----------  --------------  -------------------
/opt/airflow/dags/etl_api_to_bi.py                           1           0  0.23s           2025-10-18T04:32:12
================================================================================
[2025-10-18T06:32:52.382+0200] {manager.py:878} INFO - 
================================================================================
DAG File Processing Stats

File Path                           PID    Runtime      # DAGs    # Errors  Last Runtime    Last Run
----------------------------------  -----  ---------  --------  ----------  --------------  -------------------
/opt/airflow/dags/etl_api_to_bi.py                           1           0  0.26s           2025-10-18T04:32:42
================================================================================
[2025-10-18T06:33:22.747+0200] {manager.py:878} INFO - 
================================================================================
DAG File Processing Stats

File Path                           PID    Runtime      # DAGs    # Errors  Last Runtime    Last Run
----------------------------------  -----  ---------  --------  ----------  --------------  -------------------
/opt/airflow/dags/etl_api_to_bi.py                           1           0  0.41s           2025-10-18T04:33:13
================================================================================
[2025-10-18T06:33:53.257+0200] {manager.py:878} INFO - 
================================================================================
DAG File Processing Stats

File Path                           PID    Runtime      # DAGs    # Errors  Last Runtime    Last Run
----------------------------------  -----  ---------  --------  ----------  --------------  -------------------
/opt/airflow/dags/etl_api_to_bi.py                           1           0  0.30s           2025-10-18T04:33:43
================================================================================
[2025-10-18T06:34:23.637+0200] {manager.py:878} INFO - 
================================================================================
DAG File Processing Stats

File Path                           PID    Runtime      # DAGs    # Errors  Last Runtime    Last Run
----------------------------------  -----  ---------  --------  ----------  --------------  -------------------
/opt/airflow/dags/etl_api_to_bi.py                           1           0  0.23s           2025-10-18T04:34:13
================================================================================
[2025-10-18T06:34:53.931+0200] {manager.py:878} INFO - 
================================================================================
DAG File Processing Stats

File Path                           PID    Runtime      # DAGs    # Errors  Last Runtime    Last Run
----------------------------------  -----  ---------  --------  ----------  --------------  -------------------
/opt/airflow/dags/etl_api_to_bi.py                           1           0  0.30s           2025-10-18T04:34:44
================================================================================
[2025-10-18T06:35:23.835+0200] {manager.py:878} INFO - 
================================================================================
DAG File Processing Stats

File Path                           PID    Runtime      # DAGs    # Errors  Last Runtime    Last Run
----------------------------------  -----  ---------  --------  ----------  --------------  -------------------
/opt/airflow/dags/etl_api_to_bi.py                           1           0  0.53s           2025-10-18T04:35:14
================================================================================
[2025-10-18T06:35:54.024+0200] {manager.py:878} INFO - 
================================================================================
DAG File Processing Stats

File Path                           PID    Runtime      # DAGs    # Errors  Last Runtime    Last Run
----------------------------------  -----  ---------  --------  ----------  --------------  -------------------
/opt/airflow/dags/etl_api_to_bi.py                           1           0  0.21s           2025-10-18T04:35:45
================================================================================
[2025-10-18T06:36:24.291+0200] {manager.py:878} INFO - 
================================================================================
DAG File Processing Stats

File Path                           PID    Runtime      # DAGs    # Errors  Last Runtime    Last Run
----------------------------------  -----  ---------  --------  ----------  --------------  -------------------
/opt/airflow/dags/etl_api_to_bi.py                           1           0  0.25s           2025-10-18T04:36:15
================================================================================
[2025-10-18T06:36:54.622+0200] {manager.py:878} INFO - 
================================================================================
DAG File Processing Stats

File Path                           PID    Runtime      # DAGs    # Errors  Last Runtime    Last Run
----------------------------------  -----  ---------  --------  ----------  --------------  -------------------
/opt/airflow/dags/etl_api_to_bi.py                           1           0  0.28s           2025-10-18T04:36:45
================================================================================
[2025-10-18T06:37:10.850+0200] {manager.py:737} INFO - Searching for files in /opt/airflow/dags
[2025-10-18T06:37:10.890+0200] {manager.py:740} INFO - There are 1 files in /opt/airflow/dags
[2025-10-18T06:37:25.056+0200] {manager.py:878} INFO - 
================================================================================
DAG File Processing Stats

File Path                           PID    Runtime      # DAGs    # Errors  Last Runtime    Last Run
----------------------------------  -----  ---------  --------  ----------  --------------  -------------------
/opt/airflow/dags/etl_api_to_bi.py                           1           0  0.23s           2025-10-18T04:37:16
================================================================================
[2025-10-18T06:37:55.309+0200] {manager.py:878} INFO - 
================================================================================
DAG File Processing Stats

File Path                           PID    Runtime      # DAGs    # Errors  Last Runtime    Last Run
----------------------------------  -----  ---------  --------  ----------  --------------  -------------------
/opt/airflow/dags/etl_api_to_bi.py                           1           0  0.22s           2025-10-18T04:37:46
================================================================================
[2025-10-18T06:38:25.609+0200] {manager.py:878} INFO - 
================================================================================
DAG File Processing Stats

File Path                           PID    Runtime      # DAGs    # Errors  Last Runtime    Last Run
----------------------------------  -----  ---------  --------  ----------  --------------  -------------------
/opt/airflow/dags/etl_api_to_bi.py                           1           0  0.24s           2025-10-18T04:38:16
================================================================================
[2025-10-18T06:38:56.078+0200] {manager.py:878} INFO - 
================================================================================
DAG File Processing Stats

File Path                           PID    Runtime      # DAGs    # Errors  Last Runtime    Last Run
----------------------------------  -----  ---------  --------  ----------  --------------  -------------------
/opt/airflow/dags/etl_api_to_bi.py                           1           0  0.33s           2025-10-18T04:38:47
================================================================================
[2025-10-18T06:39:26.376+0200] {manager.py:878} INFO - 
================================================================================
DAG File Processing Stats

File Path                           PID    Runtime      # DAGs    # Errors  Last Runtime    Last Run
----------------------------------  -----  ---------  --------  ----------  --------------  -------------------
/opt/airflow/dags/etl_api_to_bi.py                           1           0  0.30s           2025-10-18T04:39:17
================================================================================
[2025-10-18T06:39:56.884+0200] {manager.py:878} INFO - 
================================================================================
DAG File Processing Stats

File Path                           PID    Runtime      # DAGs    # Errors  Last Runtime    Last Run
----------------------------------  -----  ---------  --------  ----------  --------------  -------------------
/opt/airflow/dags/etl_api_to_bi.py                           1           0  0.22s           2025-10-18T04:39:48
================================================================================
[2025-10-18T06:40:27.170+0200] {manager.py:878} INFO - 
================================================================================
DAG File Processing Stats

File Path                           PID    Runtime      # DAGs    # Errors  Last Runtime    Last Run
----------------------------------  -----  ---------  --------  ----------  --------------  -------------------
/opt/airflow/dags/etl_api_to_bi.py                           1           0  0.26s           2025-10-18T04:40:18
================================================================================
