[2025-10-17T03:16:31.483+0200] {processor.py:161} INFO - Started process (PID=172) to work on /opt/airflow/dags/etl_api_to_bi.py
[2025-10-17T03:16:31.486+0200] {processor.py:830} INFO - Processing file /opt/airflow/dags/etl_api_to_bi.py for tasks to queue
[2025-10-17T03:16:31.495+0200] {logging_mixin.py:188} INFO - [2025-10-17T03:16:31.494+0200] {dagbag.py:545} INFO - Filling up the DagBag from /opt/airflow/dags/etl_api_to_bi.py
[2025-10-17T03:16:31.589+0200] {processor.py:840} INFO - DAG(s) 'etl_api_to_bi' retrieved from /opt/airflow/dags/etl_api_to_bi.py
[2025-10-17T03:16:31.900+0200] {logging_mixin.py:188} INFO - [2025-10-17T03:16:31.899+0200] {override.py:1858} INFO - Created Permission View: can edit on DAG:etl_api_to_bi
[2025-10-17T03:16:32.281+0200] {logging_mixin.py:188} INFO - [2025-10-17T03:16:32.279+0200] {override.py:1858} INFO - Created Permission View: can read on DAG:etl_api_to_bi
[2025-10-17T03:16:32.294+0200] {logging_mixin.py:188} INFO - [2025-10-17T03:16:32.293+0200] {override.py:1858} INFO - Created Permission View: can delete on DAG:etl_api_to_bi
[2025-10-17T03:16:32.296+0200] {logging_mixin.py:188} INFO - [2025-10-17T03:16:32.295+0200] {dag.py:3089} INFO - Sync 1 DAGs
[2025-10-17T03:16:32.310+0200] {logging_mixin.py:188} INFO - [2025-10-17T03:16:32.310+0200] {dag.py:3111} INFO - Creating ORM DAG for etl_api_to_bi
[2025-10-17T03:16:32.325+0200] {logging_mixin.py:188} INFO - [2025-10-17T03:16:32.325+0200] {dag.py:3947} INFO - Setting next_dagrun for etl_api_to_bi to 2025-10-17 01:00:00+00:00, run_after=2025-10-17 01:15:00+00:00
[2025-10-17T03:16:32.358+0200] {processor.py:183} INFO - Processing /opt/airflow/dags/etl_api_to_bi.py took 0.899 seconds
[2025-10-17T03:17:02.820+0200] {processor.py:161} INFO - Started process (PID=187) to work on /opt/airflow/dags/etl_api_to_bi.py
[2025-10-17T03:17:02.822+0200] {processor.py:830} INFO - Processing file /opt/airflow/dags/etl_api_to_bi.py for tasks to queue
[2025-10-17T03:17:02.826+0200] {logging_mixin.py:188} INFO - [2025-10-17T03:17:02.825+0200] {dagbag.py:545} INFO - Filling up the DagBag from /opt/airflow/dags/etl_api_to_bi.py
[2025-10-17T03:17:02.889+0200] {processor.py:840} INFO - DAG(s) 'etl_api_to_bi' retrieved from /opt/airflow/dags/etl_api_to_bi.py
[2025-10-17T03:17:02.997+0200] {logging_mixin.py:188} INFO - [2025-10-17T03:17:02.996+0200] {dag.py:3089} INFO - Sync 1 DAGs
[2025-10-17T03:17:03.056+0200] {logging_mixin.py:188} INFO - [2025-10-17T03:17:03.056+0200] {dag.py:3947} INFO - Setting next_dagrun for etl_api_to_bi to 2025-10-17 01:00:00+00:00, run_after=2025-10-17 01:15:00+00:00
[2025-10-17T03:17:03.098+0200] {processor.py:183} INFO - Processing /opt/airflow/dags/etl_api_to_bi.py took 0.295 seconds
[2025-10-17T03:17:33.349+0200] {processor.py:161} INFO - Started process (PID=208) to work on /opt/airflow/dags/etl_api_to_bi.py
[2025-10-17T03:17:33.354+0200] {processor.py:830} INFO - Processing file /opt/airflow/dags/etl_api_to_bi.py for tasks to queue
[2025-10-17T03:17:33.362+0200] {logging_mixin.py:188} INFO - [2025-10-17T03:17:33.360+0200] {dagbag.py:545} INFO - Filling up the DagBag from /opt/airflow/dags/etl_api_to_bi.py
[2025-10-17T03:17:33.483+0200] {processor.py:840} INFO - DAG(s) 'etl_api_to_bi' retrieved from /opt/airflow/dags/etl_api_to_bi.py
[2025-10-17T03:17:33.700+0200] {logging_mixin.py:188} INFO - [2025-10-17T03:17:33.699+0200] {dag.py:3089} INFO - Sync 1 DAGs
[2025-10-17T03:17:33.853+0200] {logging_mixin.py:188} INFO - [2025-10-17T03:17:33.853+0200] {dag.py:3947} INFO - Setting next_dagrun for etl_api_to_bi to 2025-10-17 01:15:00+00:00, run_after=2025-10-17 01:30:00+00:00
[2025-10-17T03:17:33.951+0200] {processor.py:183} INFO - Processing /opt/airflow/dags/etl_api_to_bi.py took 0.626 seconds
[2025-10-17T03:18:04.400+0200] {processor.py:161} INFO - Started process (PID=213) to work on /opt/airflow/dags/etl_api_to_bi.py
[2025-10-17T03:18:04.402+0200] {processor.py:830} INFO - Processing file /opt/airflow/dags/etl_api_to_bi.py for tasks to queue
[2025-10-17T03:18:04.406+0200] {logging_mixin.py:188} INFO - [2025-10-17T03:18:04.405+0200] {dagbag.py:545} INFO - Filling up the DagBag from /opt/airflow/dags/etl_api_to_bi.py
[2025-10-17T03:18:04.450+0200] {processor.py:840} INFO - DAG(s) 'etl_api_to_bi' retrieved from /opt/airflow/dags/etl_api_to_bi.py
[2025-10-17T03:18:04.521+0200] {logging_mixin.py:188} INFO - [2025-10-17T03:18:04.520+0200] {dag.py:3089} INFO - Sync 1 DAGs
[2025-10-17T03:18:04.853+0200] {logging_mixin.py:188} INFO - [2025-10-17T03:18:04.853+0200] {dag.py:3947} INFO - Setting next_dagrun for etl_api_to_bi to 2025-10-17 01:15:00+00:00, run_after=2025-10-17 01:30:00+00:00
[2025-10-17T03:18:04.896+0200] {processor.py:183} INFO - Processing /opt/airflow/dags/etl_api_to_bi.py took 0.507 seconds
[2025-10-17T03:18:35.041+0200] {processor.py:161} INFO - Started process (PID=218) to work on /opt/airflow/dags/etl_api_to_bi.py
[2025-10-17T03:18:35.044+0200] {processor.py:830} INFO - Processing file /opt/airflow/dags/etl_api_to_bi.py for tasks to queue
[2025-10-17T03:18:35.048+0200] {logging_mixin.py:188} INFO - [2025-10-17T03:18:35.047+0200] {dagbag.py:545} INFO - Filling up the DagBag from /opt/airflow/dags/etl_api_to_bi.py
[2025-10-17T03:18:35.117+0200] {processor.py:840} INFO - DAG(s) 'etl_api_to_bi' retrieved from /opt/airflow/dags/etl_api_to_bi.py
[2025-10-17T03:18:35.572+0200] {logging_mixin.py:188} INFO - [2025-10-17T03:18:35.571+0200] {dag.py:3089} INFO - Sync 1 DAGs
[2025-10-17T03:18:35.601+0200] {logging_mixin.py:188} INFO - [2025-10-17T03:18:35.601+0200] {dag.py:3947} INFO - Setting next_dagrun for etl_api_to_bi to 2025-10-17 01:15:00+00:00, run_after=2025-10-17 01:30:00+00:00
[2025-10-17T03:18:35.633+0200] {processor.py:183} INFO - Processing /opt/airflow/dags/etl_api_to_bi.py took 0.600 seconds
[2025-10-17T03:19:05.945+0200] {processor.py:161} INFO - Started process (PID=231) to work on /opt/airflow/dags/etl_api_to_bi.py
[2025-10-17T03:19:05.947+0200] {processor.py:830} INFO - Processing file /opt/airflow/dags/etl_api_to_bi.py for tasks to queue
[2025-10-17T03:19:05.952+0200] {logging_mixin.py:188} INFO - [2025-10-17T03:19:05.951+0200] {dagbag.py:545} INFO - Filling up the DagBag from /opt/airflow/dags/etl_api_to_bi.py
[2025-10-17T03:19:06.297+0200] {processor.py:840} INFO - DAG(s) 'etl_api_to_bi' retrieved from /opt/airflow/dags/etl_api_to_bi.py
[2025-10-17T03:19:06.341+0200] {logging_mixin.py:188} INFO - [2025-10-17T03:19:06.341+0200] {dag.py:3089} INFO - Sync 1 DAGs
[2025-10-17T03:19:06.368+0200] {logging_mixin.py:188} INFO - [2025-10-17T03:19:06.367+0200] {dag.py:3947} INFO - Setting next_dagrun for etl_api_to_bi to 2025-10-17 01:15:00+00:00, run_after=2025-10-17 01:30:00+00:00
[2025-10-17T03:19:06.390+0200] {processor.py:183} INFO - Processing /opt/airflow/dags/etl_api_to_bi.py took 0.461 seconds
[2025-10-17T03:19:36.571+0200] {processor.py:161} INFO - Started process (PID=253) to work on /opt/airflow/dags/etl_api_to_bi.py
[2025-10-17T03:19:36.573+0200] {processor.py:830} INFO - Processing file /opt/airflow/dags/etl_api_to_bi.py for tasks to queue
[2025-10-17T03:19:36.575+0200] {logging_mixin.py:188} INFO - [2025-10-17T03:19:36.575+0200] {dagbag.py:545} INFO - Filling up the DagBag from /opt/airflow/dags/etl_api_to_bi.py
[2025-10-17T03:19:36.619+0200] {processor.py:840} INFO - DAG(s) 'etl_api_to_bi' retrieved from /opt/airflow/dags/etl_api_to_bi.py
[2025-10-17T03:19:36.674+0200] {logging_mixin.py:188} INFO - [2025-10-17T03:19:36.674+0200] {dag.py:3089} INFO - Sync 1 DAGs
[2025-10-17T03:19:36.714+0200] {logging_mixin.py:188} INFO - [2025-10-17T03:19:36.714+0200] {dag.py:3947} INFO - Setting next_dagrun for etl_api_to_bi to 2025-10-17 01:15:00+00:00, run_after=2025-10-17 01:30:00+00:00
[2025-10-17T03:19:36.750+0200] {processor.py:183} INFO - Processing /opt/airflow/dags/etl_api_to_bi.py took 0.190 seconds
[2025-10-17T03:20:06.925+0200] {processor.py:161} INFO - Started process (PID=258) to work on /opt/airflow/dags/etl_api_to_bi.py
[2025-10-17T03:20:06.927+0200] {processor.py:830} INFO - Processing file /opt/airflow/dags/etl_api_to_bi.py for tasks to queue
[2025-10-17T03:20:06.931+0200] {logging_mixin.py:188} INFO - [2025-10-17T03:20:06.930+0200] {dagbag.py:545} INFO - Filling up the DagBag from /opt/airflow/dags/etl_api_to_bi.py
[2025-10-17T03:20:06.968+0200] {processor.py:840} INFO - DAG(s) 'etl_api_to_bi' retrieved from /opt/airflow/dags/etl_api_to_bi.py
[2025-10-17T03:20:07.028+0200] {logging_mixin.py:188} INFO - [2025-10-17T03:20:07.028+0200] {dag.py:3089} INFO - Sync 1 DAGs
[2025-10-17T03:20:07.061+0200] {logging_mixin.py:188} INFO - [2025-10-17T03:20:07.061+0200] {dag.py:3947} INFO - Setting next_dagrun for etl_api_to_bi to 2025-10-17 01:15:00+00:00, run_after=2025-10-17 01:30:00+00:00
[2025-10-17T03:20:07.096+0200] {processor.py:183} INFO - Processing /opt/airflow/dags/etl_api_to_bi.py took 0.184 seconds
[2025-10-17T03:20:37.390+0200] {processor.py:161} INFO - Started process (PID=263) to work on /opt/airflow/dags/etl_api_to_bi.py
[2025-10-17T03:20:37.392+0200] {processor.py:830} INFO - Processing file /opt/airflow/dags/etl_api_to_bi.py for tasks to queue
[2025-10-17T03:20:37.396+0200] {logging_mixin.py:188} INFO - [2025-10-17T03:20:37.395+0200] {dagbag.py:545} INFO - Filling up the DagBag from /opt/airflow/dags/etl_api_to_bi.py
[2025-10-17T03:20:37.441+0200] {processor.py:840} INFO - DAG(s) 'etl_api_to_bi' retrieved from /opt/airflow/dags/etl_api_to_bi.py
[2025-10-17T03:20:37.495+0200] {logging_mixin.py:188} INFO - [2025-10-17T03:20:37.495+0200] {dag.py:3089} INFO - Sync 1 DAGs
[2025-10-17T03:20:37.526+0200] {logging_mixin.py:188} INFO - [2025-10-17T03:20:37.525+0200] {dag.py:3947} INFO - Setting next_dagrun for etl_api_to_bi to 2025-10-17 01:15:00+00:00, run_after=2025-10-17 01:30:00+00:00
[2025-10-17T03:20:37.553+0200] {processor.py:183} INFO - Processing /opt/airflow/dags/etl_api_to_bi.py took 0.172 seconds
[2025-10-17T03:21:08.078+0200] {processor.py:161} INFO - Started process (PID=268) to work on /opt/airflow/dags/etl_api_to_bi.py
[2025-10-17T03:21:08.080+0200] {processor.py:830} INFO - Processing file /opt/airflow/dags/etl_api_to_bi.py for tasks to queue
[2025-10-17T03:21:08.085+0200] {logging_mixin.py:188} INFO - [2025-10-17T03:21:08.084+0200] {dagbag.py:545} INFO - Filling up the DagBag from /opt/airflow/dags/etl_api_to_bi.py
[2025-10-17T03:21:08.145+0200] {processor.py:840} INFO - DAG(s) 'etl_api_to_bi' retrieved from /opt/airflow/dags/etl_api_to_bi.py
[2025-10-17T03:21:08.256+0200] {logging_mixin.py:188} INFO - [2025-10-17T03:21:08.255+0200] {dag.py:3089} INFO - Sync 1 DAGs
[2025-10-17T03:21:08.371+0200] {logging_mixin.py:188} INFO - [2025-10-17T03:21:08.371+0200] {dag.py:3947} INFO - Setting next_dagrun for etl_api_to_bi to 2025-10-17 01:15:00+00:00, run_after=2025-10-17 01:30:00+00:00
[2025-10-17T03:21:08.447+0200] {processor.py:183} INFO - Processing /opt/airflow/dags/etl_api_to_bi.py took 0.387 seconds
[2025-10-17T03:21:38.585+0200] {processor.py:161} INFO - Started process (PID=273) to work on /opt/airflow/dags/etl_api_to_bi.py
[2025-10-17T03:21:38.606+0200] {processor.py:830} INFO - Processing file /opt/airflow/dags/etl_api_to_bi.py for tasks to queue
[2025-10-17T03:21:38.610+0200] {logging_mixin.py:188} INFO - [2025-10-17T03:21:38.609+0200] {dagbag.py:545} INFO - Filling up the DagBag from /opt/airflow/dags/etl_api_to_bi.py
[2025-10-17T03:21:38.651+0200] {processor.py:840} INFO - DAG(s) 'etl_api_to_bi' retrieved from /opt/airflow/dags/etl_api_to_bi.py
[2025-10-17T03:21:38.704+0200] {logging_mixin.py:188} INFO - [2025-10-17T03:21:38.704+0200] {dag.py:3089} INFO - Sync 1 DAGs
[2025-10-17T03:21:38.736+0200] {logging_mixin.py:188} INFO - [2025-10-17T03:21:38.736+0200] {dag.py:3947} INFO - Setting next_dagrun for etl_api_to_bi to 2025-10-17 01:15:00+00:00, run_after=2025-10-17 01:30:00+00:00
[2025-10-17T03:21:38.764+0200] {processor.py:183} INFO - Processing /opt/airflow/dags/etl_api_to_bi.py took 0.189 seconds
[2025-10-17T03:22:08.924+0200] {processor.py:161} INFO - Started process (PID=278) to work on /opt/airflow/dags/etl_api_to_bi.py
[2025-10-17T03:22:08.926+0200] {processor.py:830} INFO - Processing file /opt/airflow/dags/etl_api_to_bi.py for tasks to queue
[2025-10-17T03:22:08.929+0200] {logging_mixin.py:188} INFO - [2025-10-17T03:22:08.928+0200] {dagbag.py:545} INFO - Filling up the DagBag from /opt/airflow/dags/etl_api_to_bi.py
[2025-10-17T03:22:08.974+0200] {processor.py:840} INFO - DAG(s) 'etl_api_to_bi' retrieved from /opt/airflow/dags/etl_api_to_bi.py
[2025-10-17T03:22:09.044+0200] {logging_mixin.py:188} INFO - [2025-10-17T03:22:09.044+0200] {dag.py:3089} INFO - Sync 1 DAGs
[2025-10-17T03:22:09.085+0200] {logging_mixin.py:188} INFO - [2025-10-17T03:22:09.084+0200] {dag.py:3947} INFO - Setting next_dagrun for etl_api_to_bi to 2025-10-17 01:15:00+00:00, run_after=2025-10-17 01:30:00+00:00
[2025-10-17T03:22:09.114+0200] {processor.py:183} INFO - Processing /opt/airflow/dags/etl_api_to_bi.py took 0.198 seconds
[2025-10-17T03:22:39.309+0200] {processor.py:161} INFO - Started process (PID=283) to work on /opt/airflow/dags/etl_api_to_bi.py
[2025-10-17T03:22:39.312+0200] {processor.py:830} INFO - Processing file /opt/airflow/dags/etl_api_to_bi.py for tasks to queue
[2025-10-17T03:22:39.317+0200] {logging_mixin.py:188} INFO - [2025-10-17T03:22:39.316+0200] {dagbag.py:545} INFO - Filling up the DagBag from /opt/airflow/dags/etl_api_to_bi.py
[2025-10-17T03:22:39.373+0200] {processor.py:840} INFO - DAG(s) 'etl_api_to_bi' retrieved from /opt/airflow/dags/etl_api_to_bi.py
[2025-10-17T03:22:39.482+0200] {logging_mixin.py:188} INFO - [2025-10-17T03:22:39.482+0200] {dag.py:3089} INFO - Sync 1 DAGs
[2025-10-17T03:22:39.548+0200] {logging_mixin.py:188} INFO - [2025-10-17T03:22:39.548+0200] {dag.py:3947} INFO - Setting next_dagrun for etl_api_to_bi to 2025-10-17 01:15:00+00:00, run_after=2025-10-17 01:30:00+00:00
[2025-10-17T03:22:39.593+0200] {processor.py:183} INFO - Processing /opt/airflow/dags/etl_api_to_bi.py took 0.300 seconds
[2025-10-17T03:23:09.838+0200] {processor.py:161} INFO - Started process (PID=288) to work on /opt/airflow/dags/etl_api_to_bi.py
[2025-10-17T03:23:09.839+0200] {processor.py:830} INFO - Processing file /opt/airflow/dags/etl_api_to_bi.py for tasks to queue
[2025-10-17T03:23:09.845+0200] {logging_mixin.py:188} INFO - [2025-10-17T03:23:09.844+0200] {dagbag.py:545} INFO - Filling up the DagBag from /opt/airflow/dags/etl_api_to_bi.py
[2025-10-17T03:23:09.886+0200] {processor.py:840} INFO - DAG(s) 'etl_api_to_bi' retrieved from /opt/airflow/dags/etl_api_to_bi.py
[2025-10-17T03:23:09.944+0200] {logging_mixin.py:188} INFO - [2025-10-17T03:23:09.944+0200] {dag.py:3089} INFO - Sync 1 DAGs
[2025-10-17T03:23:09.978+0200] {logging_mixin.py:188} INFO - [2025-10-17T03:23:09.978+0200] {dag.py:3947} INFO - Setting next_dagrun for etl_api_to_bi to 2025-10-17 01:15:00+00:00, run_after=2025-10-17 01:30:00+00:00
[2025-10-17T03:23:10.006+0200] {processor.py:183} INFO - Processing /opt/airflow/dags/etl_api_to_bi.py took 0.179 seconds
[2025-10-17T03:23:40.869+0200] {processor.py:161} INFO - Started process (PID=293) to work on /opt/airflow/dags/etl_api_to_bi.py
[2025-10-17T03:23:40.871+0200] {processor.py:830} INFO - Processing file /opt/airflow/dags/etl_api_to_bi.py for tasks to queue
[2025-10-17T03:23:40.874+0200] {logging_mixin.py:188} INFO - [2025-10-17T03:23:40.874+0200] {dagbag.py:545} INFO - Filling up the DagBag from /opt/airflow/dags/etl_api_to_bi.py
[2025-10-17T03:23:40.915+0200] {processor.py:840} INFO - DAG(s) 'etl_api_to_bi' retrieved from /opt/airflow/dags/etl_api_to_bi.py
[2025-10-17T03:23:40.990+0200] {logging_mixin.py:188} INFO - [2025-10-17T03:23:40.989+0200] {dag.py:3089} INFO - Sync 1 DAGs
[2025-10-17T03:23:41.028+0200] {logging_mixin.py:188} INFO - [2025-10-17T03:23:41.028+0200] {dag.py:3947} INFO - Setting next_dagrun for etl_api_to_bi to 2025-10-17 01:15:00+00:00, run_after=2025-10-17 01:30:00+00:00
[2025-10-17T03:23:41.057+0200] {processor.py:183} INFO - Processing /opt/airflow/dags/etl_api_to_bi.py took 0.200 seconds
[2025-10-17T03:24:11.269+0200] {processor.py:161} INFO - Started process (PID=298) to work on /opt/airflow/dags/etl_api_to_bi.py
[2025-10-17T03:24:11.271+0200] {processor.py:830} INFO - Processing file /opt/airflow/dags/etl_api_to_bi.py for tasks to queue
[2025-10-17T03:24:11.277+0200] {logging_mixin.py:188} INFO - [2025-10-17T03:24:11.276+0200] {dagbag.py:545} INFO - Filling up the DagBag from /opt/airflow/dags/etl_api_to_bi.py
[2025-10-17T03:24:11.392+0200] {processor.py:840} INFO - DAG(s) 'etl_api_to_bi' retrieved from /opt/airflow/dags/etl_api_to_bi.py
[2025-10-17T03:24:11.493+0200] {logging_mixin.py:188} INFO - [2025-10-17T03:24:11.492+0200] {dag.py:3089} INFO - Sync 1 DAGs
[2025-10-17T03:24:11.583+0200] {logging_mixin.py:188} INFO - [2025-10-17T03:24:11.582+0200] {dag.py:3947} INFO - Setting next_dagrun for etl_api_to_bi to 2025-10-17 01:15:00+00:00, run_after=2025-10-17 01:30:00+00:00
[2025-10-17T03:24:11.692+0200] {processor.py:183} INFO - Processing /opt/airflow/dags/etl_api_to_bi.py took 0.437 seconds
[2025-10-17T03:24:42.187+0200] {processor.py:161} INFO - Started process (PID=303) to work on /opt/airflow/dags/etl_api_to_bi.py
[2025-10-17T03:24:42.196+0200] {processor.py:830} INFO - Processing file /opt/airflow/dags/etl_api_to_bi.py for tasks to queue
[2025-10-17T03:24:42.211+0200] {logging_mixin.py:188} INFO - [2025-10-17T03:24:42.205+0200] {dagbag.py:545} INFO - Filling up the DagBag from /opt/airflow/dags/etl_api_to_bi.py
[2025-10-17T03:24:42.424+0200] {processor.py:840} INFO - DAG(s) 'etl_api_to_bi' retrieved from /opt/airflow/dags/etl_api_to_bi.py
[2025-10-17T03:24:42.603+0200] {logging_mixin.py:188} INFO - [2025-10-17T03:24:42.603+0200] {dag.py:3089} INFO - Sync 1 DAGs
[2025-10-17T03:24:42.736+0200] {logging_mixin.py:188} INFO - [2025-10-17T03:24:42.736+0200] {dag.py:3947} INFO - Setting next_dagrun for etl_api_to_bi to 2025-10-17 01:15:00+00:00, run_after=2025-10-17 01:30:00+00:00
[2025-10-17T03:24:42.860+0200] {processor.py:183} INFO - Processing /opt/airflow/dags/etl_api_to_bi.py took 0.717 seconds
[2025-10-17T03:25:13.161+0200] {processor.py:161} INFO - Started process (PID=308) to work on /opt/airflow/dags/etl_api_to_bi.py
[2025-10-17T03:25:13.164+0200] {processor.py:830} INFO - Processing file /opt/airflow/dags/etl_api_to_bi.py for tasks to queue
[2025-10-17T03:25:13.168+0200] {logging_mixin.py:188} INFO - [2025-10-17T03:25:13.167+0200] {dagbag.py:545} INFO - Filling up the DagBag from /opt/airflow/dags/etl_api_to_bi.py
[2025-10-17T03:25:13.240+0200] {processor.py:840} INFO - DAG(s) 'etl_api_to_bi' retrieved from /opt/airflow/dags/etl_api_to_bi.py
[2025-10-17T03:25:13.339+0200] {logging_mixin.py:188} INFO - [2025-10-17T03:25:13.339+0200] {dag.py:3089} INFO - Sync 1 DAGs
[2025-10-17T03:25:13.410+0200] {logging_mixin.py:188} INFO - [2025-10-17T03:25:13.409+0200] {dag.py:3947} INFO - Setting next_dagrun for etl_api_to_bi to 2025-10-17 01:15:00+00:00, run_after=2025-10-17 01:30:00+00:00
[2025-10-17T03:25:13.486+0200] {processor.py:183} INFO - Processing /opt/airflow/dags/etl_api_to_bi.py took 0.340 seconds
[2025-10-17T03:25:43.823+0200] {processor.py:161} INFO - Started process (PID=313) to work on /opt/airflow/dags/etl_api_to_bi.py
[2025-10-17T03:25:43.825+0200] {processor.py:830} INFO - Processing file /opt/airflow/dags/etl_api_to_bi.py for tasks to queue
[2025-10-17T03:25:43.829+0200] {logging_mixin.py:188} INFO - [2025-10-17T03:25:43.828+0200] {dagbag.py:545} INFO - Filling up the DagBag from /opt/airflow/dags/etl_api_to_bi.py
[2025-10-17T03:25:43.874+0200] {processor.py:840} INFO - DAG(s) 'etl_api_to_bi' retrieved from /opt/airflow/dags/etl_api_to_bi.py
[2025-10-17T03:25:43.955+0200] {logging_mixin.py:188} INFO - [2025-10-17T03:25:43.955+0200] {dag.py:3089} INFO - Sync 1 DAGs
[2025-10-17T03:25:43.994+0200] {logging_mixin.py:188} INFO - [2025-10-17T03:25:43.994+0200] {dag.py:3947} INFO - Setting next_dagrun for etl_api_to_bi to 2025-10-17 01:15:00+00:00, run_after=2025-10-17 01:30:00+00:00
[2025-10-17T03:25:44.031+0200] {processor.py:183} INFO - Processing /opt/airflow/dags/etl_api_to_bi.py took 0.222 seconds
[2025-10-17T03:26:14.208+0200] {processor.py:161} INFO - Started process (PID=318) to work on /opt/airflow/dags/etl_api_to_bi.py
[2025-10-17T03:26:14.211+0200] {processor.py:830} INFO - Processing file /opt/airflow/dags/etl_api_to_bi.py for tasks to queue
[2025-10-17T03:26:14.218+0200] {logging_mixin.py:188} INFO - [2025-10-17T03:26:14.217+0200] {dagbag.py:545} INFO - Filling up the DagBag from /opt/airflow/dags/etl_api_to_bi.py
[2025-10-17T03:26:14.262+0200] {processor.py:840} INFO - DAG(s) 'etl_api_to_bi' retrieved from /opt/airflow/dags/etl_api_to_bi.py
[2025-10-17T03:26:14.324+0200] {logging_mixin.py:188} INFO - [2025-10-17T03:26:14.324+0200] {dag.py:3089} INFO - Sync 1 DAGs
[2025-10-17T03:26:14.382+0200] {logging_mixin.py:188} INFO - [2025-10-17T03:26:14.382+0200] {dag.py:3947} INFO - Setting next_dagrun for etl_api_to_bi to 2025-10-17 01:15:00+00:00, run_after=2025-10-17 01:30:00+00:00
[2025-10-17T03:26:14.418+0200] {processor.py:183} INFO - Processing /opt/airflow/dags/etl_api_to_bi.py took 0.225 seconds
[2025-10-17T03:26:44.844+0200] {processor.py:161} INFO - Started process (PID=323) to work on /opt/airflow/dags/etl_api_to_bi.py
[2025-10-17T03:26:44.849+0200] {processor.py:830} INFO - Processing file /opt/airflow/dags/etl_api_to_bi.py for tasks to queue
[2025-10-17T03:26:44.854+0200] {logging_mixin.py:188} INFO - [2025-10-17T03:26:44.853+0200] {dagbag.py:545} INFO - Filling up the DagBag from /opt/airflow/dags/etl_api_to_bi.py
[2025-10-17T03:26:44.942+0200] {processor.py:840} INFO - DAG(s) 'etl_api_to_bi' retrieved from /opt/airflow/dags/etl_api_to_bi.py
[2025-10-17T03:26:45.176+0200] {logging_mixin.py:188} INFO - [2025-10-17T03:26:45.172+0200] {dag.py:3089} INFO - Sync 1 DAGs
[2025-10-17T03:26:45.342+0200] {logging_mixin.py:188} INFO - [2025-10-17T03:26:45.341+0200] {dag.py:3947} INFO - Setting next_dagrun for etl_api_to_bi to 2025-10-17 01:15:00+00:00, run_after=2025-10-17 01:30:00+00:00
[2025-10-17T03:26:45.544+0200] {processor.py:183} INFO - Processing /opt/airflow/dags/etl_api_to_bi.py took 0.739 seconds
[2025-10-17T03:27:15.755+0200] {processor.py:161} INFO - Started process (PID=328) to work on /opt/airflow/dags/etl_api_to_bi.py
[2025-10-17T03:27:15.757+0200] {processor.py:830} INFO - Processing file /opt/airflow/dags/etl_api_to_bi.py for tasks to queue
[2025-10-17T03:27:15.760+0200] {logging_mixin.py:188} INFO - [2025-10-17T03:27:15.760+0200] {dagbag.py:545} INFO - Filling up the DagBag from /opt/airflow/dags/etl_api_to_bi.py
[2025-10-17T03:27:15.803+0200] {processor.py:840} INFO - DAG(s) 'etl_api_to_bi' retrieved from /opt/airflow/dags/etl_api_to_bi.py
[2025-10-17T03:27:15.862+0200] {logging_mixin.py:188} INFO - [2025-10-17T03:27:15.862+0200] {dag.py:3089} INFO - Sync 1 DAGs
[2025-10-17T03:27:15.906+0200] {logging_mixin.py:188} INFO - [2025-10-17T03:27:15.906+0200] {dag.py:3947} INFO - Setting next_dagrun for etl_api_to_bi to 2025-10-17 01:15:00+00:00, run_after=2025-10-17 01:30:00+00:00
[2025-10-17T03:27:15.941+0200] {processor.py:183} INFO - Processing /opt/airflow/dags/etl_api_to_bi.py took 0.195 seconds
[2025-10-17T03:27:46.287+0200] {processor.py:161} INFO - Started process (PID=333) to work on /opt/airflow/dags/etl_api_to_bi.py
[2025-10-17T03:27:46.289+0200] {processor.py:830} INFO - Processing file /opt/airflow/dags/etl_api_to_bi.py for tasks to queue
[2025-10-17T03:27:46.294+0200] {logging_mixin.py:188} INFO - [2025-10-17T03:27:46.293+0200] {dagbag.py:545} INFO - Filling up the DagBag from /opt/airflow/dags/etl_api_to_bi.py
[2025-10-17T03:27:46.346+0200] {processor.py:840} INFO - DAG(s) 'etl_api_to_bi' retrieved from /opt/airflow/dags/etl_api_to_bi.py
[2025-10-17T03:27:46.410+0200] {logging_mixin.py:188} INFO - [2025-10-17T03:27:46.410+0200] {dag.py:3089} INFO - Sync 1 DAGs
[2025-10-17T03:27:46.447+0200] {logging_mixin.py:188} INFO - [2025-10-17T03:27:46.446+0200] {dag.py:3947} INFO - Setting next_dagrun for etl_api_to_bi to 2025-10-17 01:15:00+00:00, run_after=2025-10-17 01:30:00+00:00
[2025-10-17T03:27:46.485+0200] {processor.py:183} INFO - Processing /opt/airflow/dags/etl_api_to_bi.py took 0.216 seconds
[2025-10-17T03:28:17.363+0200] {processor.py:161} INFO - Started process (PID=338) to work on /opt/airflow/dags/etl_api_to_bi.py
[2025-10-17T03:28:17.365+0200] {processor.py:830} INFO - Processing file /opt/airflow/dags/etl_api_to_bi.py for tasks to queue
[2025-10-17T03:28:17.370+0200] {logging_mixin.py:188} INFO - [2025-10-17T03:28:17.369+0200] {dagbag.py:545} INFO - Filling up the DagBag from /opt/airflow/dags/etl_api_to_bi.py
[2025-10-17T03:28:17.409+0200] {processor.py:840} INFO - DAG(s) 'etl_api_to_bi' retrieved from /opt/airflow/dags/etl_api_to_bi.py
[2025-10-17T03:28:17.462+0200] {logging_mixin.py:188} INFO - [2025-10-17T03:28:17.462+0200] {dag.py:3089} INFO - Sync 1 DAGs
[2025-10-17T03:28:17.491+0200] {logging_mixin.py:188} INFO - [2025-10-17T03:28:17.491+0200] {dag.py:3947} INFO - Setting next_dagrun for etl_api_to_bi to 2025-10-17 01:15:00+00:00, run_after=2025-10-17 01:30:00+00:00
[2025-10-17T03:28:17.520+0200] {processor.py:183} INFO - Processing /opt/airflow/dags/etl_api_to_bi.py took 0.171 seconds
[2025-10-17T03:28:47.657+0200] {processor.py:161} INFO - Started process (PID=343) to work on /opt/airflow/dags/etl_api_to_bi.py
[2025-10-17T03:28:47.659+0200] {processor.py:830} INFO - Processing file /opt/airflow/dags/etl_api_to_bi.py for tasks to queue
[2025-10-17T03:28:47.664+0200] {logging_mixin.py:188} INFO - [2025-10-17T03:28:47.663+0200] {dagbag.py:545} INFO - Filling up the DagBag from /opt/airflow/dags/etl_api_to_bi.py
[2025-10-17T03:28:47.701+0200] {processor.py:840} INFO - DAG(s) 'etl_api_to_bi' retrieved from /opt/airflow/dags/etl_api_to_bi.py
[2025-10-17T03:28:47.742+0200] {logging_mixin.py:188} INFO - [2025-10-17T03:28:47.741+0200] {dag.py:3089} INFO - Sync 1 DAGs
[2025-10-17T03:28:47.772+0200] {logging_mixin.py:188} INFO - [2025-10-17T03:28:47.771+0200] {dag.py:3947} INFO - Setting next_dagrun for etl_api_to_bi to 2025-10-17 01:15:00+00:00, run_after=2025-10-17 01:30:00+00:00
[2025-10-17T03:28:47.806+0200] {processor.py:183} INFO - Processing /opt/airflow/dags/etl_api_to_bi.py took 0.159 seconds
[2025-10-17T03:29:17.946+0200] {processor.py:161} INFO - Started process (PID=348) to work on /opt/airflow/dags/etl_api_to_bi.py
[2025-10-17T03:29:17.948+0200] {processor.py:830} INFO - Processing file /opt/airflow/dags/etl_api_to_bi.py for tasks to queue
[2025-10-17T03:29:17.952+0200] {logging_mixin.py:188} INFO - [2025-10-17T03:29:17.951+0200] {dagbag.py:545} INFO - Filling up the DagBag from /opt/airflow/dags/etl_api_to_bi.py
[2025-10-17T03:29:18.005+0200] {processor.py:840} INFO - DAG(s) 'etl_api_to_bi' retrieved from /opt/airflow/dags/etl_api_to_bi.py
[2025-10-17T03:29:18.063+0200] {logging_mixin.py:188} INFO - [2025-10-17T03:29:18.062+0200] {dag.py:3089} INFO - Sync 1 DAGs
[2025-10-17T03:29:18.100+0200] {logging_mixin.py:188} INFO - [2025-10-17T03:29:18.100+0200] {dag.py:3947} INFO - Setting next_dagrun for etl_api_to_bi to 2025-10-17 01:15:00+00:00, run_after=2025-10-17 01:30:00+00:00
[2025-10-17T03:29:18.129+0200] {processor.py:183} INFO - Processing /opt/airflow/dags/etl_api_to_bi.py took 0.193 seconds
[2025-10-17T03:29:49.073+0200] {processor.py:161} INFO - Started process (PID=353) to work on /opt/airflow/dags/etl_api_to_bi.py
[2025-10-17T03:29:49.075+0200] {processor.py:830} INFO - Processing file /opt/airflow/dags/etl_api_to_bi.py for tasks to queue
[2025-10-17T03:29:49.079+0200] {logging_mixin.py:188} INFO - [2025-10-17T03:29:49.079+0200] {dagbag.py:545} INFO - Filling up the DagBag from /opt/airflow/dags/etl_api_to_bi.py
[2025-10-17T03:29:49.116+0200] {processor.py:840} INFO - DAG(s) 'etl_api_to_bi' retrieved from /opt/airflow/dags/etl_api_to_bi.py
[2025-10-17T03:29:49.174+0200] {logging_mixin.py:188} INFO - [2025-10-17T03:29:49.173+0200] {dag.py:3089} INFO - Sync 1 DAGs
[2025-10-17T03:29:49.208+0200] {logging_mixin.py:188} INFO - [2025-10-17T03:29:49.208+0200] {dag.py:3947} INFO - Setting next_dagrun for etl_api_to_bi to 2025-10-17 01:15:00+00:00, run_after=2025-10-17 01:30:00+00:00
[2025-10-17T03:29:49.238+0200] {processor.py:183} INFO - Processing /opt/airflow/dags/etl_api_to_bi.py took 0.180 seconds
[2025-10-17T03:30:19.385+0200] {processor.py:161} INFO - Started process (PID=376) to work on /opt/airflow/dags/etl_api_to_bi.py
[2025-10-17T03:30:19.398+0200] {processor.py:830} INFO - Processing file /opt/airflow/dags/etl_api_to_bi.py for tasks to queue
[2025-10-17T03:30:19.407+0200] {logging_mixin.py:188} INFO - [2025-10-17T03:30:19.406+0200] {dagbag.py:545} INFO - Filling up the DagBag from /opt/airflow/dags/etl_api_to_bi.py
[2025-10-17T03:30:19.470+0200] {processor.py:840} INFO - DAG(s) 'etl_api_to_bi' retrieved from /opt/airflow/dags/etl_api_to_bi.py
[2025-10-17T03:30:19.585+0200] {logging_mixin.py:188} INFO - [2025-10-17T03:30:19.584+0200] {dag.py:3089} INFO - Sync 1 DAGs
[2025-10-17T03:30:19.645+0200] {logging_mixin.py:188} INFO - [2025-10-17T03:30:19.645+0200] {dag.py:3947} INFO - Setting next_dagrun for etl_api_to_bi to 2025-10-17 01:30:00+00:00, run_after=2025-10-17 01:45:00+00:00
[2025-10-17T03:30:19.689+0200] {processor.py:183} INFO - Processing /opt/airflow/dags/etl_api_to_bi.py took 0.331 seconds
[2025-10-17T03:30:50.475+0200] {processor.py:161} INFO - Started process (PID=394) to work on /opt/airflow/dags/etl_api_to_bi.py
[2025-10-17T03:30:50.477+0200] {processor.py:830} INFO - Processing file /opt/airflow/dags/etl_api_to_bi.py for tasks to queue
[2025-10-17T03:30:50.482+0200] {logging_mixin.py:188} INFO - [2025-10-17T03:30:50.481+0200] {dagbag.py:545} INFO - Filling up the DagBag from /opt/airflow/dags/etl_api_to_bi.py
[2025-10-17T03:30:50.522+0200] {processor.py:840} INFO - DAG(s) 'etl_api_to_bi' retrieved from /opt/airflow/dags/etl_api_to_bi.py
[2025-10-17T03:30:50.606+0200] {logging_mixin.py:188} INFO - [2025-10-17T03:30:50.606+0200] {dag.py:3089} INFO - Sync 1 DAGs
[2025-10-17T03:30:50.664+0200] {logging_mixin.py:188} INFO - [2025-10-17T03:30:50.663+0200] {dag.py:3947} INFO - Setting next_dagrun for etl_api_to_bi to 2025-10-17 01:30:00+00:00, run_after=2025-10-17 01:45:00+00:00
[2025-10-17T03:30:50.736+0200] {processor.py:183} INFO - Processing /opt/airflow/dags/etl_api_to_bi.py took 0.275 seconds
[2025-10-17T03:31:20.915+0200] {processor.py:161} INFO - Started process (PID=399) to work on /opt/airflow/dags/etl_api_to_bi.py
[2025-10-17T03:31:20.918+0200] {processor.py:830} INFO - Processing file /opt/airflow/dags/etl_api_to_bi.py for tasks to queue
[2025-10-17T03:31:20.923+0200] {logging_mixin.py:188} INFO - [2025-10-17T03:31:20.922+0200] {dagbag.py:545} INFO - Filling up the DagBag from /opt/airflow/dags/etl_api_to_bi.py
[2025-10-17T03:31:20.973+0200] {processor.py:840} INFO - DAG(s) 'etl_api_to_bi' retrieved from /opt/airflow/dags/etl_api_to_bi.py
[2025-10-17T03:31:21.034+0200] {logging_mixin.py:188} INFO - [2025-10-17T03:31:21.033+0200] {dag.py:3089} INFO - Sync 1 DAGs
[2025-10-17T03:31:21.071+0200] {logging_mixin.py:188} INFO - [2025-10-17T03:31:21.071+0200] {dag.py:3947} INFO - Setting next_dagrun for etl_api_to_bi to 2025-10-17 01:30:00+00:00, run_after=2025-10-17 01:45:00+00:00
[2025-10-17T03:31:21.102+0200] {processor.py:183} INFO - Processing /opt/airflow/dags/etl_api_to_bi.py took 0.203 seconds
[2025-10-17T03:31:51.249+0200] {processor.py:161} INFO - Started process (PID=404) to work on /opt/airflow/dags/etl_api_to_bi.py
[2025-10-17T03:31:51.251+0200] {processor.py:830} INFO - Processing file /opt/airflow/dags/etl_api_to_bi.py for tasks to queue
[2025-10-17T03:31:51.255+0200] {logging_mixin.py:188} INFO - [2025-10-17T03:31:51.254+0200] {dagbag.py:545} INFO - Filling up the DagBag from /opt/airflow/dags/etl_api_to_bi.py
[2025-10-17T03:31:51.302+0200] {processor.py:840} INFO - DAG(s) 'etl_api_to_bi' retrieved from /opt/airflow/dags/etl_api_to_bi.py
[2025-10-17T03:31:51.375+0200] {logging_mixin.py:188} INFO - [2025-10-17T03:31:51.374+0200] {dag.py:3089} INFO - Sync 1 DAGs
[2025-10-17T03:31:51.426+0200] {logging_mixin.py:188} INFO - [2025-10-17T03:31:51.425+0200] {dag.py:3947} INFO - Setting next_dagrun for etl_api_to_bi to 2025-10-17 01:30:00+00:00, run_after=2025-10-17 01:45:00+00:00
[2025-10-17T03:31:51.473+0200] {processor.py:183} INFO - Processing /opt/airflow/dags/etl_api_to_bi.py took 0.237 seconds
[2025-10-17T03:32:22.289+0200] {processor.py:161} INFO - Started process (PID=409) to work on /opt/airflow/dags/etl_api_to_bi.py
[2025-10-17T03:32:22.291+0200] {processor.py:830} INFO - Processing file /opt/airflow/dags/etl_api_to_bi.py for tasks to queue
[2025-10-17T03:32:22.295+0200] {logging_mixin.py:188} INFO - [2025-10-17T03:32:22.294+0200] {dagbag.py:545} INFO - Filling up the DagBag from /opt/airflow/dags/etl_api_to_bi.py
[2025-10-17T03:32:22.342+0200] {processor.py:840} INFO - DAG(s) 'etl_api_to_bi' retrieved from /opt/airflow/dags/etl_api_to_bi.py
[2025-10-17T03:32:22.398+0200] {logging_mixin.py:188} INFO - [2025-10-17T03:32:22.398+0200] {dag.py:3089} INFO - Sync 1 DAGs
[2025-10-17T03:32:22.431+0200] {logging_mixin.py:188} INFO - [2025-10-17T03:32:22.431+0200] {dag.py:3947} INFO - Setting next_dagrun for etl_api_to_bi to 2025-10-17 01:30:00+00:00, run_after=2025-10-17 01:45:00+00:00
[2025-10-17T03:32:22.458+0200] {processor.py:183} INFO - Processing /opt/airflow/dags/etl_api_to_bi.py took 0.182 seconds
[2025-10-17T03:32:52.787+0200] {processor.py:161} INFO - Started process (PID=414) to work on /opt/airflow/dags/etl_api_to_bi.py
[2025-10-17T03:32:52.788+0200] {processor.py:830} INFO - Processing file /opt/airflow/dags/etl_api_to_bi.py for tasks to queue
[2025-10-17T03:32:52.792+0200] {logging_mixin.py:188} INFO - [2025-10-17T03:32:52.791+0200] {dagbag.py:545} INFO - Filling up the DagBag from /opt/airflow/dags/etl_api_to_bi.py
[2025-10-17T03:32:52.837+0200] {processor.py:840} INFO - DAG(s) 'etl_api_to_bi' retrieved from /opt/airflow/dags/etl_api_to_bi.py
[2025-10-17T03:32:52.895+0200] {logging_mixin.py:188} INFO - [2025-10-17T03:32:52.894+0200] {dag.py:3089} INFO - Sync 1 DAGs
[2025-10-17T03:32:52.931+0200] {logging_mixin.py:188} INFO - [2025-10-17T03:32:52.931+0200] {dag.py:3947} INFO - Setting next_dagrun for etl_api_to_bi to 2025-10-17 01:30:00+00:00, run_after=2025-10-17 01:45:00+00:00
[2025-10-17T03:32:52.962+0200] {processor.py:183} INFO - Processing /opt/airflow/dags/etl_api_to_bi.py took 0.186 seconds
[2025-10-17T03:33:23.743+0200] {processor.py:161} INFO - Started process (PID=419) to work on /opt/airflow/dags/etl_api_to_bi.py
[2025-10-17T03:33:23.744+0200] {processor.py:830} INFO - Processing file /opt/airflow/dags/etl_api_to_bi.py for tasks to queue
[2025-10-17T03:33:23.747+0200] {logging_mixin.py:188} INFO - [2025-10-17T03:33:23.747+0200] {dagbag.py:545} INFO - Filling up the DagBag from /opt/airflow/dags/etl_api_to_bi.py
[2025-10-17T03:33:23.785+0200] {processor.py:840} INFO - DAG(s) 'etl_api_to_bi' retrieved from /opt/airflow/dags/etl_api_to_bi.py
[2025-10-17T03:33:23.837+0200] {logging_mixin.py:188} INFO - [2025-10-17T03:33:23.837+0200] {dag.py:3089} INFO - Sync 1 DAGs
[2025-10-17T03:33:23.871+0200] {logging_mixin.py:188} INFO - [2025-10-17T03:33:23.871+0200] {dag.py:3947} INFO - Setting next_dagrun for etl_api_to_bi to 2025-10-17 01:30:00+00:00, run_after=2025-10-17 01:45:00+00:00
[2025-10-17T03:33:23.902+0200] {processor.py:183} INFO - Processing /opt/airflow/dags/etl_api_to_bi.py took 0.168 seconds
[2025-10-17T03:33:54.118+0200] {processor.py:161} INFO - Started process (PID=424) to work on /opt/airflow/dags/etl_api_to_bi.py
[2025-10-17T03:33:54.120+0200] {processor.py:830} INFO - Processing file /opt/airflow/dags/etl_api_to_bi.py for tasks to queue
[2025-10-17T03:33:54.122+0200] {logging_mixin.py:188} INFO - [2025-10-17T03:33:54.122+0200] {dagbag.py:545} INFO - Filling up the DagBag from /opt/airflow/dags/etl_api_to_bi.py
[2025-10-17T03:33:54.175+0200] {processor.py:840} INFO - DAG(s) 'etl_api_to_bi' retrieved from /opt/airflow/dags/etl_api_to_bi.py
[2025-10-17T03:33:54.234+0200] {logging_mixin.py:188} INFO - [2025-10-17T03:33:54.234+0200] {dag.py:3089} INFO - Sync 1 DAGs
[2025-10-17T03:33:54.277+0200] {logging_mixin.py:188} INFO - [2025-10-17T03:33:54.277+0200] {dag.py:3947} INFO - Setting next_dagrun for etl_api_to_bi to 2025-10-17 01:30:00+00:00, run_after=2025-10-17 01:45:00+00:00
[2025-10-17T03:33:54.307+0200] {processor.py:183} INFO - Processing /opt/airflow/dags/etl_api_to_bi.py took 0.199 seconds
[2025-10-17T03:34:24.578+0200] {processor.py:161} INFO - Started process (PID=429) to work on /opt/airflow/dags/etl_api_to_bi.py
[2025-10-17T03:34:24.585+0200] {processor.py:830} INFO - Processing file /opt/airflow/dags/etl_api_to_bi.py for tasks to queue
[2025-10-17T03:34:24.601+0200] {logging_mixin.py:188} INFO - [2025-10-17T03:34:24.599+0200] {dagbag.py:545} INFO - Filling up the DagBag from /opt/airflow/dags/etl_api_to_bi.py
[2025-10-17T03:34:24.760+0200] {processor.py:840} INFO - DAG(s) 'etl_api_to_bi' retrieved from /opt/airflow/dags/etl_api_to_bi.py
[2025-10-17T03:34:25.033+0200] {logging_mixin.py:188} INFO - [2025-10-17T03:34:25.032+0200] {dag.py:3089} INFO - Sync 1 DAGs
[2025-10-17T03:34:25.261+0200] {logging_mixin.py:188} INFO - [2025-10-17T03:34:25.260+0200] {dag.py:3947} INFO - Setting next_dagrun for etl_api_to_bi to 2025-10-17 01:30:00+00:00, run_after=2025-10-17 01:45:00+00:00
[2025-10-17T03:34:25.473+0200] {processor.py:183} INFO - Processing /opt/airflow/dags/etl_api_to_bi.py took 0.942 seconds
[2025-10-17T03:34:55.720+0200] {processor.py:161} INFO - Started process (PID=434) to work on /opt/airflow/dags/etl_api_to_bi.py
[2025-10-17T03:34:55.729+0200] {processor.py:830} INFO - Processing file /opt/airflow/dags/etl_api_to_bi.py for tasks to queue
[2025-10-17T03:34:55.734+0200] {logging_mixin.py:188} INFO - [2025-10-17T03:34:55.733+0200] {dagbag.py:545} INFO - Filling up the DagBag from /opt/airflow/dags/etl_api_to_bi.py
[2025-10-17T03:34:55.823+0200] {processor.py:840} INFO - DAG(s) 'etl_api_to_bi' retrieved from /opt/airflow/dags/etl_api_to_bi.py
[2025-10-17T03:34:55.894+0200] {logging_mixin.py:188} INFO - [2025-10-17T03:34:55.894+0200] {dag.py:3089} INFO - Sync 1 DAGs
[2025-10-17T03:34:55.934+0200] {logging_mixin.py:188} INFO - [2025-10-17T03:34:55.933+0200] {dag.py:3947} INFO - Setting next_dagrun for etl_api_to_bi to 2025-10-17 01:30:00+00:00, run_after=2025-10-17 01:45:00+00:00
[2025-10-17T03:34:55.966+0200] {processor.py:183} INFO - Processing /opt/airflow/dags/etl_api_to_bi.py took 0.274 seconds
[2025-10-17T03:35:26.127+0200] {processor.py:161} INFO - Started process (PID=439) to work on /opt/airflow/dags/etl_api_to_bi.py
[2025-10-17T03:35:26.131+0200] {processor.py:830} INFO - Processing file /opt/airflow/dags/etl_api_to_bi.py for tasks to queue
[2025-10-17T03:35:26.138+0200] {logging_mixin.py:188} INFO - [2025-10-17T03:35:26.136+0200] {dagbag.py:545} INFO - Filling up the DagBag from /opt/airflow/dags/etl_api_to_bi.py
[2025-10-17T03:35:26.196+0200] {processor.py:840} INFO - DAG(s) 'etl_api_to_bi' retrieved from /opt/airflow/dags/etl_api_to_bi.py
[2025-10-17T03:35:26.257+0200] {logging_mixin.py:188} INFO - [2025-10-17T03:35:26.257+0200] {dag.py:3089} INFO - Sync 1 DAGs
[2025-10-17T03:35:26.292+0200] {logging_mixin.py:188} INFO - [2025-10-17T03:35:26.292+0200] {dag.py:3947} INFO - Setting next_dagrun for etl_api_to_bi to 2025-10-17 01:30:00+00:00, run_after=2025-10-17 01:45:00+00:00
[2025-10-17T03:35:26.325+0200] {processor.py:183} INFO - Processing /opt/airflow/dags/etl_api_to_bi.py took 0.216 seconds
[2025-10-17T03:35:57.134+0200] {processor.py:161} INFO - Started process (PID=444) to work on /opt/airflow/dags/etl_api_to_bi.py
[2025-10-17T03:35:57.136+0200] {processor.py:830} INFO - Processing file /opt/airflow/dags/etl_api_to_bi.py for tasks to queue
[2025-10-17T03:35:57.140+0200] {logging_mixin.py:188} INFO - [2025-10-17T03:35:57.140+0200] {dagbag.py:545} INFO - Filling up the DagBag from /opt/airflow/dags/etl_api_to_bi.py
[2025-10-17T03:35:57.182+0200] {processor.py:840} INFO - DAG(s) 'etl_api_to_bi' retrieved from /opt/airflow/dags/etl_api_to_bi.py
[2025-10-17T03:35:57.239+0200] {logging_mixin.py:188} INFO - [2025-10-17T03:35:57.239+0200] {dag.py:3089} INFO - Sync 1 DAGs
[2025-10-17T03:35:57.276+0200] {logging_mixin.py:188} INFO - [2025-10-17T03:35:57.275+0200] {dag.py:3947} INFO - Setting next_dagrun for etl_api_to_bi to 2025-10-17 01:30:00+00:00, run_after=2025-10-17 01:45:00+00:00
[2025-10-17T03:35:57.316+0200] {processor.py:183} INFO - Processing /opt/airflow/dags/etl_api_to_bi.py took 0.193 seconds
[2025-10-17T03:36:27.450+0200] {processor.py:161} INFO - Started process (PID=449) to work on /opt/airflow/dags/etl_api_to_bi.py
[2025-10-17T03:36:27.453+0200] {processor.py:830} INFO - Processing file /opt/airflow/dags/etl_api_to_bi.py for tasks to queue
[2025-10-17T03:36:27.459+0200] {logging_mixin.py:188} INFO - [2025-10-17T03:36:27.457+0200] {dagbag.py:545} INFO - Filling up the DagBag from /opt/airflow/dags/etl_api_to_bi.py
[2025-10-17T03:36:27.504+0200] {processor.py:840} INFO - DAG(s) 'etl_api_to_bi' retrieved from /opt/airflow/dags/etl_api_to_bi.py
[2025-10-17T03:36:27.574+0200] {logging_mixin.py:188} INFO - [2025-10-17T03:36:27.573+0200] {dag.py:3089} INFO - Sync 1 DAGs
[2025-10-17T03:36:27.625+0200] {logging_mixin.py:188} INFO - [2025-10-17T03:36:27.625+0200] {dag.py:3947} INFO - Setting next_dagrun for etl_api_to_bi to 2025-10-17 01:30:00+00:00, run_after=2025-10-17 01:45:00+00:00
[2025-10-17T03:36:27.675+0200] {processor.py:183} INFO - Processing /opt/airflow/dags/etl_api_to_bi.py took 0.239 seconds
[2025-10-17T03:36:58.572+0200] {processor.py:161} INFO - Started process (PID=454) to work on /opt/airflow/dags/etl_api_to_bi.py
[2025-10-17T03:36:58.574+0200] {processor.py:830} INFO - Processing file /opt/airflow/dags/etl_api_to_bi.py for tasks to queue
[2025-10-17T03:36:58.579+0200] {logging_mixin.py:188} INFO - [2025-10-17T03:36:58.578+0200] {dagbag.py:545} INFO - Filling up the DagBag from /opt/airflow/dags/etl_api_to_bi.py
[2025-10-17T03:36:58.620+0200] {processor.py:840} INFO - DAG(s) 'etl_api_to_bi' retrieved from /opt/airflow/dags/etl_api_to_bi.py
[2025-10-17T03:36:58.706+0200] {logging_mixin.py:188} INFO - [2025-10-17T03:36:58.705+0200] {dag.py:3089} INFO - Sync 1 DAGs
[2025-10-17T03:36:58.757+0200] {logging_mixin.py:188} INFO - [2025-10-17T03:36:58.756+0200] {dag.py:3947} INFO - Setting next_dagrun for etl_api_to_bi to 2025-10-17 01:30:00+00:00, run_after=2025-10-17 01:45:00+00:00
[2025-10-17T03:36:58.791+0200] {processor.py:183} INFO - Processing /opt/airflow/dags/etl_api_to_bi.py took 0.231 seconds
[2025-10-17T03:37:28.899+0200] {processor.py:161} INFO - Started process (PID=459) to work on /opt/airflow/dags/etl_api_to_bi.py
[2025-10-17T03:37:28.901+0200] {processor.py:830} INFO - Processing file /opt/airflow/dags/etl_api_to_bi.py for tasks to queue
[2025-10-17T03:37:28.903+0200] {logging_mixin.py:188} INFO - [2025-10-17T03:37:28.903+0200] {dagbag.py:545} INFO - Filling up the DagBag from /opt/airflow/dags/etl_api_to_bi.py
[2025-10-17T03:37:28.952+0200] {processor.py:840} INFO - DAG(s) 'etl_api_to_bi' retrieved from /opt/airflow/dags/etl_api_to_bi.py
[2025-10-17T03:37:29.015+0200] {logging_mixin.py:188} INFO - [2025-10-17T03:37:29.014+0200] {dag.py:3089} INFO - Sync 1 DAGs
[2025-10-17T03:37:29.051+0200] {logging_mixin.py:188} INFO - [2025-10-17T03:37:29.051+0200] {dag.py:3947} INFO - Setting next_dagrun for etl_api_to_bi to 2025-10-17 01:30:00+00:00, run_after=2025-10-17 01:45:00+00:00
[2025-10-17T03:37:29.080+0200] {processor.py:183} INFO - Processing /opt/airflow/dags/etl_api_to_bi.py took 0.188 seconds
[2025-10-17T03:37:59.653+0200] {processor.py:161} INFO - Started process (PID=464) to work on /opt/airflow/dags/etl_api_to_bi.py
[2025-10-17T03:37:59.655+0200] {processor.py:830} INFO - Processing file /opt/airflow/dags/etl_api_to_bi.py for tasks to queue
[2025-10-17T03:37:59.660+0200] {logging_mixin.py:188} INFO - [2025-10-17T03:37:59.660+0200] {dagbag.py:545} INFO - Filling up the DagBag from /opt/airflow/dags/etl_api_to_bi.py
[2025-10-17T03:37:59.726+0200] {processor.py:840} INFO - DAG(s) 'etl_api_to_bi' retrieved from /opt/airflow/dags/etl_api_to_bi.py
[2025-10-17T03:37:59.807+0200] {logging_mixin.py:188} INFO - [2025-10-17T03:37:59.807+0200] {dag.py:3089} INFO - Sync 1 DAGs
[2025-10-17T03:37:59.853+0200] {logging_mixin.py:188} INFO - [2025-10-17T03:37:59.853+0200] {dag.py:3947} INFO - Setting next_dagrun for etl_api_to_bi to 2025-10-17 01:30:00+00:00, run_after=2025-10-17 01:45:00+00:00
[2025-10-17T03:37:59.883+0200] {processor.py:183} INFO - Processing /opt/airflow/dags/etl_api_to_bi.py took 0.249 seconds
[2025-10-17T03:38:29.986+0200] {processor.py:161} INFO - Started process (PID=469) to work on /opt/airflow/dags/etl_api_to_bi.py
[2025-10-17T03:38:29.989+0200] {processor.py:830} INFO - Processing file /opt/airflow/dags/etl_api_to_bi.py for tasks to queue
[2025-10-17T03:38:29.994+0200] {logging_mixin.py:188} INFO - [2025-10-17T03:38:29.994+0200] {dagbag.py:545} INFO - Filling up the DagBag from /opt/airflow/dags/etl_api_to_bi.py
[2025-10-17T03:38:30.048+0200] {processor.py:840} INFO - DAG(s) 'etl_api_to_bi' retrieved from /opt/airflow/dags/etl_api_to_bi.py
[2025-10-17T03:38:30.147+0200] {logging_mixin.py:188} INFO - [2025-10-17T03:38:30.146+0200] {dag.py:3089} INFO - Sync 1 DAGs
[2025-10-17T03:38:30.204+0200] {logging_mixin.py:188} INFO - [2025-10-17T03:38:30.203+0200] {dag.py:3947} INFO - Setting next_dagrun for etl_api_to_bi to 2025-10-17 01:30:00+00:00, run_after=2025-10-17 01:45:00+00:00
[2025-10-17T03:38:30.237+0200] {processor.py:183} INFO - Processing /opt/airflow/dags/etl_api_to_bi.py took 0.270 seconds
[2025-10-17T03:39:01.108+0200] {processor.py:161} INFO - Started process (PID=474) to work on /opt/airflow/dags/etl_api_to_bi.py
[2025-10-17T03:39:01.111+0200] {processor.py:830} INFO - Processing file /opt/airflow/dags/etl_api_to_bi.py for tasks to queue
[2025-10-17T03:39:01.115+0200] {logging_mixin.py:188} INFO - [2025-10-17T03:39:01.114+0200] {dagbag.py:545} INFO - Filling up the DagBag from /opt/airflow/dags/etl_api_to_bi.py
[2025-10-17T03:39:01.165+0200] {processor.py:840} INFO - DAG(s) 'etl_api_to_bi' retrieved from /opt/airflow/dags/etl_api_to_bi.py
[2025-10-17T03:39:01.221+0200] {logging_mixin.py:188} INFO - [2025-10-17T03:39:01.221+0200] {dag.py:3089} INFO - Sync 1 DAGs
[2025-10-17T03:39:01.246+0200] {logging_mixin.py:188} INFO - [2025-10-17T03:39:01.246+0200] {dag.py:3947} INFO - Setting next_dagrun for etl_api_to_bi to 2025-10-17 01:30:00+00:00, run_after=2025-10-17 01:45:00+00:00
[2025-10-17T03:39:01.276+0200] {processor.py:183} INFO - Processing /opt/airflow/dags/etl_api_to_bi.py took 0.187 seconds
[2025-10-17T03:39:32.299+0200] {processor.py:161} INFO - Started process (PID=479) to work on /opt/airflow/dags/etl_api_to_bi.py
[2025-10-17T03:39:32.302+0200] {processor.py:830} INFO - Processing file /opt/airflow/dags/etl_api_to_bi.py for tasks to queue
[2025-10-17T03:39:32.307+0200] {logging_mixin.py:188} INFO - [2025-10-17T03:39:32.306+0200] {dagbag.py:545} INFO - Filling up the DagBag from /opt/airflow/dags/etl_api_to_bi.py
[2025-10-17T03:39:32.374+0200] {processor.py:840} INFO - DAG(s) 'etl_api_to_bi' retrieved from /opt/airflow/dags/etl_api_to_bi.py
[2025-10-17T03:39:32.458+0200] {logging_mixin.py:188} INFO - [2025-10-17T03:39:32.458+0200] {dag.py:3089} INFO - Sync 1 DAGs
[2025-10-17T03:39:32.494+0200] {logging_mixin.py:188} INFO - [2025-10-17T03:39:32.494+0200] {dag.py:3947} INFO - Setting next_dagrun for etl_api_to_bi to 2025-10-17 01:30:00+00:00, run_after=2025-10-17 01:45:00+00:00
[2025-10-17T03:39:32.525+0200] {processor.py:183} INFO - Processing /opt/airflow/dags/etl_api_to_bi.py took 0.246 seconds
[2025-10-17T03:40:03.353+0200] {processor.py:161} INFO - Started process (PID=484) to work on /opt/airflow/dags/etl_api_to_bi.py
[2025-10-17T03:40:03.355+0200] {processor.py:830} INFO - Processing file /opt/airflow/dags/etl_api_to_bi.py for tasks to queue
[2025-10-17T03:40:03.359+0200] {logging_mixin.py:188} INFO - [2025-10-17T03:40:03.358+0200] {dagbag.py:545} INFO - Filling up the DagBag from /opt/airflow/dags/etl_api_to_bi.py
[2025-10-17T03:40:03.403+0200] {processor.py:840} INFO - DAG(s) 'etl_api_to_bi' retrieved from /opt/airflow/dags/etl_api_to_bi.py
[2025-10-17T03:40:03.454+0200] {logging_mixin.py:188} INFO - [2025-10-17T03:40:03.454+0200] {dag.py:3089} INFO - Sync 1 DAGs
[2025-10-17T03:40:03.494+0200] {logging_mixin.py:188} INFO - [2025-10-17T03:40:03.494+0200] {dag.py:3947} INFO - Setting next_dagrun for etl_api_to_bi to 2025-10-17 01:30:00+00:00, run_after=2025-10-17 01:45:00+00:00
[2025-10-17T03:40:03.525+0200] {processor.py:183} INFO - Processing /opt/airflow/dags/etl_api_to_bi.py took 0.182 seconds
[2025-10-17T03:40:33.647+0200] {processor.py:161} INFO - Started process (PID=489) to work on /opt/airflow/dags/etl_api_to_bi.py
[2025-10-17T03:40:33.650+0200] {processor.py:830} INFO - Processing file /opt/airflow/dags/etl_api_to_bi.py for tasks to queue
[2025-10-17T03:40:33.654+0200] {logging_mixin.py:188} INFO - [2025-10-17T03:40:33.653+0200] {dagbag.py:545} INFO - Filling up the DagBag from /opt/airflow/dags/etl_api_to_bi.py
[2025-10-17T03:40:33.700+0200] {processor.py:840} INFO - DAG(s) 'etl_api_to_bi' retrieved from /opt/airflow/dags/etl_api_to_bi.py
[2025-10-17T03:40:33.750+0200] {logging_mixin.py:188} INFO - [2025-10-17T03:40:33.750+0200] {dag.py:3089} INFO - Sync 1 DAGs
[2025-10-17T03:40:33.782+0200] {logging_mixin.py:188} INFO - [2025-10-17T03:40:33.781+0200] {dag.py:3947} INFO - Setting next_dagrun for etl_api_to_bi to 2025-10-17 01:30:00+00:00, run_after=2025-10-17 01:45:00+00:00
[2025-10-17T03:40:33.806+0200] {processor.py:183} INFO - Processing /opt/airflow/dags/etl_api_to_bi.py took 0.171 seconds
[2025-10-17T03:41:04.685+0200] {processor.py:161} INFO - Started process (PID=494) to work on /opt/airflow/dags/etl_api_to_bi.py
[2025-10-17T03:41:04.687+0200] {processor.py:830} INFO - Processing file /opt/airflow/dags/etl_api_to_bi.py for tasks to queue
[2025-10-17T03:41:04.692+0200] {logging_mixin.py:188} INFO - [2025-10-17T03:41:04.691+0200] {dagbag.py:545} INFO - Filling up the DagBag from /opt/airflow/dags/etl_api_to_bi.py
[2025-10-17T03:41:04.728+0200] {processor.py:840} INFO - DAG(s) 'etl_api_to_bi' retrieved from /opt/airflow/dags/etl_api_to_bi.py
[2025-10-17T03:41:04.791+0200] {logging_mixin.py:188} INFO - [2025-10-17T03:41:04.791+0200] {dag.py:3089} INFO - Sync 1 DAGs
[2025-10-17T03:41:04.825+0200] {logging_mixin.py:188} INFO - [2025-10-17T03:41:04.825+0200] {dag.py:3947} INFO - Setting next_dagrun for etl_api_to_bi to 2025-10-17 01:30:00+00:00, run_after=2025-10-17 01:45:00+00:00
[2025-10-17T03:41:04.855+0200] {processor.py:183} INFO - Processing /opt/airflow/dags/etl_api_to_bi.py took 0.182 seconds
[2025-10-17T03:41:34.942+0200] {processor.py:161} INFO - Started process (PID=499) to work on /opt/airflow/dags/etl_api_to_bi.py
[2025-10-17T03:41:34.944+0200] {processor.py:830} INFO - Processing file /opt/airflow/dags/etl_api_to_bi.py for tasks to queue
[2025-10-17T03:41:34.948+0200] {logging_mixin.py:188} INFO - [2025-10-17T03:41:34.947+0200] {dagbag.py:545} INFO - Filling up the DagBag from /opt/airflow/dags/etl_api_to_bi.py
[2025-10-17T03:41:34.990+0200] {processor.py:840} INFO - DAG(s) 'etl_api_to_bi' retrieved from /opt/airflow/dags/etl_api_to_bi.py
[2025-10-17T03:41:35.050+0200] {logging_mixin.py:188} INFO - [2025-10-17T03:41:35.050+0200] {dag.py:3089} INFO - Sync 1 DAGs
[2025-10-17T03:41:35.082+0200] {logging_mixin.py:188} INFO - [2025-10-17T03:41:35.081+0200] {dag.py:3947} INFO - Setting next_dagrun for etl_api_to_bi to 2025-10-17 01:30:00+00:00, run_after=2025-10-17 01:45:00+00:00
[2025-10-17T03:41:35.111+0200] {processor.py:183} INFO - Processing /opt/airflow/dags/etl_api_to_bi.py took 0.181 seconds
[2025-10-17T03:42:05.934+0200] {processor.py:161} INFO - Started process (PID=504) to work on /opt/airflow/dags/etl_api_to_bi.py
[2025-10-17T03:42:05.935+0200] {processor.py:830} INFO - Processing file /opt/airflow/dags/etl_api_to_bi.py for tasks to queue
[2025-10-17T03:42:05.939+0200] {logging_mixin.py:188} INFO - [2025-10-17T03:42:05.938+0200] {dagbag.py:545} INFO - Filling up the DagBag from /opt/airflow/dags/etl_api_to_bi.py
[2025-10-17T03:42:05.987+0200] {processor.py:840} INFO - DAG(s) 'etl_api_to_bi' retrieved from /opt/airflow/dags/etl_api_to_bi.py
[2025-10-17T03:42:06.046+0200] {logging_mixin.py:188} INFO - [2025-10-17T03:42:06.045+0200] {dag.py:3089} INFO - Sync 1 DAGs
[2025-10-17T03:42:06.078+0200] {logging_mixin.py:188} INFO - [2025-10-17T03:42:06.078+0200] {dag.py:3947} INFO - Setting next_dagrun for etl_api_to_bi to 2025-10-17 01:30:00+00:00, run_after=2025-10-17 01:45:00+00:00
[2025-10-17T03:42:06.106+0200] {processor.py:183} INFO - Processing /opt/airflow/dags/etl_api_to_bi.py took 0.184 seconds
[2025-10-17T03:42:37.088+0200] {processor.py:161} INFO - Started process (PID=509) to work on /opt/airflow/dags/etl_api_to_bi.py
[2025-10-17T03:42:37.090+0200] {processor.py:830} INFO - Processing file /opt/airflow/dags/etl_api_to_bi.py for tasks to queue
[2025-10-17T03:42:37.094+0200] {logging_mixin.py:188} INFO - [2025-10-17T03:42:37.093+0200] {dagbag.py:545} INFO - Filling up the DagBag from /opt/airflow/dags/etl_api_to_bi.py
[2025-10-17T03:42:37.140+0200] {processor.py:840} INFO - DAG(s) 'etl_api_to_bi' retrieved from /opt/airflow/dags/etl_api_to_bi.py
[2025-10-17T03:42:37.197+0200] {logging_mixin.py:188} INFO - [2025-10-17T03:42:37.197+0200] {dag.py:3089} INFO - Sync 1 DAGs
[2025-10-17T03:42:37.238+0200] {logging_mixin.py:188} INFO - [2025-10-17T03:42:37.237+0200] {dag.py:3947} INFO - Setting next_dagrun for etl_api_to_bi to 2025-10-17 01:30:00+00:00, run_after=2025-10-17 01:45:00+00:00
[2025-10-17T03:42:37.267+0200] {processor.py:183} INFO - Processing /opt/airflow/dags/etl_api_to_bi.py took 0.193 seconds
[2025-10-17T03:43:08.099+0200] {processor.py:161} INFO - Started process (PID=514) to work on /opt/airflow/dags/etl_api_to_bi.py
[2025-10-17T03:43:08.102+0200] {processor.py:830} INFO - Processing file /opt/airflow/dags/etl_api_to_bi.py for tasks to queue
[2025-10-17T03:43:08.106+0200] {logging_mixin.py:188} INFO - [2025-10-17T03:43:08.105+0200] {dagbag.py:545} INFO - Filling up the DagBag from /opt/airflow/dags/etl_api_to_bi.py
[2025-10-17T03:43:08.145+0200] {processor.py:840} INFO - DAG(s) 'etl_api_to_bi' retrieved from /opt/airflow/dags/etl_api_to_bi.py
[2025-10-17T03:43:08.202+0200] {logging_mixin.py:188} INFO - [2025-10-17T03:43:08.201+0200] {dag.py:3089} INFO - Sync 1 DAGs
[2025-10-17T03:43:08.239+0200] {logging_mixin.py:188} INFO - [2025-10-17T03:43:08.238+0200] {dag.py:3947} INFO - Setting next_dagrun for etl_api_to_bi to 2025-10-17 01:30:00+00:00, run_after=2025-10-17 01:45:00+00:00
[2025-10-17T03:43:08.268+0200] {processor.py:183} INFO - Processing /opt/airflow/dags/etl_api_to_bi.py took 0.185 seconds
[2025-10-17T03:43:39.199+0200] {processor.py:161} INFO - Started process (PID=519) to work on /opt/airflow/dags/etl_api_to_bi.py
[2025-10-17T03:43:39.202+0200] {processor.py:830} INFO - Processing file /opt/airflow/dags/etl_api_to_bi.py for tasks to queue
[2025-10-17T03:43:39.207+0200] {logging_mixin.py:188} INFO - [2025-10-17T03:43:39.206+0200] {dagbag.py:545} INFO - Filling up the DagBag from /opt/airflow/dags/etl_api_to_bi.py
[2025-10-17T03:43:39.252+0200] {processor.py:840} INFO - DAG(s) 'etl_api_to_bi' retrieved from /opt/airflow/dags/etl_api_to_bi.py
[2025-10-17T03:43:39.327+0200] {logging_mixin.py:188} INFO - [2025-10-17T03:43:39.327+0200] {dag.py:3089} INFO - Sync 1 DAGs
[2025-10-17T03:43:39.392+0200] {logging_mixin.py:188} INFO - [2025-10-17T03:43:39.392+0200] {dag.py:3947} INFO - Setting next_dagrun for etl_api_to_bi to 2025-10-17 01:30:00+00:00, run_after=2025-10-17 01:45:00+00:00
[2025-10-17T03:43:39.420+0200] {processor.py:183} INFO - Processing /opt/airflow/dags/etl_api_to_bi.py took 0.235 seconds
[2025-10-17T03:44:10.347+0200] {processor.py:161} INFO - Started process (PID=524) to work on /opt/airflow/dags/etl_api_to_bi.py
[2025-10-17T03:44:10.349+0200] {processor.py:830} INFO - Processing file /opt/airflow/dags/etl_api_to_bi.py for tasks to queue
[2025-10-17T03:44:10.354+0200] {logging_mixin.py:188} INFO - [2025-10-17T03:44:10.353+0200] {dagbag.py:545} INFO - Filling up the DagBag from /opt/airflow/dags/etl_api_to_bi.py
[2025-10-17T03:44:10.392+0200] {processor.py:840} INFO - DAG(s) 'etl_api_to_bi' retrieved from /opt/airflow/dags/etl_api_to_bi.py
[2025-10-17T03:44:10.451+0200] {logging_mixin.py:188} INFO - [2025-10-17T03:44:10.451+0200] {dag.py:3089} INFO - Sync 1 DAGs
[2025-10-17T03:44:10.489+0200] {logging_mixin.py:188} INFO - [2025-10-17T03:44:10.488+0200] {dag.py:3947} INFO - Setting next_dagrun for etl_api_to_bi to 2025-10-17 01:30:00+00:00, run_after=2025-10-17 01:45:00+00:00
[2025-10-17T03:44:10.514+0200] {processor.py:183} INFO - Processing /opt/airflow/dags/etl_api_to_bi.py took 0.185 seconds
[2025-10-17T03:44:41.419+0200] {processor.py:161} INFO - Started process (PID=529) to work on /opt/airflow/dags/etl_api_to_bi.py
[2025-10-17T03:44:41.422+0200] {processor.py:830} INFO - Processing file /opt/airflow/dags/etl_api_to_bi.py for tasks to queue
[2025-10-17T03:44:41.427+0200] {logging_mixin.py:188} INFO - [2025-10-17T03:44:41.426+0200] {dagbag.py:545} INFO - Filling up the DagBag from /opt/airflow/dags/etl_api_to_bi.py
[2025-10-17T03:44:40.956+0200] {processor.py:840} INFO - DAG(s) 'etl_api_to_bi' retrieved from /opt/airflow/dags/etl_api_to_bi.py
[2025-10-17T03:44:40.208+0200] {logging_mixin.py:188} INFO - [2025-10-17T03:44:40.208+0200] {dag.py:3089} INFO - Sync 1 DAGs
[2025-10-17T03:44:40.246+0200] {logging_mixin.py:188} INFO - [2025-10-17T03:44:40.246+0200] {dag.py:3947} INFO - Setting next_dagrun for etl_api_to_bi to 2025-10-17 01:30:00+00:00, run_after=2025-10-17 01:45:00+00:00
[2025-10-17T03:44:40.270+0200] {processor.py:183} INFO - Processing /opt/airflow/dags/etl_api_to_bi.py took 0.217 seconds
[2025-10-17T03:45:11.216+0200] {processor.py:161} INFO - Started process (PID=553) to work on /opt/airflow/dags/etl_api_to_bi.py
[2025-10-17T03:45:11.218+0200] {processor.py:830} INFO - Processing file /opt/airflow/dags/etl_api_to_bi.py for tasks to queue
[2025-10-17T03:45:11.223+0200] {logging_mixin.py:188} INFO - [2025-10-17T03:45:11.222+0200] {dagbag.py:545} INFO - Filling up the DagBag from /opt/airflow/dags/etl_api_to_bi.py
[2025-10-17T03:45:11.266+0200] {processor.py:840} INFO - DAG(s) 'etl_api_to_bi' retrieved from /opt/airflow/dags/etl_api_to_bi.py
[2025-10-17T03:45:11.350+0200] {logging_mixin.py:188} INFO - [2025-10-17T03:45:11.349+0200] {dag.py:3089} INFO - Sync 1 DAGs
[2025-10-17T03:45:11.398+0200] {logging_mixin.py:188} INFO - [2025-10-17T03:45:11.398+0200] {dag.py:3947} INFO - Setting next_dagrun for etl_api_to_bi to 2025-10-17 01:45:00+00:00, run_after=2025-10-17 02:00:00+00:00
[2025-10-17T03:45:11.435+0200] {processor.py:183} INFO - Processing /opt/airflow/dags/etl_api_to_bi.py took 0.234 seconds
[2025-10-17T03:45:42.214+0200] {processor.py:161} INFO - Started process (PID=571) to work on /opt/airflow/dags/etl_api_to_bi.py
[2025-10-17T03:45:42.217+0200] {processor.py:830} INFO - Processing file /opt/airflow/dags/etl_api_to_bi.py for tasks to queue
[2025-10-17T03:45:42.222+0200] {logging_mixin.py:188} INFO - [2025-10-17T03:45:42.221+0200] {dagbag.py:545} INFO - Filling up the DagBag from /opt/airflow/dags/etl_api_to_bi.py
[2025-10-17T03:45:42.264+0200] {processor.py:840} INFO - DAG(s) 'etl_api_to_bi' retrieved from /opt/airflow/dags/etl_api_to_bi.py
[2025-10-17T03:45:42.325+0200] {logging_mixin.py:188} INFO - [2025-10-17T03:45:42.325+0200] {dag.py:3089} INFO - Sync 1 DAGs
[2025-10-17T03:45:42.356+0200] {logging_mixin.py:188} INFO - [2025-10-17T03:45:42.356+0200] {dag.py:3947} INFO - Setting next_dagrun for etl_api_to_bi to 2025-10-17 01:45:00+00:00, run_after=2025-10-17 02:00:00+00:00
[2025-10-17T03:45:42.394+0200] {processor.py:183} INFO - Processing /opt/airflow/dags/etl_api_to_bi.py took 0.197 seconds
[2025-10-17T03:46:13.336+0200] {processor.py:161} INFO - Started process (PID=576) to work on /opt/airflow/dags/etl_api_to_bi.py
[2025-10-17T03:46:13.337+0200] {processor.py:830} INFO - Processing file /opt/airflow/dags/etl_api_to_bi.py for tasks to queue
[2025-10-17T03:46:13.341+0200] {logging_mixin.py:188} INFO - [2025-10-17T03:46:13.340+0200] {dagbag.py:545} INFO - Filling up the DagBag from /opt/airflow/dags/etl_api_to_bi.py
[2025-10-17T03:46:13.397+0200] {processor.py:840} INFO - DAG(s) 'etl_api_to_bi' retrieved from /opt/airflow/dags/etl_api_to_bi.py
[2025-10-17T03:46:13.457+0200] {logging_mixin.py:188} INFO - [2025-10-17T03:46:13.456+0200] {dag.py:3089} INFO - Sync 1 DAGs
[2025-10-17T03:46:13.489+0200] {logging_mixin.py:188} INFO - [2025-10-17T03:46:13.489+0200] {dag.py:3947} INFO - Setting next_dagrun for etl_api_to_bi to 2025-10-17 01:45:00+00:00, run_after=2025-10-17 02:00:00+00:00
[2025-10-17T03:46:13.517+0200] {processor.py:183} INFO - Processing /opt/airflow/dags/etl_api_to_bi.py took 0.195 seconds
[2025-10-17T03:46:44.453+0200] {processor.py:161} INFO - Started process (PID=581) to work on /opt/airflow/dags/etl_api_to_bi.py
[2025-10-17T03:46:44.455+0200] {processor.py:830} INFO - Processing file /opt/airflow/dags/etl_api_to_bi.py for tasks to queue
[2025-10-17T03:46:44.457+0200] {logging_mixin.py:188} INFO - [2025-10-17T03:46:44.457+0200] {dagbag.py:545} INFO - Filling up the DagBag from /opt/airflow/dags/etl_api_to_bi.py
[2025-10-17T03:46:44.499+0200] {processor.py:840} INFO - DAG(s) 'etl_api_to_bi' retrieved from /opt/airflow/dags/etl_api_to_bi.py
[2025-10-17T03:46:44.574+0200] {logging_mixin.py:188} INFO - [2025-10-17T03:46:44.574+0200] {dag.py:3089} INFO - Sync 1 DAGs
[2025-10-17T03:46:44.616+0200] {logging_mixin.py:188} INFO - [2025-10-17T03:46:44.615+0200] {dag.py:3947} INFO - Setting next_dagrun for etl_api_to_bi to 2025-10-17 01:45:00+00:00, run_after=2025-10-17 02:00:00+00:00
[2025-10-17T03:46:44.648+0200] {processor.py:183} INFO - Processing /opt/airflow/dags/etl_api_to_bi.py took 0.204 seconds
[2025-10-17T03:47:15.430+0200] {processor.py:161} INFO - Started process (PID=586) to work on /opt/airflow/dags/etl_api_to_bi.py
[2025-10-17T03:47:15.431+0200] {processor.py:830} INFO - Processing file /opt/airflow/dags/etl_api_to_bi.py for tasks to queue
[2025-10-17T03:47:15.435+0200] {logging_mixin.py:188} INFO - [2025-10-17T03:47:15.434+0200] {dagbag.py:545} INFO - Filling up the DagBag from /opt/airflow/dags/etl_api_to_bi.py
[2025-10-17T03:47:15.476+0200] {processor.py:840} INFO - DAG(s) 'etl_api_to_bi' retrieved from /opt/airflow/dags/etl_api_to_bi.py
[2025-10-17T03:47:15.535+0200] {logging_mixin.py:188} INFO - [2025-10-17T03:47:15.535+0200] {dag.py:3089} INFO - Sync 1 DAGs
[2025-10-17T03:47:15.574+0200] {logging_mixin.py:188} INFO - [2025-10-17T03:47:15.574+0200] {dag.py:3947} INFO - Setting next_dagrun for etl_api_to_bi to 2025-10-17 01:45:00+00:00, run_after=2025-10-17 02:00:00+00:00
[2025-10-17T03:47:15.609+0200] {processor.py:183} INFO - Processing /opt/airflow/dags/etl_api_to_bi.py took 0.191 seconds
[2025-10-17T03:47:45.699+0200] {processor.py:161} INFO - Started process (PID=591) to work on /opt/airflow/dags/etl_api_to_bi.py
[2025-10-17T03:47:45.701+0200] {processor.py:830} INFO - Processing file /opt/airflow/dags/etl_api_to_bi.py for tasks to queue
[2025-10-17T03:47:45.705+0200] {logging_mixin.py:188} INFO - [2025-10-17T03:47:45.705+0200] {dagbag.py:545} INFO - Filling up the DagBag from /opt/airflow/dags/etl_api_to_bi.py
[2025-10-17T03:47:45.744+0200] {processor.py:840} INFO - DAG(s) 'etl_api_to_bi' retrieved from /opt/airflow/dags/etl_api_to_bi.py
[2025-10-17T03:47:45.794+0200] {logging_mixin.py:188} INFO - [2025-10-17T03:47:45.793+0200] {dag.py:3089} INFO - Sync 1 DAGs
[2025-10-17T03:47:45.824+0200] {logging_mixin.py:188} INFO - [2025-10-17T03:47:45.824+0200] {dag.py:3947} INFO - Setting next_dagrun for etl_api_to_bi to 2025-10-17 01:45:00+00:00, run_after=2025-10-17 02:00:00+00:00
[2025-10-17T03:47:45.849+0200] {processor.py:183} INFO - Processing /opt/airflow/dags/etl_api_to_bi.py took 0.163 seconds
[2025-10-17T03:48:16.659+0200] {processor.py:161} INFO - Started process (PID=596) to work on /opt/airflow/dags/etl_api_to_bi.py
[2025-10-17T03:48:16.662+0200] {processor.py:830} INFO - Processing file /opt/airflow/dags/etl_api_to_bi.py for tasks to queue
[2025-10-17T03:48:16.667+0200] {logging_mixin.py:188} INFO - [2025-10-17T03:48:16.666+0200] {dagbag.py:545} INFO - Filling up the DagBag from /opt/airflow/dags/etl_api_to_bi.py
[2025-10-17T03:48:16.722+0200] {processor.py:840} INFO - DAG(s) 'etl_api_to_bi' retrieved from /opt/airflow/dags/etl_api_to_bi.py
[2025-10-17T03:48:16.793+0200] {logging_mixin.py:188} INFO - [2025-10-17T03:48:16.792+0200] {dag.py:3089} INFO - Sync 1 DAGs
[2025-10-17T03:48:16.833+0200] {logging_mixin.py:188} INFO - [2025-10-17T03:48:16.832+0200] {dag.py:3947} INFO - Setting next_dagrun for etl_api_to_bi to 2025-10-17 01:45:00+00:00, run_after=2025-10-17 02:00:00+00:00
[2025-10-17T03:48:16.864+0200] {processor.py:183} INFO - Processing /opt/airflow/dags/etl_api_to_bi.py took 0.218 seconds
[2025-10-17T03:48:47.769+0200] {processor.py:161} INFO - Started process (PID=601) to work on /opt/airflow/dags/etl_api_to_bi.py
[2025-10-17T03:48:47.770+0200] {processor.py:830} INFO - Processing file /opt/airflow/dags/etl_api_to_bi.py for tasks to queue
[2025-10-17T03:48:47.775+0200] {logging_mixin.py:188} INFO - [2025-10-17T03:48:47.774+0200] {dagbag.py:545} INFO - Filling up the DagBag from /opt/airflow/dags/etl_api_to_bi.py
[2025-10-17T03:48:47.810+0200] {processor.py:840} INFO - DAG(s) 'etl_api_to_bi' retrieved from /opt/airflow/dags/etl_api_to_bi.py
[2025-10-17T03:48:47.860+0200] {logging_mixin.py:188} INFO - [2025-10-17T03:48:47.860+0200] {dag.py:3089} INFO - Sync 1 DAGs
[2025-10-17T03:48:47.891+0200] {logging_mixin.py:188} INFO - [2025-10-17T03:48:47.891+0200] {dag.py:3947} INFO - Setting next_dagrun for etl_api_to_bi to 2025-10-17 01:45:00+00:00, run_after=2025-10-17 02:00:00+00:00
[2025-10-17T03:48:47.920+0200] {processor.py:183} INFO - Processing /opt/airflow/dags/etl_api_to_bi.py took 0.161 seconds
[2025-10-17T03:49:18.950+0200] {processor.py:161} INFO - Started process (PID=606) to work on /opt/airflow/dags/etl_api_to_bi.py
[2025-10-17T03:49:18.953+0200] {processor.py:830} INFO - Processing file /opt/airflow/dags/etl_api_to_bi.py for tasks to queue
[2025-10-17T03:49:18.959+0200] {logging_mixin.py:188} INFO - [2025-10-17T03:49:18.958+0200] {dagbag.py:545} INFO - Filling up the DagBag from /opt/airflow/dags/etl_api_to_bi.py
[2025-10-17T03:49:19.013+0200] {processor.py:840} INFO - DAG(s) 'etl_api_to_bi' retrieved from /opt/airflow/dags/etl_api_to_bi.py
[2025-10-17T03:49:19.085+0200] {logging_mixin.py:188} INFO - [2025-10-17T03:49:19.084+0200] {dag.py:3089} INFO - Sync 1 DAGs
[2025-10-17T03:49:19.126+0200] {logging_mixin.py:188} INFO - [2025-10-17T03:49:19.126+0200] {dag.py:3947} INFO - Setting next_dagrun for etl_api_to_bi to 2025-10-17 01:45:00+00:00, run_after=2025-10-17 02:00:00+00:00
[2025-10-17T03:49:19.163+0200] {processor.py:183} INFO - Processing /opt/airflow/dags/etl_api_to_bi.py took 0.235 seconds
[2025-10-17T03:49:49.964+0200] {processor.py:161} INFO - Started process (PID=611) to work on /opt/airflow/dags/etl_api_to_bi.py
[2025-10-17T03:49:49.966+0200] {processor.py:830} INFO - Processing file /opt/airflow/dags/etl_api_to_bi.py for tasks to queue
[2025-10-17T03:49:49.969+0200] {logging_mixin.py:188} INFO - [2025-10-17T03:49:49.969+0200] {dagbag.py:545} INFO - Filling up the DagBag from /opt/airflow/dags/etl_api_to_bi.py
[2025-10-17T03:49:50.013+0200] {processor.py:840} INFO - DAG(s) 'etl_api_to_bi' retrieved from /opt/airflow/dags/etl_api_to_bi.py
[2025-10-17T03:49:50.070+0200] {logging_mixin.py:188} INFO - [2025-10-17T03:49:50.070+0200] {dag.py:3089} INFO - Sync 1 DAGs
[2025-10-17T03:49:50.110+0200] {logging_mixin.py:188} INFO - [2025-10-17T03:49:50.110+0200] {dag.py:3947} INFO - Setting next_dagrun for etl_api_to_bi to 2025-10-17 01:45:00+00:00, run_after=2025-10-17 02:00:00+00:00
[2025-10-17T03:49:50.135+0200] {processor.py:183} INFO - Processing /opt/airflow/dags/etl_api_to_bi.py took 0.182 seconds
[2025-10-17T03:50:21.087+0200] {processor.py:161} INFO - Started process (PID=616) to work on /opt/airflow/dags/etl_api_to_bi.py
[2025-10-17T03:50:21.090+0200] {processor.py:830} INFO - Processing file /opt/airflow/dags/etl_api_to_bi.py for tasks to queue
[2025-10-17T03:50:21.098+0200] {logging_mixin.py:188} INFO - [2025-10-17T03:50:21.096+0200] {dagbag.py:545} INFO - Filling up the DagBag from /opt/airflow/dags/etl_api_to_bi.py
[2025-10-17T03:50:21.154+0200] {processor.py:840} INFO - DAG(s) 'etl_api_to_bi' retrieved from /opt/airflow/dags/etl_api_to_bi.py
[2025-10-17T03:50:21.235+0200] {logging_mixin.py:188} INFO - [2025-10-17T03:50:21.235+0200] {dag.py:3089} INFO - Sync 1 DAGs
[2025-10-17T03:50:21.280+0200] {logging_mixin.py:188} INFO - [2025-10-17T03:50:21.280+0200] {dag.py:3947} INFO - Setting next_dagrun for etl_api_to_bi to 2025-10-17 01:45:00+00:00, run_after=2025-10-17 02:00:00+00:00
[2025-10-17T03:50:21.316+0200] {processor.py:183} INFO - Processing /opt/airflow/dags/etl_api_to_bi.py took 0.242 seconds
[2025-10-17T03:50:52.104+0200] {processor.py:161} INFO - Started process (PID=621) to work on /opt/airflow/dags/etl_api_to_bi.py
[2025-10-17T03:50:52.106+0200] {processor.py:830} INFO - Processing file /opt/airflow/dags/etl_api_to_bi.py for tasks to queue
[2025-10-17T03:50:52.110+0200] {logging_mixin.py:188} INFO - [2025-10-17T03:50:52.110+0200] {dagbag.py:545} INFO - Filling up the DagBag from /opt/airflow/dags/etl_api_to_bi.py
[2025-10-17T03:50:52.152+0200] {processor.py:840} INFO - DAG(s) 'etl_api_to_bi' retrieved from /opt/airflow/dags/etl_api_to_bi.py
[2025-10-17T03:50:52.193+0200] {logging_mixin.py:188} INFO - [2025-10-17T03:50:52.193+0200] {dag.py:3089} INFO - Sync 1 DAGs
[2025-10-17T03:50:52.233+0200] {logging_mixin.py:188} INFO - [2025-10-17T03:50:52.232+0200] {dag.py:3947} INFO - Setting next_dagrun for etl_api_to_bi to 2025-10-17 01:45:00+00:00, run_after=2025-10-17 02:00:00+00:00
[2025-10-17T03:50:52.267+0200] {processor.py:183} INFO - Processing /opt/airflow/dags/etl_api_to_bi.py took 0.170 seconds
[2025-10-17T03:51:22.873+0200] {processor.py:161} INFO - Started process (PID=626) to work on /opt/airflow/dags/etl_api_to_bi.py
[2025-10-17T03:51:22.879+0200] {processor.py:830} INFO - Processing file /opt/airflow/dags/etl_api_to_bi.py for tasks to queue
[2025-10-17T03:51:22.890+0200] {logging_mixin.py:188} INFO - [2025-10-17T03:51:22.889+0200] {dagbag.py:545} INFO - Filling up the DagBag from /opt/airflow/dags/etl_api_to_bi.py
[2025-10-17T03:51:22.936+0200] {processor.py:840} INFO - DAG(s) 'etl_api_to_bi' retrieved from /opt/airflow/dags/etl_api_to_bi.py
[2025-10-17T03:51:23.008+0200] {logging_mixin.py:188} INFO - [2025-10-17T03:51:23.008+0200] {dag.py:3089} INFO - Sync 1 DAGs
[2025-10-17T03:51:23.064+0200] {logging_mixin.py:188} INFO - [2025-10-17T03:51:23.063+0200] {dag.py:3947} INFO - Setting next_dagrun for etl_api_to_bi to 2025-10-17 01:45:00+00:00, run_after=2025-10-17 02:00:00+00:00
[2025-10-17T03:51:23.091+0200] {processor.py:183} INFO - Processing /opt/airflow/dags/etl_api_to_bi.py took 0.243 seconds
[2025-10-17T03:51:53.919+0200] {processor.py:161} INFO - Started process (PID=631) to work on /opt/airflow/dags/etl_api_to_bi.py
[2025-10-17T03:51:53.922+0200] {processor.py:830} INFO - Processing file /opt/airflow/dags/etl_api_to_bi.py for tasks to queue
[2025-10-17T03:51:53.925+0200] {logging_mixin.py:188} INFO - [2025-10-17T03:51:53.925+0200] {dagbag.py:545} INFO - Filling up the DagBag from /opt/airflow/dags/etl_api_to_bi.py
[2025-10-17T03:51:53.967+0200] {processor.py:840} INFO - DAG(s) 'etl_api_to_bi' retrieved from /opt/airflow/dags/etl_api_to_bi.py
[2025-10-17T03:51:54.032+0200] {logging_mixin.py:188} INFO - [2025-10-17T03:51:54.032+0200] {dag.py:3089} INFO - Sync 1 DAGs
[2025-10-17T03:51:54.071+0200] {logging_mixin.py:188} INFO - [2025-10-17T03:51:54.071+0200] {dag.py:3947} INFO - Setting next_dagrun for etl_api_to_bi to 2025-10-17 01:45:00+00:00, run_after=2025-10-17 02:00:00+00:00
[2025-10-17T03:51:54.106+0200] {processor.py:183} INFO - Processing /opt/airflow/dags/etl_api_to_bi.py took 0.197 seconds
[2025-10-17T03:52:25.072+0200] {processor.py:161} INFO - Started process (PID=636) to work on /opt/airflow/dags/etl_api_to_bi.py
[2025-10-17T03:52:25.074+0200] {processor.py:830} INFO - Processing file /opt/airflow/dags/etl_api_to_bi.py for tasks to queue
[2025-10-17T03:52:25.078+0200] {logging_mixin.py:188} INFO - [2025-10-17T03:52:25.078+0200] {dagbag.py:545} INFO - Filling up the DagBag from /opt/airflow/dags/etl_api_to_bi.py
[2025-10-17T03:52:25.113+0200] {processor.py:840} INFO - DAG(s) 'etl_api_to_bi' retrieved from /opt/airflow/dags/etl_api_to_bi.py
[2025-10-17T03:52:25.160+0200] {logging_mixin.py:188} INFO - [2025-10-17T03:52:25.159+0200] {dag.py:3089} INFO - Sync 1 DAGs
[2025-10-17T03:52:25.195+0200] {logging_mixin.py:188} INFO - [2025-10-17T03:52:25.195+0200] {dag.py:3947} INFO - Setting next_dagrun for etl_api_to_bi to 2025-10-17 01:45:00+00:00, run_after=2025-10-17 02:00:00+00:00
[2025-10-17T03:52:25.221+0200] {processor.py:183} INFO - Processing /opt/airflow/dags/etl_api_to_bi.py took 0.161 seconds
[2025-10-17T03:52:56.096+0200] {processor.py:161} INFO - Started process (PID=641) to work on /opt/airflow/dags/etl_api_to_bi.py
[2025-10-17T03:52:56.100+0200] {processor.py:830} INFO - Processing file /opt/airflow/dags/etl_api_to_bi.py for tasks to queue
[2025-10-17T03:52:56.105+0200] {logging_mixin.py:188} INFO - [2025-10-17T03:52:56.105+0200] {dagbag.py:545} INFO - Filling up the DagBag from /opt/airflow/dags/etl_api_to_bi.py
[2025-10-17T03:52:56.144+0200] {processor.py:840} INFO - DAG(s) 'etl_api_to_bi' retrieved from /opt/airflow/dags/etl_api_to_bi.py
[2025-10-17T03:52:56.194+0200] {logging_mixin.py:188} INFO - [2025-10-17T03:52:56.194+0200] {dag.py:3089} INFO - Sync 1 DAGs
[2025-10-17T03:52:56.224+0200] {logging_mixin.py:188} INFO - [2025-10-17T03:52:56.224+0200] {dag.py:3947} INFO - Setting next_dagrun for etl_api_to_bi to 2025-10-17 01:45:00+00:00, run_after=2025-10-17 02:00:00+00:00
[2025-10-17T03:52:56.248+0200] {processor.py:183} INFO - Processing /opt/airflow/dags/etl_api_to_bi.py took 0.164 seconds
[2025-10-17T03:53:27.106+0200] {processor.py:161} INFO - Started process (PID=646) to work on /opt/airflow/dags/etl_api_to_bi.py
[2025-10-17T03:53:27.108+0200] {processor.py:830} INFO - Processing file /opt/airflow/dags/etl_api_to_bi.py for tasks to queue
[2025-10-17T03:53:27.111+0200] {logging_mixin.py:188} INFO - [2025-10-17T03:53:27.111+0200] {dagbag.py:545} INFO - Filling up the DagBag from /opt/airflow/dags/etl_api_to_bi.py
[2025-10-17T03:53:27.151+0200] {processor.py:840} INFO - DAG(s) 'etl_api_to_bi' retrieved from /opt/airflow/dags/etl_api_to_bi.py
[2025-10-17T03:53:27.207+0200] {logging_mixin.py:188} INFO - [2025-10-17T03:53:27.207+0200] {dag.py:3089} INFO - Sync 1 DAGs
[2025-10-17T03:53:27.243+0200] {logging_mixin.py:188} INFO - [2025-10-17T03:53:27.243+0200] {dag.py:3947} INFO - Setting next_dagrun for etl_api_to_bi to 2025-10-17 01:45:00+00:00, run_after=2025-10-17 02:00:00+00:00
[2025-10-17T03:53:27.273+0200] {processor.py:183} INFO - Processing /opt/airflow/dags/etl_api_to_bi.py took 0.175 seconds
[2025-10-17T03:53:58.191+0200] {processor.py:161} INFO - Started process (PID=651) to work on /opt/airflow/dags/etl_api_to_bi.py
[2025-10-17T03:53:58.193+0200] {processor.py:830} INFO - Processing file /opt/airflow/dags/etl_api_to_bi.py for tasks to queue
[2025-10-17T03:53:58.197+0200] {logging_mixin.py:188} INFO - [2025-10-17T03:53:58.196+0200] {dagbag.py:545} INFO - Filling up the DagBag from /opt/airflow/dags/etl_api_to_bi.py
[2025-10-17T03:53:58.230+0200] {processor.py:840} INFO - DAG(s) 'etl_api_to_bi' retrieved from /opt/airflow/dags/etl_api_to_bi.py
[2025-10-17T03:53:58.277+0200] {logging_mixin.py:188} INFO - [2025-10-17T03:53:58.277+0200] {dag.py:3089} INFO - Sync 1 DAGs
[2025-10-17T03:53:58.307+0200] {logging_mixin.py:188} INFO - [2025-10-17T03:53:58.307+0200] {dag.py:3947} INFO - Setting next_dagrun for etl_api_to_bi to 2025-10-17 01:45:00+00:00, run_after=2025-10-17 02:00:00+00:00
[2025-10-17T03:53:58.339+0200] {processor.py:183} INFO - Processing /opt/airflow/dags/etl_api_to_bi.py took 0.161 seconds
[2025-10-17T03:54:29.153+0200] {processor.py:161} INFO - Started process (PID=656) to work on /opt/airflow/dags/etl_api_to_bi.py
[2025-10-17T03:54:29.155+0200] {processor.py:830} INFO - Processing file /opt/airflow/dags/etl_api_to_bi.py for tasks to queue
[2025-10-17T03:54:29.159+0200] {logging_mixin.py:188} INFO - [2025-10-17T03:54:29.158+0200] {dagbag.py:545} INFO - Filling up the DagBag from /opt/airflow/dags/etl_api_to_bi.py
[2025-10-17T03:54:29.200+0200] {processor.py:840} INFO - DAG(s) 'etl_api_to_bi' retrieved from /opt/airflow/dags/etl_api_to_bi.py
[2025-10-17T03:54:29.263+0200] {logging_mixin.py:188} INFO - [2025-10-17T03:54:29.262+0200] {dag.py:3089} INFO - Sync 1 DAGs
[2025-10-17T03:54:29.299+0200] {logging_mixin.py:188} INFO - [2025-10-17T03:54:29.298+0200] {dag.py:3947} INFO - Setting next_dagrun for etl_api_to_bi to 2025-10-17 01:45:00+00:00, run_after=2025-10-17 02:00:00+00:00
[2025-10-17T03:54:29.326+0200] {processor.py:183} INFO - Processing /opt/airflow/dags/etl_api_to_bi.py took 0.184 seconds
[2025-10-17T03:55:00.369+0200] {processor.py:161} INFO - Started process (PID=661) to work on /opt/airflow/dags/etl_api_to_bi.py
[2025-10-17T03:55:00.371+0200] {processor.py:830} INFO - Processing file /opt/airflow/dags/etl_api_to_bi.py for tasks to queue
[2025-10-17T03:55:00.376+0200] {logging_mixin.py:188} INFO - [2025-10-17T03:55:00.375+0200] {dagbag.py:545} INFO - Filling up the DagBag from /opt/airflow/dags/etl_api_to_bi.py
[2025-10-17T03:55:00.416+0200] {processor.py:840} INFO - DAG(s) 'etl_api_to_bi' retrieved from /opt/airflow/dags/etl_api_to_bi.py
[2025-10-17T03:55:00.473+0200] {logging_mixin.py:188} INFO - [2025-10-17T03:55:00.472+0200] {dag.py:3089} INFO - Sync 1 DAGs
[2025-10-17T03:55:00.508+0200] {logging_mixin.py:188} INFO - [2025-10-17T03:55:00.508+0200] {dag.py:3947} INFO - Setting next_dagrun for etl_api_to_bi to 2025-10-17 01:45:00+00:00, run_after=2025-10-17 02:00:00+00:00
[2025-10-17T03:55:00.536+0200] {processor.py:183} INFO - Processing /opt/airflow/dags/etl_api_to_bi.py took 0.177 seconds
[2025-10-17T03:55:31.387+0200] {processor.py:161} INFO - Started process (PID=666) to work on /opt/airflow/dags/etl_api_to_bi.py
[2025-10-17T03:55:31.389+0200] {processor.py:830} INFO - Processing file /opt/airflow/dags/etl_api_to_bi.py for tasks to queue
[2025-10-17T03:55:31.393+0200] {logging_mixin.py:188} INFO - [2025-10-17T03:55:31.392+0200] {dagbag.py:545} INFO - Filling up the DagBag from /opt/airflow/dags/etl_api_to_bi.py
[2025-10-17T03:55:31.439+0200] {processor.py:840} INFO - DAG(s) 'etl_api_to_bi' retrieved from /opt/airflow/dags/etl_api_to_bi.py
[2025-10-17T03:55:31.494+0200] {logging_mixin.py:188} INFO - [2025-10-17T03:55:31.493+0200] {dag.py:3089} INFO - Sync 1 DAGs
[2025-10-17T03:55:31.525+0200] {logging_mixin.py:188} INFO - [2025-10-17T03:55:31.525+0200] {dag.py:3947} INFO - Setting next_dagrun for etl_api_to_bi to 2025-10-17 01:45:00+00:00, run_after=2025-10-17 02:00:00+00:00
[2025-10-17T03:55:31.550+0200] {processor.py:183} INFO - Processing /opt/airflow/dags/etl_api_to_bi.py took 0.173 seconds
[2025-10-17T03:56:02.517+0200] {processor.py:161} INFO - Started process (PID=671) to work on /opt/airflow/dags/etl_api_to_bi.py
[2025-10-17T03:56:02.520+0200] {processor.py:830} INFO - Processing file /opt/airflow/dags/etl_api_to_bi.py for tasks to queue
[2025-10-17T03:56:02.525+0200] {logging_mixin.py:188} INFO - [2025-10-17T03:56:02.524+0200] {dagbag.py:545} INFO - Filling up the DagBag from /opt/airflow/dags/etl_api_to_bi.py
[2025-10-17T03:56:02.577+0200] {processor.py:840} INFO - DAG(s) 'etl_api_to_bi' retrieved from /opt/airflow/dags/etl_api_to_bi.py
[2025-10-17T03:56:02.630+0200] {logging_mixin.py:188} INFO - [2025-10-17T03:56:02.630+0200] {dag.py:3089} INFO - Sync 1 DAGs
[2025-10-17T03:56:02.664+0200] {logging_mixin.py:188} INFO - [2025-10-17T03:56:02.663+0200] {dag.py:3947} INFO - Setting next_dagrun for etl_api_to_bi to 2025-10-17 01:45:00+00:00, run_after=2025-10-17 02:00:00+00:00
[2025-10-17T03:56:02.692+0200] {processor.py:183} INFO - Processing /opt/airflow/dags/etl_api_to_bi.py took 0.187 seconds
[2025-10-17T03:56:33.513+0200] {processor.py:161} INFO - Started process (PID=676) to work on /opt/airflow/dags/etl_api_to_bi.py
[2025-10-17T03:56:33.516+0200] {processor.py:830} INFO - Processing file /opt/airflow/dags/etl_api_to_bi.py for tasks to queue
[2025-10-17T03:56:33.519+0200] {logging_mixin.py:188} INFO - [2025-10-17T03:56:33.519+0200] {dagbag.py:545} INFO - Filling up the DagBag from /opt/airflow/dags/etl_api_to_bi.py
[2025-10-17T03:56:33.580+0200] {processor.py:840} INFO - DAG(s) 'etl_api_to_bi' retrieved from /opt/airflow/dags/etl_api_to_bi.py
[2025-10-17T03:56:33.656+0200] {logging_mixin.py:188} INFO - [2025-10-17T03:56:33.655+0200] {dag.py:3089} INFO - Sync 1 DAGs
[2025-10-17T03:56:33.693+0200] {logging_mixin.py:188} INFO - [2025-10-17T03:56:33.693+0200] {dag.py:3947} INFO - Setting next_dagrun for etl_api_to_bi to 2025-10-17 01:45:00+00:00, run_after=2025-10-17 02:00:00+00:00
[2025-10-17T03:56:33.720+0200] {processor.py:183} INFO - Processing /opt/airflow/dags/etl_api_to_bi.py took 0.221 seconds
[2025-10-17T03:57:04.707+0200] {processor.py:161} INFO - Started process (PID=681) to work on /opt/airflow/dags/etl_api_to_bi.py
[2025-10-17T03:57:04.709+0200] {processor.py:830} INFO - Processing file /opt/airflow/dags/etl_api_to_bi.py for tasks to queue
[2025-10-17T03:57:04.712+0200] {logging_mixin.py:188} INFO - [2025-10-17T03:57:04.712+0200] {dagbag.py:545} INFO - Filling up the DagBag from /opt/airflow/dags/etl_api_to_bi.py
[2025-10-17T03:57:04.748+0200] {processor.py:840} INFO - DAG(s) 'etl_api_to_bi' retrieved from /opt/airflow/dags/etl_api_to_bi.py
[2025-10-17T03:57:04.796+0200] {logging_mixin.py:188} INFO - [2025-10-17T03:57:04.796+0200] {dag.py:3089} INFO - Sync 1 DAGs
[2025-10-17T03:57:04.843+0200] {logging_mixin.py:188} INFO - [2025-10-17T03:57:04.842+0200] {dag.py:3947} INFO - Setting next_dagrun for etl_api_to_bi to 2025-10-17 01:45:00+00:00, run_after=2025-10-17 02:00:00+00:00
[2025-10-17T03:57:04.886+0200] {processor.py:183} INFO - Processing /opt/airflow/dags/etl_api_to_bi.py took 0.190 seconds
[2025-10-17T03:57:35.406+0200] {processor.py:161} INFO - Started process (PID=686) to work on /opt/airflow/dags/etl_api_to_bi.py
[2025-10-17T03:57:35.410+0200] {processor.py:830} INFO - Processing file /opt/airflow/dags/etl_api_to_bi.py for tasks to queue
[2025-10-17T03:57:35.416+0200] {logging_mixin.py:188} INFO - [2025-10-17T03:57:35.415+0200] {dagbag.py:545} INFO - Filling up the DagBag from /opt/airflow/dags/etl_api_to_bi.py
[2025-10-17T03:57:35.481+0200] {processor.py:840} INFO - DAG(s) 'etl_api_to_bi' retrieved from /opt/airflow/dags/etl_api_to_bi.py
[2025-10-17T03:57:35.567+0200] {logging_mixin.py:188} INFO - [2025-10-17T03:57:35.567+0200] {dag.py:3089} INFO - Sync 1 DAGs
[2025-10-17T03:57:35.618+0200] {logging_mixin.py:188} INFO - [2025-10-17T03:57:35.617+0200] {dag.py:3947} INFO - Setting next_dagrun for etl_api_to_bi to 2025-10-17 01:45:00+00:00, run_after=2025-10-17 02:00:00+00:00
[2025-10-17T03:57:35.651+0200] {processor.py:183} INFO - Processing /opt/airflow/dags/etl_api_to_bi.py took 0.257 seconds
[2025-10-17T03:58:06.662+0200] {processor.py:161} INFO - Started process (PID=691) to work on /opt/airflow/dags/etl_api_to_bi.py
[2025-10-17T03:58:06.671+0200] {processor.py:830} INFO - Processing file /opt/airflow/dags/etl_api_to_bi.py for tasks to queue
[2025-10-17T03:58:06.679+0200] {logging_mixin.py:188} INFO - [2025-10-17T03:58:06.677+0200] {dagbag.py:545} INFO - Filling up the DagBag from /opt/airflow/dags/etl_api_to_bi.py
[2025-10-17T03:58:06.802+0200] {processor.py:840} INFO - DAG(s) 'etl_api_to_bi' retrieved from /opt/airflow/dags/etl_api_to_bi.py
[2025-10-17T03:58:07.051+0200] {logging_mixin.py:188} INFO - [2025-10-17T03:58:07.039+0200] {dag.py:3089} INFO - Sync 1 DAGs
[2025-10-17T03:58:07.162+0200] {logging_mixin.py:188} INFO - [2025-10-17T03:58:07.162+0200] {dag.py:3947} INFO - Setting next_dagrun for etl_api_to_bi to 2025-10-17 01:45:00+00:00, run_after=2025-10-17 02:00:00+00:00
[2025-10-17T03:58:07.258+0200] {processor.py:183} INFO - Processing /opt/airflow/dags/etl_api_to_bi.py took 0.627 seconds
[2025-10-17T03:58:37.709+0200] {processor.py:161} INFO - Started process (PID=696) to work on /opt/airflow/dags/etl_api_to_bi.py
[2025-10-17T03:58:37.712+0200] {processor.py:830} INFO - Processing file /opt/airflow/dags/etl_api_to_bi.py for tasks to queue
[2025-10-17T03:58:37.716+0200] {logging_mixin.py:188} INFO - [2025-10-17T03:58:37.715+0200] {dagbag.py:545} INFO - Filling up the DagBag from /opt/airflow/dags/etl_api_to_bi.py
[2025-10-17T03:58:37.756+0200] {processor.py:840} INFO - DAG(s) 'etl_api_to_bi' retrieved from /opt/airflow/dags/etl_api_to_bi.py
[2025-10-17T03:58:37.807+0200] {logging_mixin.py:188} INFO - [2025-10-17T03:58:37.807+0200] {dag.py:3089} INFO - Sync 1 DAGs
[2025-10-17T03:58:37.840+0200] {logging_mixin.py:188} INFO - [2025-10-17T03:58:37.839+0200] {dag.py:3947} INFO - Setting next_dagrun for etl_api_to_bi to 2025-10-17 01:45:00+00:00, run_after=2025-10-17 02:00:00+00:00
[2025-10-17T03:58:37.865+0200] {processor.py:183} INFO - Processing /opt/airflow/dags/etl_api_to_bi.py took 0.167 seconds
[2025-10-17T03:59:08.718+0200] {processor.py:161} INFO - Started process (PID=701) to work on /opt/airflow/dags/etl_api_to_bi.py
[2025-10-17T03:59:08.720+0200] {processor.py:830} INFO - Processing file /opt/airflow/dags/etl_api_to_bi.py for tasks to queue
[2025-10-17T03:59:08.722+0200] {logging_mixin.py:188} INFO - [2025-10-17T03:59:08.722+0200] {dagbag.py:545} INFO - Filling up the DagBag from /opt/airflow/dags/etl_api_to_bi.py
[2025-10-17T03:59:08.759+0200] {processor.py:840} INFO - DAG(s) 'etl_api_to_bi' retrieved from /opt/airflow/dags/etl_api_to_bi.py
[2025-10-17T03:59:08.816+0200] {logging_mixin.py:188} INFO - [2025-10-17T03:59:08.816+0200] {dag.py:3089} INFO - Sync 1 DAGs
[2025-10-17T03:59:08.854+0200] {logging_mixin.py:188} INFO - [2025-10-17T03:59:08.854+0200] {dag.py:3947} INFO - Setting next_dagrun for etl_api_to_bi to 2025-10-17 01:45:00+00:00, run_after=2025-10-17 02:00:00+00:00
[2025-10-17T03:59:08.882+0200] {processor.py:183} INFO - Processing /opt/airflow/dags/etl_api_to_bi.py took 0.171 seconds
[2025-10-17T03:59:39.665+0200] {processor.py:161} INFO - Started process (PID=706) to work on /opt/airflow/dags/etl_api_to_bi.py
[2025-10-17T03:59:39.668+0200] {processor.py:830} INFO - Processing file /opt/airflow/dags/etl_api_to_bi.py for tasks to queue
[2025-10-17T03:59:39.681+0200] {logging_mixin.py:188} INFO - [2025-10-17T03:59:39.679+0200] {dagbag.py:545} INFO - Filling up the DagBag from /opt/airflow/dags/etl_api_to_bi.py
[2025-10-17T03:59:39.726+0200] {processor.py:840} INFO - DAG(s) 'etl_api_to_bi' retrieved from /opt/airflow/dags/etl_api_to_bi.py
[2025-10-17T03:59:39.774+0200] {logging_mixin.py:188} INFO - [2025-10-17T03:59:39.774+0200] {dag.py:3089} INFO - Sync 1 DAGs
[2025-10-17T03:59:39.809+0200] {logging_mixin.py:188} INFO - [2025-10-17T03:59:39.809+0200] {dag.py:3947} INFO - Setting next_dagrun for etl_api_to_bi to 2025-10-17 01:45:00+00:00, run_after=2025-10-17 02:00:00+00:00
[2025-10-17T03:59:39.834+0200] {processor.py:183} INFO - Processing /opt/airflow/dags/etl_api_to_bi.py took 0.195 seconds
[2025-10-17T04:00:10.812+0200] {processor.py:161} INFO - Started process (PID=730) to work on /opt/airflow/dags/etl_api_to_bi.py
[2025-10-17T04:00:10.815+0200] {processor.py:830} INFO - Processing file /opt/airflow/dags/etl_api_to_bi.py for tasks to queue
[2025-10-17T04:00:10.819+0200] {logging_mixin.py:188} INFO - [2025-10-17T04:00:10.818+0200] {dagbag.py:545} INFO - Filling up the DagBag from /opt/airflow/dags/etl_api_to_bi.py
[2025-10-17T04:00:10.875+0200] {processor.py:840} INFO - DAG(s) 'etl_api_to_bi' retrieved from /opt/airflow/dags/etl_api_to_bi.py
[2025-10-17T04:00:10.959+0200] {logging_mixin.py:188} INFO - [2025-10-17T04:00:10.959+0200] {dag.py:3089} INFO - Sync 1 DAGs
[2025-10-17T04:00:11.018+0200] {logging_mixin.py:188} INFO - [2025-10-17T04:00:11.018+0200] {dag.py:3947} INFO - Setting next_dagrun for etl_api_to_bi to 2025-10-17 02:00:00+00:00, run_after=2025-10-17 02:15:00+00:00
[2025-10-17T04:00:11.063+0200] {processor.py:183} INFO - Processing /opt/airflow/dags/etl_api_to_bi.py took 0.267 seconds
[2025-10-17T04:00:41.798+0200] {processor.py:161} INFO - Started process (PID=748) to work on /opt/airflow/dags/etl_api_to_bi.py
[2025-10-17T04:00:41.800+0200] {processor.py:830} INFO - Processing file /opt/airflow/dags/etl_api_to_bi.py for tasks to queue
[2025-10-17T04:00:41.803+0200] {logging_mixin.py:188} INFO - [2025-10-17T04:00:41.802+0200] {dagbag.py:545} INFO - Filling up the DagBag from /opt/airflow/dags/etl_api_to_bi.py
[2025-10-17T04:00:41.835+0200] {processor.py:840} INFO - DAG(s) 'etl_api_to_bi' retrieved from /opt/airflow/dags/etl_api_to_bi.py
[2025-10-17T04:00:41.883+0200] {logging_mixin.py:188} INFO - [2025-10-17T04:00:41.883+0200] {dag.py:3089} INFO - Sync 1 DAGs
[2025-10-17T04:00:41.910+0200] {logging_mixin.py:188} INFO - [2025-10-17T04:00:41.910+0200] {dag.py:3947} INFO - Setting next_dagrun for etl_api_to_bi to 2025-10-17 02:00:00+00:00, run_after=2025-10-17 02:15:00+00:00
[2025-10-17T04:00:41.937+0200] {processor.py:183} INFO - Processing /opt/airflow/dags/etl_api_to_bi.py took 0.148 seconds
[2025-10-17T04:01:13.012+0200] {processor.py:161} INFO - Started process (PID=753) to work on /opt/airflow/dags/etl_api_to_bi.py
[2025-10-17T04:01:13.013+0200] {processor.py:830} INFO - Processing file /opt/airflow/dags/etl_api_to_bi.py for tasks to queue
[2025-10-17T04:01:13.017+0200] {logging_mixin.py:188} INFO - [2025-10-17T04:01:13.016+0200] {dagbag.py:545} INFO - Filling up the DagBag from /opt/airflow/dags/etl_api_to_bi.py
[2025-10-17T04:01:13.057+0200] {processor.py:840} INFO - DAG(s) 'etl_api_to_bi' retrieved from /opt/airflow/dags/etl_api_to_bi.py
[2025-10-17T04:01:13.101+0200] {logging_mixin.py:188} INFO - [2025-10-17T04:01:13.101+0200] {dag.py:3089} INFO - Sync 1 DAGs
[2025-10-17T04:01:13.130+0200] {logging_mixin.py:188} INFO - [2025-10-17T04:01:13.130+0200] {dag.py:3947} INFO - Setting next_dagrun for etl_api_to_bi to 2025-10-17 02:00:00+00:00, run_after=2025-10-17 02:15:00+00:00
[2025-10-17T04:01:13.165+0200] {processor.py:183} INFO - Processing /opt/airflow/dags/etl_api_to_bi.py took 0.161 seconds
[2025-10-17T04:01:43.876+0200] {processor.py:161} INFO - Started process (PID=758) to work on /opt/airflow/dags/etl_api_to_bi.py
[2025-10-17T04:01:43.878+0200] {processor.py:830} INFO - Processing file /opt/airflow/dags/etl_api_to_bi.py for tasks to queue
[2025-10-17T04:01:43.882+0200] {logging_mixin.py:188} INFO - [2025-10-17T04:01:43.882+0200] {dagbag.py:545} INFO - Filling up the DagBag from /opt/airflow/dags/etl_api_to_bi.py
[2025-10-17T04:01:43.924+0200] {processor.py:840} INFO - DAG(s) 'etl_api_to_bi' retrieved from /opt/airflow/dags/etl_api_to_bi.py
[2025-10-17T04:01:43.995+0200] {logging_mixin.py:188} INFO - [2025-10-17T04:01:43.994+0200] {dag.py:3089} INFO - Sync 1 DAGs
[2025-10-17T04:01:44.040+0200] {logging_mixin.py:188} INFO - [2025-10-17T04:01:44.039+0200] {dag.py:3947} INFO - Setting next_dagrun for etl_api_to_bi to 2025-10-17 02:00:00+00:00, run_after=2025-10-17 02:15:00+00:00
[2025-10-17T04:01:44.069+0200] {processor.py:183} INFO - Processing /opt/airflow/dags/etl_api_to_bi.py took 0.206 seconds
[2025-10-17T22:18:09.742+0200] {processor.py:161} INFO - Started process (PID=175) to work on /opt/airflow/dags/etl_api_to_bi.py
[2025-10-17T22:18:09.744+0200] {processor.py:830} INFO - Processing file /opt/airflow/dags/etl_api_to_bi.py for tasks to queue
[2025-10-17T22:18:09.746+0200] {logging_mixin.py:188} INFO - [2025-10-17T22:18:09.746+0200] {dagbag.py:545} INFO - Filling up the DagBag from /opt/airflow/dags/etl_api_to_bi.py
[2025-10-17T22:18:09.785+0200] {processor.py:840} INFO - DAG(s) 'etl_api_to_bi' retrieved from /opt/airflow/dags/etl_api_to_bi.py
[2025-10-17T22:18:09.842+0200] {logging_mixin.py:188} INFO - [2025-10-17T22:18:09.842+0200] {dag.py:3089} INFO - Sync 1 DAGs
[2025-10-17T22:18:09.890+0200] {logging_mixin.py:188} INFO - [2025-10-17T22:18:09.890+0200] {dag.py:3947} INFO - Setting next_dagrun for etl_api_to_bi to 2025-10-17 20:15:00+00:00, run_after=2025-10-17 20:30:00+00:00
[2025-10-17T22:18:09.945+0200] {processor.py:183} INFO - Processing /opt/airflow/dags/etl_api_to_bi.py took 0.216 seconds
[2025-10-17T22:18:41.508+0200] {processor.py:161} INFO - Started process (PID=217) to work on /opt/airflow/dags/etl_api_to_bi.py
[2025-10-17T22:18:41.520+0200] {processor.py:830} INFO - Processing file /opt/airflow/dags/etl_api_to_bi.py for tasks to queue
[2025-10-17T22:18:41.527+0200] {logging_mixin.py:188} INFO - [2025-10-17T22:18:41.526+0200] {dagbag.py:545} INFO - Filling up the DagBag from /opt/airflow/dags/etl_api_to_bi.py
[2025-10-17T22:18:41.743+0200] {processor.py:840} INFO - DAG(s) 'etl_api_to_bi' retrieved from /opt/airflow/dags/etl_api_to_bi.py
[2025-10-17T22:18:43.180+0200] {logging_mixin.py:188} INFO - [2025-10-17T22:18:43.179+0200] {dag.py:3089} INFO - Sync 1 DAGs
[2025-10-17T22:18:43.238+0200] {logging_mixin.py:188} INFO - [2025-10-17T22:18:43.237+0200] {dag.py:3947} INFO - Setting next_dagrun for etl_api_to_bi to 2025-10-17 20:15:00+00:00, run_after=2025-10-17 20:30:00+00:00
[2025-10-17T22:18:43.319+0200] {processor.py:183} INFO - Processing /opt/airflow/dags/etl_api_to_bi.py took 1.843 seconds
[2025-10-17T22:19:13.643+0200] {processor.py:161} INFO - Started process (PID=232) to work on /opt/airflow/dags/etl_api_to_bi.py
[2025-10-17T22:19:13.645+0200] {processor.py:830} INFO - Processing file /opt/airflow/dags/etl_api_to_bi.py for tasks to queue
[2025-10-17T22:19:13.648+0200] {logging_mixin.py:188} INFO - [2025-10-17T22:19:13.648+0200] {dagbag.py:545} INFO - Filling up the DagBag from /opt/airflow/dags/etl_api_to_bi.py
[2025-10-17T22:19:13.694+0200] {processor.py:840} INFO - DAG(s) 'etl_api_to_bi' retrieved from /opt/airflow/dags/etl_api_to_bi.py
[2025-10-17T22:19:13.746+0200] {logging_mixin.py:188} INFO - [2025-10-17T22:19:13.746+0200] {dag.py:3089} INFO - Sync 1 DAGs
[2025-10-17T22:19:13.783+0200] {logging_mixin.py:188} INFO - [2025-10-17T22:19:13.783+0200] {dag.py:3947} INFO - Setting next_dagrun for etl_api_to_bi to 2025-10-17 20:15:00+00:00, run_after=2025-10-17 20:30:00+00:00
[2025-10-17T22:19:13.813+0200] {processor.py:183} INFO - Processing /opt/airflow/dags/etl_api_to_bi.py took 0.180 seconds
[2025-10-17T22:19:44.091+0200] {processor.py:161} INFO - Started process (PID=237) to work on /opt/airflow/dags/etl_api_to_bi.py
[2025-10-17T22:19:44.094+0200] {processor.py:830} INFO - Processing file /opt/airflow/dags/etl_api_to_bi.py for tasks to queue
[2025-10-17T22:19:44.098+0200] {logging_mixin.py:188} INFO - [2025-10-17T22:19:44.097+0200] {dagbag.py:545} INFO - Filling up the DagBag from /opt/airflow/dags/etl_api_to_bi.py
[2025-10-17T22:19:44.139+0200] {processor.py:840} INFO - DAG(s) 'etl_api_to_bi' retrieved from /opt/airflow/dags/etl_api_to_bi.py
[2025-10-17T22:19:44.188+0200] {logging_mixin.py:188} INFO - [2025-10-17T22:19:44.187+0200] {dag.py:3089} INFO - Sync 1 DAGs
[2025-10-17T22:19:44.219+0200] {logging_mixin.py:188} INFO - [2025-10-17T22:19:44.218+0200] {dag.py:3947} INFO - Setting next_dagrun for etl_api_to_bi to 2025-10-17 20:15:00+00:00, run_after=2025-10-17 20:30:00+00:00
[2025-10-17T22:19:44.469+0200] {processor.py:183} INFO - Processing /opt/airflow/dags/etl_api_to_bi.py took 0.390 seconds
[2025-10-17T22:20:14.837+0200] {processor.py:161} INFO - Started process (PID=242) to work on /opt/airflow/dags/etl_api_to_bi.py
[2025-10-17T22:20:14.840+0200] {processor.py:830} INFO - Processing file /opt/airflow/dags/etl_api_to_bi.py for tasks to queue
[2025-10-17T22:20:14.848+0200] {logging_mixin.py:188} INFO - [2025-10-17T22:20:14.845+0200] {dagbag.py:545} INFO - Filling up the DagBag from /opt/airflow/dags/etl_api_to_bi.py
[2025-10-17T22:20:14.908+0200] {processor.py:840} INFO - DAG(s) 'etl_api_to_bi' retrieved from /opt/airflow/dags/etl_api_to_bi.py
[2025-10-17T22:20:14.966+0200] {logging_mixin.py:188} INFO - [2025-10-17T22:20:14.966+0200] {dag.py:3089} INFO - Sync 1 DAGs
[2025-10-17T22:20:15.260+0200] {logging_mixin.py:188} INFO - [2025-10-17T22:20:15.260+0200] {dag.py:3947} INFO - Setting next_dagrun for etl_api_to_bi to 2025-10-17 20:15:00+00:00, run_after=2025-10-17 20:30:00+00:00
[2025-10-17T22:20:15.307+0200] {processor.py:183} INFO - Processing /opt/airflow/dags/etl_api_to_bi.py took 0.504 seconds
[2025-10-17T22:20:45.557+0200] {processor.py:161} INFO - Started process (PID=247) to work on /opt/airflow/dags/etl_api_to_bi.py
[2025-10-17T22:20:45.560+0200] {processor.py:830} INFO - Processing file /opt/airflow/dags/etl_api_to_bi.py for tasks to queue
[2025-10-17T22:20:45.564+0200] {logging_mixin.py:188} INFO - [2025-10-17T22:20:45.563+0200] {dagbag.py:545} INFO - Filling up the DagBag from /opt/airflow/dags/etl_api_to_bi.py
[2025-10-17T22:20:45.611+0200] {processor.py:840} INFO - DAG(s) 'etl_api_to_bi' retrieved from /opt/airflow/dags/etl_api_to_bi.py
[2025-10-17T22:20:45.882+0200] {logging_mixin.py:188} INFO - [2025-10-17T22:20:45.882+0200] {dag.py:3089} INFO - Sync 1 DAGs
[2025-10-17T22:20:45.907+0200] {logging_mixin.py:188} INFO - [2025-10-17T22:20:45.906+0200] {dag.py:3947} INFO - Setting next_dagrun for etl_api_to_bi to 2025-10-17 20:15:00+00:00, run_after=2025-10-17 20:30:00+00:00
[2025-10-17T22:20:45.936+0200] {processor.py:183} INFO - Processing /opt/airflow/dags/etl_api_to_bi.py took 0.389 seconds
[2025-10-17T22:21:16.473+0200] {processor.py:161} INFO - Started process (PID=252) to work on /opt/airflow/dags/etl_api_to_bi.py
[2025-10-17T22:21:16.490+0200] {processor.py:830} INFO - Processing file /opt/airflow/dags/etl_api_to_bi.py for tasks to queue
[2025-10-17T22:21:16.494+0200] {logging_mixin.py:188} INFO - [2025-10-17T22:21:16.493+0200] {dagbag.py:545} INFO - Filling up the DagBag from /opt/airflow/dags/etl_api_to_bi.py
[2025-10-17T22:21:16.555+0200] {processor.py:840} INFO - DAG(s) 'etl_api_to_bi' retrieved from /opt/airflow/dags/etl_api_to_bi.py
[2025-10-17T22:21:16.623+0200] {logging_mixin.py:188} INFO - [2025-10-17T22:21:16.623+0200] {dag.py:3089} INFO - Sync 1 DAGs
[2025-10-17T22:21:16.657+0200] {logging_mixin.py:188} INFO - [2025-10-17T22:21:16.657+0200] {dag.py:3947} INFO - Setting next_dagrun for etl_api_to_bi to 2025-10-17 20:15:00+00:00, run_after=2025-10-17 20:30:00+00:00
[2025-10-17T22:21:16.685+0200] {processor.py:183} INFO - Processing /opt/airflow/dags/etl_api_to_bi.py took 0.225 seconds
[2025-10-17T22:21:46.948+0200] {processor.py:161} INFO - Started process (PID=257) to work on /opt/airflow/dags/etl_api_to_bi.py
[2025-10-17T22:21:46.950+0200] {processor.py:830} INFO - Processing file /opt/airflow/dags/etl_api_to_bi.py for tasks to queue
[2025-10-17T22:21:46.955+0200] {logging_mixin.py:188} INFO - [2025-10-17T22:21:46.954+0200] {dagbag.py:545} INFO - Filling up the DagBag from /opt/airflow/dags/etl_api_to_bi.py
[2025-10-17T22:21:46.997+0200] {processor.py:840} INFO - DAG(s) 'etl_api_to_bi' retrieved from /opt/airflow/dags/etl_api_to_bi.py
[2025-10-17T22:21:47.051+0200] {logging_mixin.py:188} INFO - [2025-10-17T22:21:47.051+0200] {dag.py:3089} INFO - Sync 1 DAGs
[2025-10-17T22:21:47.089+0200] {logging_mixin.py:188} INFO - [2025-10-17T22:21:47.088+0200] {dag.py:3947} INFO - Setting next_dagrun for etl_api_to_bi to 2025-10-17 20:15:00+00:00, run_after=2025-10-17 20:30:00+00:00
[2025-10-17T22:21:47.126+0200] {processor.py:183} INFO - Processing /opt/airflow/dags/etl_api_to_bi.py took 0.193 seconds
[2025-10-17T22:22:17.433+0200] {processor.py:161} INFO - Started process (PID=262) to work on /opt/airflow/dags/etl_api_to_bi.py
[2025-10-17T22:22:17.437+0200] {processor.py:830} INFO - Processing file /opt/airflow/dags/etl_api_to_bi.py for tasks to queue
[2025-10-17T22:22:17.445+0200] {logging_mixin.py:188} INFO - [2025-10-17T22:22:17.444+0200] {dagbag.py:545} INFO - Filling up the DagBag from /opt/airflow/dags/etl_api_to_bi.py
[2025-10-17T22:22:17.517+0200] {processor.py:840} INFO - DAG(s) 'etl_api_to_bi' retrieved from /opt/airflow/dags/etl_api_to_bi.py
[2025-10-17T22:22:17.650+0200] {logging_mixin.py:188} INFO - [2025-10-17T22:22:17.649+0200] {dag.py:3089} INFO - Sync 1 DAGs
[2025-10-17T22:22:17.758+0200] {logging_mixin.py:188} INFO - [2025-10-17T22:22:17.758+0200] {dag.py:3947} INFO - Setting next_dagrun for etl_api_to_bi to 2025-10-17 20:15:00+00:00, run_after=2025-10-17 20:30:00+00:00
[2025-10-17T22:22:17.813+0200] {processor.py:183} INFO - Processing /opt/airflow/dags/etl_api_to_bi.py took 0.410 seconds
[2025-10-17T22:22:48.049+0200] {processor.py:161} INFO - Started process (PID=267) to work on /opt/airflow/dags/etl_api_to_bi.py
[2025-10-17T22:22:48.053+0200] {processor.py:830} INFO - Processing file /opt/airflow/dags/etl_api_to_bi.py for tasks to queue
[2025-10-17T22:22:48.058+0200] {logging_mixin.py:188} INFO - [2025-10-17T22:22:48.057+0200] {dagbag.py:545} INFO - Filling up the DagBag from /opt/airflow/dags/etl_api_to_bi.py
[2025-10-17T22:22:48.108+0200] {processor.py:840} INFO - DAG(s) 'etl_api_to_bi' retrieved from /opt/airflow/dags/etl_api_to_bi.py
[2025-10-17T22:22:48.186+0200] {logging_mixin.py:188} INFO - [2025-10-17T22:22:48.186+0200] {dag.py:3089} INFO - Sync 1 DAGs
[2025-10-17T22:22:48.221+0200] {logging_mixin.py:188} INFO - [2025-10-17T22:22:48.221+0200] {dag.py:3947} INFO - Setting next_dagrun for etl_api_to_bi to 2025-10-17 20:15:00+00:00, run_after=2025-10-17 20:30:00+00:00
[2025-10-17T22:22:48.254+0200] {processor.py:183} INFO - Processing /opt/airflow/dags/etl_api_to_bi.py took 0.215 seconds
[2025-10-17T22:23:18.654+0200] {processor.py:161} INFO - Started process (PID=272) to work on /opt/airflow/dags/etl_api_to_bi.py
[2025-10-17T22:23:18.656+0200] {processor.py:830} INFO - Processing file /opt/airflow/dags/etl_api_to_bi.py for tasks to queue
[2025-10-17T22:23:18.660+0200] {logging_mixin.py:188} INFO - [2025-10-17T22:23:18.660+0200] {dagbag.py:545} INFO - Filling up the DagBag from /opt/airflow/dags/etl_api_to_bi.py
[2025-10-17T22:23:18.714+0200] {processor.py:840} INFO - DAG(s) 'etl_api_to_bi' retrieved from /opt/airflow/dags/etl_api_to_bi.py
[2025-10-17T22:23:18.783+0200] {logging_mixin.py:188} INFO - [2025-10-17T22:23:18.783+0200] {dag.py:3089} INFO - Sync 1 DAGs
[2025-10-17T22:23:18.826+0200] {logging_mixin.py:188} INFO - [2025-10-17T22:23:18.825+0200] {dag.py:3947} INFO - Setting next_dagrun for etl_api_to_bi to 2025-10-17 20:15:00+00:00, run_after=2025-10-17 20:30:00+00:00
[2025-10-17T22:23:18.874+0200] {processor.py:183} INFO - Processing /opt/airflow/dags/etl_api_to_bi.py took 0.232 seconds
[2025-10-17T22:23:49.120+0200] {processor.py:161} INFO - Started process (PID=277) to work on /opt/airflow/dags/etl_api_to_bi.py
[2025-10-17T22:23:49.123+0200] {processor.py:830} INFO - Processing file /opt/airflow/dags/etl_api_to_bi.py for tasks to queue
[2025-10-17T22:23:49.128+0200] {logging_mixin.py:188} INFO - [2025-10-17T22:23:49.127+0200] {dagbag.py:545} INFO - Filling up the DagBag from /opt/airflow/dags/etl_api_to_bi.py
[2025-10-17T22:23:49.176+0200] {processor.py:840} INFO - DAG(s) 'etl_api_to_bi' retrieved from /opt/airflow/dags/etl_api_to_bi.py
[2025-10-17T22:23:49.256+0200] {logging_mixin.py:188} INFO - [2025-10-17T22:23:49.256+0200] {dag.py:3089} INFO - Sync 1 DAGs
[2025-10-17T22:23:49.299+0200] {logging_mixin.py:188} INFO - [2025-10-17T22:23:49.299+0200] {dag.py:3947} INFO - Setting next_dagrun for etl_api_to_bi to 2025-10-17 20:15:00+00:00, run_after=2025-10-17 20:30:00+00:00
[2025-10-17T22:23:49.363+0200] {processor.py:183} INFO - Processing /opt/airflow/dags/etl_api_to_bi.py took 0.254 seconds
[2025-10-17T22:24:19.607+0200] {processor.py:161} INFO - Started process (PID=282) to work on /opt/airflow/dags/etl_api_to_bi.py
[2025-10-17T22:24:19.608+0200] {processor.py:830} INFO - Processing file /opt/airflow/dags/etl_api_to_bi.py for tasks to queue
[2025-10-17T22:24:19.612+0200] {logging_mixin.py:188} INFO - [2025-10-17T22:24:19.611+0200] {dagbag.py:545} INFO - Filling up the DagBag from /opt/airflow/dags/etl_api_to_bi.py
[2025-10-17T22:24:19.666+0200] {processor.py:840} INFO - DAG(s) 'etl_api_to_bi' retrieved from /opt/airflow/dags/etl_api_to_bi.py
[2025-10-17T22:24:19.742+0200] {logging_mixin.py:188} INFO - [2025-10-17T22:24:19.742+0200] {dag.py:3089} INFO - Sync 1 DAGs
[2025-10-17T22:24:19.792+0200] {logging_mixin.py:188} INFO - [2025-10-17T22:24:19.792+0200] {dag.py:3947} INFO - Setting next_dagrun for etl_api_to_bi to 2025-10-17 20:15:00+00:00, run_after=2025-10-17 20:30:00+00:00
[2025-10-17T22:24:19.829+0200] {processor.py:183} INFO - Processing /opt/airflow/dags/etl_api_to_bi.py took 0.232 seconds
[2025-10-17T22:24:50.090+0200] {processor.py:161} INFO - Started process (PID=287) to work on /opt/airflow/dags/etl_api_to_bi.py
[2025-10-17T22:24:50.092+0200] {processor.py:830} INFO - Processing file /opt/airflow/dags/etl_api_to_bi.py for tasks to queue
[2025-10-17T22:24:50.095+0200] {logging_mixin.py:188} INFO - [2025-10-17T22:24:50.095+0200] {dagbag.py:545} INFO - Filling up the DagBag from /opt/airflow/dags/etl_api_to_bi.py
[2025-10-17T22:24:50.135+0200] {processor.py:840} INFO - DAG(s) 'etl_api_to_bi' retrieved from /opt/airflow/dags/etl_api_to_bi.py
[2025-10-17T22:24:50.183+0200] {logging_mixin.py:188} INFO - [2025-10-17T22:24:50.183+0200] {dag.py:3089} INFO - Sync 1 DAGs
[2025-10-17T22:24:50.211+0200] {logging_mixin.py:188} INFO - [2025-10-17T22:24:50.210+0200] {dag.py:3947} INFO - Setting next_dagrun for etl_api_to_bi to 2025-10-17 20:15:00+00:00, run_after=2025-10-17 20:30:00+00:00
[2025-10-17T22:24:50.264+0200] {processor.py:183} INFO - Processing /opt/airflow/dags/etl_api_to_bi.py took 0.185 seconds
[2025-10-17T22:25:20.502+0200] {processor.py:161} INFO - Started process (PID=292) to work on /opt/airflow/dags/etl_api_to_bi.py
[2025-10-17T22:25:20.504+0200] {processor.py:830} INFO - Processing file /opt/airflow/dags/etl_api_to_bi.py for tasks to queue
[2025-10-17T22:25:20.508+0200] {logging_mixin.py:188} INFO - [2025-10-17T22:25:20.507+0200] {dagbag.py:545} INFO - Filling up the DagBag from /opt/airflow/dags/etl_api_to_bi.py
[2025-10-17T22:25:20.549+0200] {processor.py:840} INFO - DAG(s) 'etl_api_to_bi' retrieved from /opt/airflow/dags/etl_api_to_bi.py
[2025-10-17T22:25:20.610+0200] {logging_mixin.py:188} INFO - [2025-10-17T22:25:20.609+0200] {dag.py:3089} INFO - Sync 1 DAGs
[2025-10-17T22:25:20.658+0200] {logging_mixin.py:188} INFO - [2025-10-17T22:25:20.657+0200] {dag.py:3947} INFO - Setting next_dagrun for etl_api_to_bi to 2025-10-17 20:15:00+00:00, run_after=2025-10-17 20:30:00+00:00
[2025-10-17T22:25:20.697+0200] {processor.py:183} INFO - Processing /opt/airflow/dags/etl_api_to_bi.py took 0.204 seconds
[2025-10-17T22:25:50.946+0200] {processor.py:161} INFO - Started process (PID=297) to work on /opt/airflow/dags/etl_api_to_bi.py
[2025-10-17T22:25:50.947+0200] {processor.py:830} INFO - Processing file /opt/airflow/dags/etl_api_to_bi.py for tasks to queue
[2025-10-17T22:25:50.950+0200] {logging_mixin.py:188} INFO - [2025-10-17T22:25:50.949+0200] {dagbag.py:545} INFO - Filling up the DagBag from /opt/airflow/dags/etl_api_to_bi.py
[2025-10-17T22:25:50.986+0200] {processor.py:840} INFO - DAG(s) 'etl_api_to_bi' retrieved from /opt/airflow/dags/etl_api_to_bi.py
[2025-10-17T22:25:51.035+0200] {logging_mixin.py:188} INFO - [2025-10-17T22:25:51.035+0200] {dag.py:3089} INFO - Sync 1 DAGs
[2025-10-17T22:25:51.064+0200] {logging_mixin.py:188} INFO - [2025-10-17T22:25:51.063+0200] {dag.py:3947} INFO - Setting next_dagrun for etl_api_to_bi to 2025-10-17 20:15:00+00:00, run_after=2025-10-17 20:30:00+00:00
[2025-10-17T22:25:51.094+0200] {processor.py:183} INFO - Processing /opt/airflow/dags/etl_api_to_bi.py took 0.156 seconds
[2025-10-17T22:26:21.185+0200] {processor.py:161} INFO - Started process (PID=302) to work on /opt/airflow/dags/etl_api_to_bi.py
[2025-10-17T22:26:21.187+0200] {processor.py:830} INFO - Processing file /opt/airflow/dags/etl_api_to_bi.py for tasks to queue
[2025-10-17T22:26:21.191+0200] {logging_mixin.py:188} INFO - [2025-10-17T22:26:21.191+0200] {dagbag.py:545} INFO - Filling up the DagBag from /opt/airflow/dags/etl_api_to_bi.py
[2025-10-17T22:26:21.241+0200] {processor.py:840} INFO - DAG(s) 'etl_api_to_bi' retrieved from /opt/airflow/dags/etl_api_to_bi.py
[2025-10-17T22:26:21.330+0200] {logging_mixin.py:188} INFO - [2025-10-17T22:26:21.330+0200] {dag.py:3089} INFO - Sync 1 DAGs
[2025-10-17T22:26:21.378+0200] {logging_mixin.py:188} INFO - [2025-10-17T22:26:21.377+0200] {dag.py:3947} INFO - Setting next_dagrun for etl_api_to_bi to 2025-10-17 20:15:00+00:00, run_after=2025-10-17 20:30:00+00:00
[2025-10-17T22:26:21.408+0200] {processor.py:183} INFO - Processing /opt/airflow/dags/etl_api_to_bi.py took 0.229 seconds
[2025-10-17T22:26:51.516+0200] {processor.py:161} INFO - Started process (PID=307) to work on /opt/airflow/dags/etl_api_to_bi.py
[2025-10-17T22:26:51.518+0200] {processor.py:830} INFO - Processing file /opt/airflow/dags/etl_api_to_bi.py for tasks to queue
[2025-10-17T22:26:51.521+0200] {logging_mixin.py:188} INFO - [2025-10-17T22:26:51.520+0200] {dagbag.py:545} INFO - Filling up the DagBag from /opt/airflow/dags/etl_api_to_bi.py
[2025-10-17T22:26:51.551+0200] {processor.py:840} INFO - DAG(s) 'etl_api_to_bi' retrieved from /opt/airflow/dags/etl_api_to_bi.py
[2025-10-17T22:26:51.593+0200] {logging_mixin.py:188} INFO - [2025-10-17T22:26:51.593+0200] {dag.py:3089} INFO - Sync 1 DAGs
[2025-10-17T22:26:51.618+0200] {logging_mixin.py:188} INFO - [2025-10-17T22:26:51.618+0200] {dag.py:3947} INFO - Setting next_dagrun for etl_api_to_bi to 2025-10-17 20:15:00+00:00, run_after=2025-10-17 20:30:00+00:00
[2025-10-17T22:26:51.643+0200] {processor.py:183} INFO - Processing /opt/airflow/dags/etl_api_to_bi.py took 0.135 seconds
[2025-10-17T22:27:21.837+0200] {processor.py:161} INFO - Started process (PID=312) to work on /opt/airflow/dags/etl_api_to_bi.py
[2025-10-17T22:27:21.839+0200] {processor.py:830} INFO - Processing file /opt/airflow/dags/etl_api_to_bi.py for tasks to queue
[2025-10-17T22:27:21.843+0200] {logging_mixin.py:188} INFO - [2025-10-17T22:27:21.842+0200] {dagbag.py:545} INFO - Filling up the DagBag from /opt/airflow/dags/etl_api_to_bi.py
[2025-10-17T22:27:21.887+0200] {processor.py:840} INFO - DAG(s) 'etl_api_to_bi' retrieved from /opt/airflow/dags/etl_api_to_bi.py
[2025-10-17T22:27:21.944+0200] {logging_mixin.py:188} INFO - [2025-10-17T22:27:21.944+0200] {dag.py:3089} INFO - Sync 1 DAGs
[2025-10-17T22:27:21.974+0200] {logging_mixin.py:188} INFO - [2025-10-17T22:27:21.974+0200] {dag.py:3947} INFO - Setting next_dagrun for etl_api_to_bi to 2025-10-17 20:15:00+00:00, run_after=2025-10-17 20:30:00+00:00
[2025-10-17T22:27:22.000+0200] {processor.py:183} INFO - Processing /opt/airflow/dags/etl_api_to_bi.py took 0.173 seconds
[2025-10-17T22:27:52.251+0200] {processor.py:161} INFO - Started process (PID=317) to work on /opt/airflow/dags/etl_api_to_bi.py
[2025-10-17T22:27:52.254+0200] {processor.py:830} INFO - Processing file /opt/airflow/dags/etl_api_to_bi.py for tasks to queue
[2025-10-17T22:27:52.258+0200] {logging_mixin.py:188} INFO - [2025-10-17T22:27:52.257+0200] {dagbag.py:545} INFO - Filling up the DagBag from /opt/airflow/dags/etl_api_to_bi.py
[2025-10-17T22:27:52.290+0200] {processor.py:840} INFO - DAG(s) 'etl_api_to_bi' retrieved from /opt/airflow/dags/etl_api_to_bi.py
[2025-10-17T22:27:52.335+0200] {logging_mixin.py:188} INFO - [2025-10-17T22:27:52.334+0200] {dag.py:3089} INFO - Sync 1 DAGs
[2025-10-17T22:27:52.365+0200] {logging_mixin.py:188} INFO - [2025-10-17T22:27:52.365+0200] {dag.py:3947} INFO - Setting next_dagrun for etl_api_to_bi to 2025-10-17 20:15:00+00:00, run_after=2025-10-17 20:30:00+00:00
[2025-10-17T22:27:52.390+0200] {processor.py:183} INFO - Processing /opt/airflow/dags/etl_api_to_bi.py took 0.152 seconds
[2025-10-17T22:28:22.481+0200] {processor.py:161} INFO - Started process (PID=322) to work on /opt/airflow/dags/etl_api_to_bi.py
[2025-10-17T22:28:22.483+0200] {processor.py:830} INFO - Processing file /opt/airflow/dags/etl_api_to_bi.py for tasks to queue
[2025-10-17T22:28:22.486+0200] {logging_mixin.py:188} INFO - [2025-10-17T22:28:22.485+0200] {dagbag.py:545} INFO - Filling up the DagBag from /opt/airflow/dags/etl_api_to_bi.py
[2025-10-17T22:28:22.528+0200] {processor.py:840} INFO - DAG(s) 'etl_api_to_bi' retrieved from /opt/airflow/dags/etl_api_to_bi.py
[2025-10-17T22:28:22.577+0200] {logging_mixin.py:188} INFO - [2025-10-17T22:28:22.577+0200] {dag.py:3089} INFO - Sync 1 DAGs
[2025-10-17T22:28:22.609+0200] {logging_mixin.py:188} INFO - [2025-10-17T22:28:22.609+0200] {dag.py:3947} INFO - Setting next_dagrun for etl_api_to_bi to 2025-10-17 20:15:00+00:00, run_after=2025-10-17 20:30:00+00:00
[2025-10-17T22:28:22.637+0200] {processor.py:183} INFO - Processing /opt/airflow/dags/etl_api_to_bi.py took 0.164 seconds
[2025-10-17T22:28:52.991+0200] {processor.py:161} INFO - Started process (PID=327) to work on /opt/airflow/dags/etl_api_to_bi.py
[2025-10-17T22:28:52.995+0200] {processor.py:830} INFO - Processing file /opt/airflow/dags/etl_api_to_bi.py for tasks to queue
[2025-10-17T22:28:52.999+0200] {logging_mixin.py:188} INFO - [2025-10-17T22:28:52.998+0200] {dagbag.py:545} INFO - Filling up the DagBag from /opt/airflow/dags/etl_api_to_bi.py
[2025-10-17T22:28:53.049+0200] {processor.py:840} INFO - DAG(s) 'etl_api_to_bi' retrieved from /opt/airflow/dags/etl_api_to_bi.py
[2025-10-17T22:28:53.109+0200] {logging_mixin.py:188} INFO - [2025-10-17T22:28:53.108+0200] {dag.py:3089} INFO - Sync 1 DAGs
[2025-10-17T22:28:53.140+0200] {logging_mixin.py:188} INFO - [2025-10-17T22:28:53.139+0200] {dag.py:3947} INFO - Setting next_dagrun for etl_api_to_bi to 2025-10-17 20:15:00+00:00, run_after=2025-10-17 20:30:00+00:00
[2025-10-17T22:28:53.174+0200] {processor.py:183} INFO - Processing /opt/airflow/dags/etl_api_to_bi.py took 0.199 seconds
[2025-10-17T22:29:23.419+0200] {processor.py:161} INFO - Started process (PID=332) to work on /opt/airflow/dags/etl_api_to_bi.py
[2025-10-17T22:29:23.421+0200] {processor.py:830} INFO - Processing file /opt/airflow/dags/etl_api_to_bi.py for tasks to queue
[2025-10-17T22:29:23.424+0200] {logging_mixin.py:188} INFO - [2025-10-17T22:29:23.423+0200] {dagbag.py:545} INFO - Filling up the DagBag from /opt/airflow/dags/etl_api_to_bi.py
[2025-10-17T22:29:23.466+0200] {processor.py:840} INFO - DAG(s) 'etl_api_to_bi' retrieved from /opt/airflow/dags/etl_api_to_bi.py
[2025-10-17T22:29:23.524+0200] {logging_mixin.py:188} INFO - [2025-10-17T22:29:23.524+0200] {dag.py:3089} INFO - Sync 1 DAGs
[2025-10-17T22:29:23.570+0200] {logging_mixin.py:188} INFO - [2025-10-17T22:29:23.569+0200] {dag.py:3947} INFO - Setting next_dagrun for etl_api_to_bi to 2025-10-17 20:15:00+00:00, run_after=2025-10-17 20:30:00+00:00
[2025-10-17T22:29:23.602+0200] {processor.py:183} INFO - Processing /opt/airflow/dags/etl_api_to_bi.py took 0.195 seconds
[2025-10-17T22:29:53.847+0200] {processor.py:161} INFO - Started process (PID=337) to work on /opt/airflow/dags/etl_api_to_bi.py
[2025-10-17T22:29:53.850+0200] {processor.py:830} INFO - Processing file /opt/airflow/dags/etl_api_to_bi.py for tasks to queue
[2025-10-17T22:29:53.854+0200] {logging_mixin.py:188} INFO - [2025-10-17T22:29:53.853+0200] {dagbag.py:545} INFO - Filling up the DagBag from /opt/airflow/dags/etl_api_to_bi.py
[2025-10-17T22:29:53.904+0200] {processor.py:840} INFO - DAG(s) 'etl_api_to_bi' retrieved from /opt/airflow/dags/etl_api_to_bi.py
[2025-10-17T22:29:53.984+0200] {logging_mixin.py:188} INFO - [2025-10-17T22:29:53.984+0200] {dag.py:3089} INFO - Sync 1 DAGs
[2025-10-17T22:29:54.028+0200] {logging_mixin.py:188} INFO - [2025-10-17T22:29:54.028+0200] {dag.py:3947} INFO - Setting next_dagrun for etl_api_to_bi to 2025-10-17 20:15:00+00:00, run_after=2025-10-17 20:30:00+00:00
[2025-10-17T22:29:54.065+0200] {processor.py:183} INFO - Processing /opt/airflow/dags/etl_api_to_bi.py took 0.233 seconds
[2025-10-17T22:30:24.416+0200] {processor.py:161} INFO - Started process (PID=372) to work on /opt/airflow/dags/etl_api_to_bi.py
[2025-10-17T22:30:24.420+0200] {processor.py:830} INFO - Processing file /opt/airflow/dags/etl_api_to_bi.py for tasks to queue
[2025-10-17T22:30:24.426+0200] {logging_mixin.py:188} INFO - [2025-10-17T22:30:24.424+0200] {dagbag.py:545} INFO - Filling up the DagBag from /opt/airflow/dags/etl_api_to_bi.py
[2025-10-17T22:30:24.489+0200] {processor.py:840} INFO - DAG(s) 'etl_api_to_bi' retrieved from /opt/airflow/dags/etl_api_to_bi.py
[2025-10-17T22:30:24.586+0200] {logging_mixin.py:188} INFO - [2025-10-17T22:30:24.584+0200] {dag.py:3089} INFO - Sync 1 DAGs
[2025-10-17T22:30:24.748+0200] {logging_mixin.py:188} INFO - [2025-10-17T22:30:24.747+0200] {dag.py:3947} INFO - Setting next_dagrun for etl_api_to_bi to 2025-10-17 20:30:00+00:00, run_after=2025-10-17 20:45:00+00:00
[2025-10-17T22:30:24.906+0200] {processor.py:183} INFO - Processing /opt/airflow/dags/etl_api_to_bi.py took 0.508 seconds
[2025-10-17T22:30:55.276+0200] {processor.py:161} INFO - Started process (PID=377) to work on /opt/airflow/dags/etl_api_to_bi.py
[2025-10-17T22:30:55.279+0200] {processor.py:830} INFO - Processing file /opt/airflow/dags/etl_api_to_bi.py for tasks to queue
[2025-10-17T22:30:55.282+0200] {logging_mixin.py:188} INFO - [2025-10-17T22:30:55.281+0200] {dagbag.py:545} INFO - Filling up the DagBag from /opt/airflow/dags/etl_api_to_bi.py
[2025-10-17T22:30:55.322+0200] {processor.py:840} INFO - DAG(s) 'etl_api_to_bi' retrieved from /opt/airflow/dags/etl_api_to_bi.py
[2025-10-17T22:30:55.367+0200] {logging_mixin.py:188} INFO - [2025-10-17T22:30:55.367+0200] {dag.py:3089} INFO - Sync 1 DAGs
[2025-10-17T22:30:55.397+0200] {logging_mixin.py:188} INFO - [2025-10-17T22:30:55.397+0200] {dag.py:3947} INFO - Setting next_dagrun for etl_api_to_bi to 2025-10-17 20:30:00+00:00, run_after=2025-10-17 20:45:00+00:00
[2025-10-17T22:30:55.430+0200] {processor.py:183} INFO - Processing /opt/airflow/dags/etl_api_to_bi.py took 0.164 seconds
[2025-10-17T22:31:25.698+0200] {processor.py:161} INFO - Started process (PID=382) to work on /opt/airflow/dags/etl_api_to_bi.py
[2025-10-17T22:31:25.700+0200] {processor.py:830} INFO - Processing file /opt/airflow/dags/etl_api_to_bi.py for tasks to queue
[2025-10-17T22:31:25.706+0200] {logging_mixin.py:188} INFO - [2025-10-17T22:31:25.705+0200] {dagbag.py:545} INFO - Filling up the DagBag from /opt/airflow/dags/etl_api_to_bi.py
[2025-10-17T22:31:25.749+0200] {processor.py:840} INFO - DAG(s) 'etl_api_to_bi' retrieved from /opt/airflow/dags/etl_api_to_bi.py
[2025-10-17T22:31:25.811+0200] {logging_mixin.py:188} INFO - [2025-10-17T22:31:25.810+0200] {dag.py:3089} INFO - Sync 1 DAGs
[2025-10-17T22:31:25.847+0200] {logging_mixin.py:188} INFO - [2025-10-17T22:31:25.847+0200] {dag.py:3947} INFO - Setting next_dagrun for etl_api_to_bi to 2025-10-17 20:30:00+00:00, run_after=2025-10-17 20:45:00+00:00
[2025-10-17T22:31:25.879+0200] {processor.py:183} INFO - Processing /opt/airflow/dags/etl_api_to_bi.py took 0.194 seconds
[2025-10-17T22:31:56.147+0200] {processor.py:161} INFO - Started process (PID=387) to work on /opt/airflow/dags/etl_api_to_bi.py
[2025-10-17T22:31:56.148+0200] {processor.py:830} INFO - Processing file /opt/airflow/dags/etl_api_to_bi.py for tasks to queue
[2025-10-17T22:31:56.152+0200] {logging_mixin.py:188} INFO - [2025-10-17T22:31:56.152+0200] {dagbag.py:545} INFO - Filling up the DagBag from /opt/airflow/dags/etl_api_to_bi.py
[2025-10-17T22:31:56.200+0200] {processor.py:840} INFO - DAG(s) 'etl_api_to_bi' retrieved from /opt/airflow/dags/etl_api_to_bi.py
[2025-10-17T22:31:56.283+0200] {logging_mixin.py:188} INFO - [2025-10-17T22:31:56.282+0200] {dag.py:3089} INFO - Sync 1 DAGs
[2025-10-17T22:31:56.371+0200] {logging_mixin.py:188} INFO - [2025-10-17T22:31:56.370+0200] {dag.py:3947} INFO - Setting next_dagrun for etl_api_to_bi to 2025-10-17 20:30:00+00:00, run_after=2025-10-17 20:45:00+00:00
[2025-10-17T22:31:56.513+0200] {processor.py:183} INFO - Processing /opt/airflow/dags/etl_api_to_bi.py took 0.377 seconds
[2025-10-17T22:32:26.789+0200] {processor.py:161} INFO - Started process (PID=392) to work on /opt/airflow/dags/etl_api_to_bi.py
[2025-10-17T22:32:26.791+0200] {processor.py:830} INFO - Processing file /opt/airflow/dags/etl_api_to_bi.py for tasks to queue
[2025-10-17T22:32:26.795+0200] {logging_mixin.py:188} INFO - [2025-10-17T22:32:26.794+0200] {dagbag.py:545} INFO - Filling up the DagBag from /opt/airflow/dags/etl_api_to_bi.py
[2025-10-17T22:32:26.836+0200] {processor.py:840} INFO - DAG(s) 'etl_api_to_bi' retrieved from /opt/airflow/dags/etl_api_to_bi.py
[2025-10-17T22:32:26.890+0200] {logging_mixin.py:188} INFO - [2025-10-17T22:32:26.890+0200] {dag.py:3089} INFO - Sync 1 DAGs
[2025-10-17T22:32:26.939+0200] {logging_mixin.py:188} INFO - [2025-10-17T22:32:26.939+0200] {dag.py:3947} INFO - Setting next_dagrun for etl_api_to_bi to 2025-10-17 20:30:00+00:00, run_after=2025-10-17 20:45:00+00:00
[2025-10-17T22:32:26.973+0200] {processor.py:183} INFO - Processing /opt/airflow/dags/etl_api_to_bi.py took 0.196 seconds
[2025-10-17T22:32:57.236+0200] {processor.py:161} INFO - Started process (PID=397) to work on /opt/airflow/dags/etl_api_to_bi.py
[2025-10-17T22:32:57.241+0200] {processor.py:830} INFO - Processing file /opt/airflow/dags/etl_api_to_bi.py for tasks to queue
[2025-10-17T22:32:57.250+0200] {logging_mixin.py:188} INFO - [2025-10-17T22:32:57.245+0200] {dagbag.py:545} INFO - Filling up the DagBag from /opt/airflow/dags/etl_api_to_bi.py
[2025-10-17T22:32:57.315+0200] {processor.py:840} INFO - DAG(s) 'etl_api_to_bi' retrieved from /opt/airflow/dags/etl_api_to_bi.py
[2025-10-17T22:32:57.396+0200] {logging_mixin.py:188} INFO - [2025-10-17T22:32:57.395+0200] {dag.py:3089} INFO - Sync 1 DAGs
[2025-10-17T22:32:57.454+0200] {logging_mixin.py:188} INFO - [2025-10-17T22:32:57.453+0200] {dag.py:3947} INFO - Setting next_dagrun for etl_api_to_bi to 2025-10-17 20:30:00+00:00, run_after=2025-10-17 20:45:00+00:00
[2025-10-17T22:32:57.509+0200] {processor.py:183} INFO - Processing /opt/airflow/dags/etl_api_to_bi.py took 0.294 seconds
[2025-10-17T22:33:27.813+0200] {processor.py:161} INFO - Started process (PID=402) to work on /opt/airflow/dags/etl_api_to_bi.py
[2025-10-17T22:33:27.815+0200] {processor.py:830} INFO - Processing file /opt/airflow/dags/etl_api_to_bi.py for tasks to queue
[2025-10-17T22:33:27.819+0200] {logging_mixin.py:188} INFO - [2025-10-17T22:33:27.818+0200] {dagbag.py:545} INFO - Filling up the DagBag from /opt/airflow/dags/etl_api_to_bi.py
[2025-10-17T22:33:27.860+0200] {processor.py:840} INFO - DAG(s) 'etl_api_to_bi' retrieved from /opt/airflow/dags/etl_api_to_bi.py
[2025-10-17T22:33:27.904+0200] {logging_mixin.py:188} INFO - [2025-10-17T22:33:27.904+0200] {dag.py:3089} INFO - Sync 1 DAGs
[2025-10-17T22:33:27.945+0200] {logging_mixin.py:188} INFO - [2025-10-17T22:33:27.945+0200] {dag.py:3947} INFO - Setting next_dagrun for etl_api_to_bi to 2025-10-17 20:30:00+00:00, run_after=2025-10-17 20:45:00+00:00
[2025-10-17T22:33:27.978+0200] {processor.py:183} INFO - Processing /opt/airflow/dags/etl_api_to_bi.py took 0.173 seconds
[2025-10-17T22:33:58.236+0200] {processor.py:161} INFO - Started process (PID=407) to work on /opt/airflow/dags/etl_api_to_bi.py
[2025-10-17T22:33:58.238+0200] {processor.py:830} INFO - Processing file /opt/airflow/dags/etl_api_to_bi.py for tasks to queue
[2025-10-17T22:33:58.241+0200] {logging_mixin.py:188} INFO - [2025-10-17T22:33:58.241+0200] {dagbag.py:545} INFO - Filling up the DagBag from /opt/airflow/dags/etl_api_to_bi.py
[2025-10-17T22:33:58.280+0200] {processor.py:840} INFO - DAG(s) 'etl_api_to_bi' retrieved from /opt/airflow/dags/etl_api_to_bi.py
[2025-10-17T22:33:58.329+0200] {logging_mixin.py:188} INFO - [2025-10-17T22:33:58.328+0200] {dag.py:3089} INFO - Sync 1 DAGs
[2025-10-17T22:33:58.357+0200] {logging_mixin.py:188} INFO - [2025-10-17T22:33:58.357+0200] {dag.py:3947} INFO - Setting next_dagrun for etl_api_to_bi to 2025-10-17 20:30:00+00:00, run_after=2025-10-17 20:45:00+00:00
[2025-10-17T22:33:58.383+0200] {processor.py:183} INFO - Processing /opt/airflow/dags/etl_api_to_bi.py took 0.157 seconds
[2025-10-17T22:34:28.486+0200] {processor.py:161} INFO - Started process (PID=412) to work on /opt/airflow/dags/etl_api_to_bi.py
[2025-10-17T22:34:28.489+0200] {processor.py:830} INFO - Processing file /opt/airflow/dags/etl_api_to_bi.py for tasks to queue
[2025-10-17T22:34:28.493+0200] {logging_mixin.py:188} INFO - [2025-10-17T22:34:28.492+0200] {dagbag.py:545} INFO - Filling up the DagBag from /opt/airflow/dags/etl_api_to_bi.py
[2025-10-17T22:34:28.541+0200] {processor.py:840} INFO - DAG(s) 'etl_api_to_bi' retrieved from /opt/airflow/dags/etl_api_to_bi.py
[2025-10-17T22:34:28.596+0200] {logging_mixin.py:188} INFO - [2025-10-17T22:34:28.596+0200] {dag.py:3089} INFO - Sync 1 DAGs
[2025-10-17T22:34:28.633+0200] {logging_mixin.py:188} INFO - [2025-10-17T22:34:28.633+0200] {dag.py:3947} INFO - Setting next_dagrun for etl_api_to_bi to 2025-10-17 20:30:00+00:00, run_after=2025-10-17 20:45:00+00:00
[2025-10-17T22:34:28.664+0200] {processor.py:183} INFO - Processing /opt/airflow/dags/etl_api_to_bi.py took 0.189 seconds
[2025-10-17T22:34:58.842+0200] {processor.py:161} INFO - Started process (PID=417) to work on /opt/airflow/dags/etl_api_to_bi.py
[2025-10-17T22:34:58.844+0200] {processor.py:830} INFO - Processing file /opt/airflow/dags/etl_api_to_bi.py for tasks to queue
[2025-10-17T22:34:58.848+0200] {logging_mixin.py:188} INFO - [2025-10-17T22:34:58.847+0200] {dagbag.py:545} INFO - Filling up the DagBag from /opt/airflow/dags/etl_api_to_bi.py
[2025-10-17T22:34:58.889+0200] {processor.py:840} INFO - DAG(s) 'etl_api_to_bi' retrieved from /opt/airflow/dags/etl_api_to_bi.py
[2025-10-17T22:34:58.943+0200] {logging_mixin.py:188} INFO - [2025-10-17T22:34:58.943+0200] {dag.py:3089} INFO - Sync 1 DAGs
[2025-10-17T22:34:58.979+0200] {logging_mixin.py:188} INFO - [2025-10-17T22:34:58.979+0200] {dag.py:3947} INFO - Setting next_dagrun for etl_api_to_bi to 2025-10-17 20:30:00+00:00, run_after=2025-10-17 20:45:00+00:00
[2025-10-17T22:34:59.017+0200] {processor.py:183} INFO - Processing /opt/airflow/dags/etl_api_to_bi.py took 0.185 seconds
[2025-10-17T22:35:29.115+0200] {processor.py:161} INFO - Started process (PID=422) to work on /opt/airflow/dags/etl_api_to_bi.py
[2025-10-17T22:35:29.116+0200] {processor.py:830} INFO - Processing file /opt/airflow/dags/etl_api_to_bi.py for tasks to queue
[2025-10-17T22:35:29.119+0200] {logging_mixin.py:188} INFO - [2025-10-17T22:35:29.119+0200] {dagbag.py:545} INFO - Filling up the DagBag from /opt/airflow/dags/etl_api_to_bi.py
[2025-10-17T22:35:29.154+0200] {processor.py:840} INFO - DAG(s) 'etl_api_to_bi' retrieved from /opt/airflow/dags/etl_api_to_bi.py
[2025-10-17T22:35:29.201+0200] {logging_mixin.py:188} INFO - [2025-10-17T22:35:29.200+0200] {dag.py:3089} INFO - Sync 1 DAGs
[2025-10-17T22:35:29.230+0200] {logging_mixin.py:188} INFO - [2025-10-17T22:35:29.230+0200] {dag.py:3947} INFO - Setting next_dagrun for etl_api_to_bi to 2025-10-17 20:30:00+00:00, run_after=2025-10-17 20:45:00+00:00
[2025-10-17T22:35:29.257+0200] {processor.py:183} INFO - Processing /opt/airflow/dags/etl_api_to_bi.py took 0.151 seconds
[2025-10-17T22:35:59.492+0200] {processor.py:161} INFO - Started process (PID=427) to work on /opt/airflow/dags/etl_api_to_bi.py
[2025-10-17T22:35:59.493+0200] {processor.py:830} INFO - Processing file /opt/airflow/dags/etl_api_to_bi.py for tasks to queue
[2025-10-17T22:35:59.495+0200] {logging_mixin.py:188} INFO - [2025-10-17T22:35:59.495+0200] {dagbag.py:545} INFO - Filling up the DagBag from /opt/airflow/dags/etl_api_to_bi.py
[2025-10-17T22:35:59.529+0200] {processor.py:840} INFO - DAG(s) 'etl_api_to_bi' retrieved from /opt/airflow/dags/etl_api_to_bi.py
[2025-10-17T22:35:59.590+0200] {logging_mixin.py:188} INFO - [2025-10-17T22:35:59.589+0200] {dag.py:3089} INFO - Sync 1 DAGs
[2025-10-17T22:35:59.633+0200] {logging_mixin.py:188} INFO - [2025-10-17T22:35:59.632+0200] {dag.py:3947} INFO - Setting next_dagrun for etl_api_to_bi to 2025-10-17 20:30:00+00:00, run_after=2025-10-17 20:45:00+00:00
[2025-10-17T22:35:59.665+0200] {processor.py:183} INFO - Processing /opt/airflow/dags/etl_api_to_bi.py took 0.181 seconds
[2025-10-17T22:36:29.786+0200] {processor.py:161} INFO - Started process (PID=432) to work on /opt/airflow/dags/etl_api_to_bi.py
[2025-10-17T22:36:29.788+0200] {processor.py:830} INFO - Processing file /opt/airflow/dags/etl_api_to_bi.py for tasks to queue
[2025-10-17T22:36:29.793+0200] {logging_mixin.py:188} INFO - [2025-10-17T22:36:29.792+0200] {dagbag.py:545} INFO - Filling up the DagBag from /opt/airflow/dags/etl_api_to_bi.py
[2025-10-17T22:36:29.835+0200] {processor.py:840} INFO - DAG(s) 'etl_api_to_bi' retrieved from /opt/airflow/dags/etl_api_to_bi.py
[2025-10-17T22:36:29.907+0200] {logging_mixin.py:188} INFO - [2025-10-17T22:36:29.907+0200] {dag.py:3089} INFO - Sync 1 DAGs
[2025-10-17T22:36:29.942+0200] {logging_mixin.py:188} INFO - [2025-10-17T22:36:29.942+0200] {dag.py:3947} INFO - Setting next_dagrun for etl_api_to_bi to 2025-10-17 20:30:00+00:00, run_after=2025-10-17 20:45:00+00:00
[2025-10-17T22:36:29.973+0200] {processor.py:183} INFO - Processing /opt/airflow/dags/etl_api_to_bi.py took 0.198 seconds
[2025-10-17T22:37:00.195+0200] {processor.py:161} INFO - Started process (PID=437) to work on /opt/airflow/dags/etl_api_to_bi.py
[2025-10-17T22:37:00.197+0200] {processor.py:830} INFO - Processing file /opt/airflow/dags/etl_api_to_bi.py for tasks to queue
[2025-10-17T22:37:00.203+0200] {logging_mixin.py:188} INFO - [2025-10-17T22:37:00.202+0200] {dagbag.py:545} INFO - Filling up the DagBag from /opt/airflow/dags/etl_api_to_bi.py
[2025-10-17T22:37:00.253+0200] {processor.py:840} INFO - DAG(s) 'etl_api_to_bi' retrieved from /opt/airflow/dags/etl_api_to_bi.py
[2025-10-17T22:37:00.335+0200] {logging_mixin.py:188} INFO - [2025-10-17T22:37:00.334+0200] {dag.py:3089} INFO - Sync 1 DAGs
[2025-10-17T22:37:00.412+0200] {logging_mixin.py:188} INFO - [2025-10-17T22:37:00.411+0200] {dag.py:3947} INFO - Setting next_dagrun for etl_api_to_bi to 2025-10-17 20:30:00+00:00, run_after=2025-10-17 20:45:00+00:00
[2025-10-17T22:37:00.459+0200] {processor.py:183} INFO - Processing /opt/airflow/dags/etl_api_to_bi.py took 0.276 seconds
[2025-10-17T22:37:30.537+0200] {processor.py:161} INFO - Started process (PID=442) to work on /opt/airflow/dags/etl_api_to_bi.py
[2025-10-17T22:37:30.540+0200] {processor.py:830} INFO - Processing file /opt/airflow/dags/etl_api_to_bi.py for tasks to queue
[2025-10-17T22:37:30.544+0200] {logging_mixin.py:188} INFO - [2025-10-17T22:37:30.543+0200] {dagbag.py:545} INFO - Filling up the DagBag from /opt/airflow/dags/etl_api_to_bi.py
[2025-10-17T22:37:30.579+0200] {processor.py:840} INFO - DAG(s) 'etl_api_to_bi' retrieved from /opt/airflow/dags/etl_api_to_bi.py
[2025-10-17T22:37:30.622+0200] {logging_mixin.py:188} INFO - [2025-10-17T22:37:30.622+0200] {dag.py:3089} INFO - Sync 1 DAGs
[2025-10-17T22:37:30.650+0200] {logging_mixin.py:188} INFO - [2025-10-17T22:37:30.649+0200] {dag.py:3947} INFO - Setting next_dagrun for etl_api_to_bi to 2025-10-17 20:30:00+00:00, run_after=2025-10-17 20:45:00+00:00
[2025-10-17T22:37:30.673+0200] {processor.py:183} INFO - Processing /opt/airflow/dags/etl_api_to_bi.py took 0.146 seconds
[2025-10-17T22:38:00.865+0200] {processor.py:161} INFO - Started process (PID=447) to work on /opt/airflow/dags/etl_api_to_bi.py
[2025-10-17T22:38:00.867+0200] {processor.py:830} INFO - Processing file /opt/airflow/dags/etl_api_to_bi.py for tasks to queue
[2025-10-17T22:38:00.870+0200] {logging_mixin.py:188} INFO - [2025-10-17T22:38:00.870+0200] {dagbag.py:545} INFO - Filling up the DagBag from /opt/airflow/dags/etl_api_to_bi.py
[2025-10-17T22:38:00.901+0200] {processor.py:840} INFO - DAG(s) 'etl_api_to_bi' retrieved from /opt/airflow/dags/etl_api_to_bi.py
[2025-10-17T22:38:00.969+0200] {logging_mixin.py:188} INFO - [2025-10-17T22:38:00.968+0200] {dag.py:3089} INFO - Sync 1 DAGs
[2025-10-17T22:38:01.027+0200] {logging_mixin.py:188} INFO - [2025-10-17T22:38:01.027+0200] {dag.py:3947} INFO - Setting next_dagrun for etl_api_to_bi to 2025-10-17 20:30:00+00:00, run_after=2025-10-17 20:45:00+00:00
[2025-10-17T22:38:01.078+0200] {processor.py:183} INFO - Processing /opt/airflow/dags/etl_api_to_bi.py took 0.223 seconds
[2025-10-17T22:38:31.327+0200] {processor.py:161} INFO - Started process (PID=452) to work on /opt/airflow/dags/etl_api_to_bi.py
[2025-10-17T22:38:31.328+0200] {processor.py:830} INFO - Processing file /opt/airflow/dags/etl_api_to_bi.py for tasks to queue
[2025-10-17T22:38:31.332+0200] {logging_mixin.py:188} INFO - [2025-10-17T22:38:31.331+0200] {dagbag.py:545} INFO - Filling up the DagBag from /opt/airflow/dags/etl_api_to_bi.py
[2025-10-17T22:38:31.368+0200] {processor.py:840} INFO - DAG(s) 'etl_api_to_bi' retrieved from /opt/airflow/dags/etl_api_to_bi.py
[2025-10-17T22:38:31.411+0200] {logging_mixin.py:188} INFO - [2025-10-17T22:38:31.411+0200] {dag.py:3089} INFO - Sync 1 DAGs
[2025-10-17T22:38:31.440+0200] {logging_mixin.py:188} INFO - [2025-10-17T22:38:31.439+0200] {dag.py:3947} INFO - Setting next_dagrun for etl_api_to_bi to 2025-10-17 20:30:00+00:00, run_after=2025-10-17 20:45:00+00:00
[2025-10-17T22:38:31.464+0200] {processor.py:183} INFO - Processing /opt/airflow/dags/etl_api_to_bi.py took 0.147 seconds
[2025-10-17T22:39:01.544+0200] {processor.py:161} INFO - Started process (PID=457) to work on /opt/airflow/dags/etl_api_to_bi.py
[2025-10-17T22:39:01.546+0200] {processor.py:830} INFO - Processing file /opt/airflow/dags/etl_api_to_bi.py for tasks to queue
[2025-10-17T22:39:01.549+0200] {logging_mixin.py:188} INFO - [2025-10-17T22:39:01.548+0200] {dagbag.py:545} INFO - Filling up the DagBag from /opt/airflow/dags/etl_api_to_bi.py
[2025-10-17T22:39:01.586+0200] {processor.py:840} INFO - DAG(s) 'etl_api_to_bi' retrieved from /opt/airflow/dags/etl_api_to_bi.py
[2025-10-17T22:39:01.664+0200] {logging_mixin.py:188} INFO - [2025-10-17T22:39:01.663+0200] {dag.py:3089} INFO - Sync 1 DAGs
[2025-10-17T22:39:01.723+0200] {logging_mixin.py:188} INFO - [2025-10-17T22:39:01.722+0200] {dag.py:3947} INFO - Setting next_dagrun for etl_api_to_bi to 2025-10-17 20:30:00+00:00, run_after=2025-10-17 20:45:00+00:00
[2025-10-17T22:39:01.750+0200] {processor.py:183} INFO - Processing /opt/airflow/dags/etl_api_to_bi.py took 0.216 seconds
[2025-10-17T22:39:31.861+0200] {processor.py:161} INFO - Started process (PID=462) to work on /opt/airflow/dags/etl_api_to_bi.py
[2025-10-17T22:39:31.862+0200] {processor.py:830} INFO - Processing file /opt/airflow/dags/etl_api_to_bi.py for tasks to queue
[2025-10-17T22:39:31.865+0200] {logging_mixin.py:188} INFO - [2025-10-17T22:39:31.865+0200] {dagbag.py:545} INFO - Filling up the DagBag from /opt/airflow/dags/etl_api_to_bi.py
[2025-10-17T22:39:31.900+0200] {processor.py:840} INFO - DAG(s) 'etl_api_to_bi' retrieved from /opt/airflow/dags/etl_api_to_bi.py
[2025-10-17T22:39:31.956+0200] {logging_mixin.py:188} INFO - [2025-10-17T22:39:31.955+0200] {dag.py:3089} INFO - Sync 1 DAGs
[2025-10-17T22:39:31.992+0200] {logging_mixin.py:188} INFO - [2025-10-17T22:39:31.992+0200] {dag.py:3947} INFO - Setting next_dagrun for etl_api_to_bi to 2025-10-17 20:30:00+00:00, run_after=2025-10-17 20:45:00+00:00
[2025-10-17T22:39:32.025+0200] {processor.py:183} INFO - Processing /opt/airflow/dags/etl_api_to_bi.py took 0.175 seconds
[2025-10-17T22:40:02.141+0200] {processor.py:161} INFO - Started process (PID=467) to work on /opt/airflow/dags/etl_api_to_bi.py
[2025-10-17T22:40:02.143+0200] {processor.py:830} INFO - Processing file /opt/airflow/dags/etl_api_to_bi.py for tasks to queue
[2025-10-17T22:40:02.146+0200] {logging_mixin.py:188} INFO - [2025-10-17T22:40:02.145+0200] {dagbag.py:545} INFO - Filling up the DagBag from /opt/airflow/dags/etl_api_to_bi.py
[2025-10-17T22:40:02.179+0200] {processor.py:840} INFO - DAG(s) 'etl_api_to_bi' retrieved from /opt/airflow/dags/etl_api_to_bi.py
[2025-10-17T22:40:02.226+0200] {logging_mixin.py:188} INFO - [2025-10-17T22:40:02.226+0200] {dag.py:3089} INFO - Sync 1 DAGs
[2025-10-17T22:40:02.252+0200] {logging_mixin.py:188} INFO - [2025-10-17T22:40:02.252+0200] {dag.py:3947} INFO - Setting next_dagrun for etl_api_to_bi to 2025-10-17 20:30:00+00:00, run_after=2025-10-17 20:45:00+00:00
[2025-10-17T22:40:02.282+0200] {processor.py:183} INFO - Processing /opt/airflow/dags/etl_api_to_bi.py took 0.149 seconds
[2025-10-17T22:40:32.439+0200] {processor.py:161} INFO - Started process (PID=472) to work on /opt/airflow/dags/etl_api_to_bi.py
[2025-10-17T22:40:32.441+0200] {processor.py:830} INFO - Processing file /opt/airflow/dags/etl_api_to_bi.py for tasks to queue
[2025-10-17T22:40:32.444+0200] {logging_mixin.py:188} INFO - [2025-10-17T22:40:32.443+0200] {dagbag.py:545} INFO - Filling up the DagBag from /opt/airflow/dags/etl_api_to_bi.py
[2025-10-17T22:40:32.488+0200] {processor.py:840} INFO - DAG(s) 'etl_api_to_bi' retrieved from /opt/airflow/dags/etl_api_to_bi.py
[2025-10-17T22:40:32.554+0200] {logging_mixin.py:188} INFO - [2025-10-17T22:40:32.554+0200] {dag.py:3089} INFO - Sync 1 DAGs
[2025-10-17T22:40:32.598+0200] {logging_mixin.py:188} INFO - [2025-10-17T22:40:32.598+0200] {dag.py:3947} INFO - Setting next_dagrun for etl_api_to_bi to 2025-10-17 20:30:00+00:00, run_after=2025-10-17 20:45:00+00:00
[2025-10-17T22:40:32.631+0200] {processor.py:183} INFO - Processing /opt/airflow/dags/etl_api_to_bi.py took 0.202 seconds
[2025-10-17T22:41:02.851+0200] {processor.py:161} INFO - Started process (PID=477) to work on /opt/airflow/dags/etl_api_to_bi.py
[2025-10-17T22:41:02.853+0200] {processor.py:830} INFO - Processing file /opt/airflow/dags/etl_api_to_bi.py for tasks to queue
[2025-10-17T22:41:02.857+0200] {logging_mixin.py:188} INFO - [2025-10-17T22:41:02.856+0200] {dagbag.py:545} INFO - Filling up the DagBag from /opt/airflow/dags/etl_api_to_bi.py
[2025-10-17T22:41:02.887+0200] {processor.py:840} INFO - DAG(s) 'etl_api_to_bi' retrieved from /opt/airflow/dags/etl_api_to_bi.py
[2025-10-17T22:41:02.936+0200] {logging_mixin.py:188} INFO - [2025-10-17T22:41:02.936+0200] {dag.py:3089} INFO - Sync 1 DAGs
[2025-10-17T22:41:02.979+0200] {logging_mixin.py:188} INFO - [2025-10-17T22:41:02.979+0200] {dag.py:3947} INFO - Setting next_dagrun for etl_api_to_bi to 2025-10-17 20:30:00+00:00, run_after=2025-10-17 20:45:00+00:00
[2025-10-17T22:41:03.005+0200] {processor.py:183} INFO - Processing /opt/airflow/dags/etl_api_to_bi.py took 0.171 seconds
[2025-10-17T22:41:33.073+0200] {processor.py:161} INFO - Started process (PID=482) to work on /opt/airflow/dags/etl_api_to_bi.py
[2025-10-17T22:41:33.075+0200] {processor.py:830} INFO - Processing file /opt/airflow/dags/etl_api_to_bi.py for tasks to queue
[2025-10-17T22:41:33.079+0200] {logging_mixin.py:188} INFO - [2025-10-17T22:41:33.078+0200] {dagbag.py:545} INFO - Filling up the DagBag from /opt/airflow/dags/etl_api_to_bi.py
[2025-10-17T22:41:33.116+0200] {processor.py:840} INFO - DAG(s) 'etl_api_to_bi' retrieved from /opt/airflow/dags/etl_api_to_bi.py
[2025-10-17T22:41:33.175+0200] {logging_mixin.py:188} INFO - [2025-10-17T22:41:33.174+0200] {dag.py:3089} INFO - Sync 1 DAGs
[2025-10-17T22:41:33.209+0200] {logging_mixin.py:188} INFO - [2025-10-17T22:41:33.208+0200] {dag.py:3947} INFO - Setting next_dagrun for etl_api_to_bi to 2025-10-17 20:30:00+00:00, run_after=2025-10-17 20:45:00+00:00
[2025-10-17T22:41:33.236+0200] {processor.py:183} INFO - Processing /opt/airflow/dags/etl_api_to_bi.py took 0.174 seconds
[2025-10-17T22:42:03.437+0200] {processor.py:161} INFO - Started process (PID=487) to work on /opt/airflow/dags/etl_api_to_bi.py
[2025-10-17T22:42:03.439+0200] {processor.py:830} INFO - Processing file /opt/airflow/dags/etl_api_to_bi.py for tasks to queue
[2025-10-17T22:42:03.443+0200] {logging_mixin.py:188} INFO - [2025-10-17T22:42:03.443+0200] {dagbag.py:545} INFO - Filling up the DagBag from /opt/airflow/dags/etl_api_to_bi.py
[2025-10-17T22:42:03.484+0200] {processor.py:840} INFO - DAG(s) 'etl_api_to_bi' retrieved from /opt/airflow/dags/etl_api_to_bi.py
[2025-10-17T22:42:03.541+0200] {logging_mixin.py:188} INFO - [2025-10-17T22:42:03.541+0200] {dag.py:3089} INFO - Sync 1 DAGs
[2025-10-17T22:42:03.573+0200] {logging_mixin.py:188} INFO - [2025-10-17T22:42:03.573+0200] {dag.py:3947} INFO - Setting next_dagrun for etl_api_to_bi to 2025-10-17 20:30:00+00:00, run_after=2025-10-17 20:45:00+00:00
[2025-10-17T22:42:03.601+0200] {processor.py:183} INFO - Processing /opt/airflow/dags/etl_api_to_bi.py took 0.175 seconds
[2025-10-17T22:42:33.828+0200] {processor.py:161} INFO - Started process (PID=492) to work on /opt/airflow/dags/etl_api_to_bi.py
[2025-10-17T22:42:33.830+0200] {processor.py:830} INFO - Processing file /opt/airflow/dags/etl_api_to_bi.py for tasks to queue
[2025-10-17T22:42:33.832+0200] {logging_mixin.py:188} INFO - [2025-10-17T22:42:33.832+0200] {dagbag.py:545} INFO - Filling up the DagBag from /opt/airflow/dags/etl_api_to_bi.py
[2025-10-17T22:42:33.865+0200] {processor.py:840} INFO - DAG(s) 'etl_api_to_bi' retrieved from /opt/airflow/dags/etl_api_to_bi.py
[2025-10-17T22:42:33.912+0200] {logging_mixin.py:188} INFO - [2025-10-17T22:42:33.912+0200] {dag.py:3089} INFO - Sync 1 DAGs
[2025-10-17T22:42:33.941+0200] {logging_mixin.py:188} INFO - [2025-10-17T22:42:33.941+0200] {dag.py:3947} INFO - Setting next_dagrun for etl_api_to_bi to 2025-10-17 20:30:00+00:00, run_after=2025-10-17 20:45:00+00:00
[2025-10-17T22:42:33.967+0200] {processor.py:183} INFO - Processing /opt/airflow/dags/etl_api_to_bi.py took 0.147 seconds
[2025-10-17T22:43:04.160+0200] {processor.py:161} INFO - Started process (PID=497) to work on /opt/airflow/dags/etl_api_to_bi.py
[2025-10-17T22:43:04.162+0200] {processor.py:830} INFO - Processing file /opt/airflow/dags/etl_api_to_bi.py for tasks to queue
[2025-10-17T22:43:04.164+0200] {logging_mixin.py:188} INFO - [2025-10-17T22:43:04.164+0200] {dagbag.py:545} INFO - Filling up the DagBag from /opt/airflow/dags/etl_api_to_bi.py
[2025-10-17T22:43:04.197+0200] {processor.py:840} INFO - DAG(s) 'etl_api_to_bi' retrieved from /opt/airflow/dags/etl_api_to_bi.py
[2025-10-17T22:43:04.241+0200] {logging_mixin.py:188} INFO - [2025-10-17T22:43:04.241+0200] {dag.py:3089} INFO - Sync 1 DAGs
[2025-10-17T22:43:04.270+0200] {logging_mixin.py:188} INFO - [2025-10-17T22:43:04.269+0200] {dag.py:3947} INFO - Setting next_dagrun for etl_api_to_bi to 2025-10-17 20:30:00+00:00, run_after=2025-10-17 20:45:00+00:00
[2025-10-17T22:43:04.294+0200] {processor.py:183} INFO - Processing /opt/airflow/dags/etl_api_to_bi.py took 0.144 seconds
[2025-10-17T22:43:34.389+0200] {processor.py:161} INFO - Started process (PID=502) to work on /opt/airflow/dags/etl_api_to_bi.py
[2025-10-17T22:43:34.391+0200] {processor.py:830} INFO - Processing file /opt/airflow/dags/etl_api_to_bi.py for tasks to queue
[2025-10-17T22:43:34.395+0200] {logging_mixin.py:188} INFO - [2025-10-17T22:43:34.395+0200] {dagbag.py:545} INFO - Filling up the DagBag from /opt/airflow/dags/etl_api_to_bi.py
[2025-10-17T22:43:34.427+0200] {processor.py:840} INFO - DAG(s) 'etl_api_to_bi' retrieved from /opt/airflow/dags/etl_api_to_bi.py
[2025-10-17T22:43:34.471+0200] {logging_mixin.py:188} INFO - [2025-10-17T22:43:34.471+0200] {dag.py:3089} INFO - Sync 1 DAGs
[2025-10-17T22:43:34.499+0200] {logging_mixin.py:188} INFO - [2025-10-17T22:43:34.498+0200] {dag.py:3947} INFO - Setting next_dagrun for etl_api_to_bi to 2025-10-17 20:30:00+00:00, run_after=2025-10-17 20:45:00+00:00
[2025-10-17T22:43:34.523+0200] {processor.py:183} INFO - Processing /opt/airflow/dags/etl_api_to_bi.py took 0.143 seconds
[2025-10-17T22:44:04.687+0200] {processor.py:161} INFO - Started process (PID=507) to work on /opt/airflow/dags/etl_api_to_bi.py
[2025-10-17T22:44:04.689+0200] {processor.py:830} INFO - Processing file /opt/airflow/dags/etl_api_to_bi.py for tasks to queue
[2025-10-17T22:44:04.692+0200] {logging_mixin.py:188} INFO - [2025-10-17T22:44:04.692+0200] {dagbag.py:545} INFO - Filling up the DagBag from /opt/airflow/dags/etl_api_to_bi.py
[2025-10-17T22:44:04.730+0200] {processor.py:840} INFO - DAG(s) 'etl_api_to_bi' retrieved from /opt/airflow/dags/etl_api_to_bi.py
[2025-10-17T22:44:04.780+0200] {logging_mixin.py:188} INFO - [2025-10-17T22:44:04.780+0200] {dag.py:3089} INFO - Sync 1 DAGs
[2025-10-17T22:44:04.808+0200] {logging_mixin.py:188} INFO - [2025-10-17T22:44:04.808+0200] {dag.py:3947} INFO - Setting next_dagrun for etl_api_to_bi to 2025-10-17 20:30:00+00:00, run_after=2025-10-17 20:45:00+00:00
[2025-10-17T22:44:04.846+0200] {processor.py:183} INFO - Processing /opt/airflow/dags/etl_api_to_bi.py took 0.175 seconds
[2025-10-17T22:44:35.061+0200] {processor.py:161} INFO - Started process (PID=512) to work on /opt/airflow/dags/etl_api_to_bi.py
[2025-10-17T22:44:35.063+0200] {processor.py:830} INFO - Processing file /opt/airflow/dags/etl_api_to_bi.py for tasks to queue
[2025-10-17T22:44:35.066+0200] {logging_mixin.py:188} INFO - [2025-10-17T22:44:35.066+0200] {dagbag.py:545} INFO - Filling up the DagBag from /opt/airflow/dags/etl_api_to_bi.py
[2025-10-17T22:44:35.115+0200] {processor.py:840} INFO - DAG(s) 'etl_api_to_bi' retrieved from /opt/airflow/dags/etl_api_to_bi.py
[2025-10-17T22:44:35.166+0200] {logging_mixin.py:188} INFO - [2025-10-17T22:44:35.166+0200] {dag.py:3089} INFO - Sync 1 DAGs
[2025-10-17T22:44:35.191+0200] {logging_mixin.py:188} INFO - [2025-10-17T22:44:35.191+0200] {dag.py:3947} INFO - Setting next_dagrun for etl_api_to_bi to 2025-10-17 20:30:00+00:00, run_after=2025-10-17 20:45:00+00:00
[2025-10-17T22:44:35.217+0200] {processor.py:183} INFO - Processing /opt/airflow/dags/etl_api_to_bi.py took 0.165 seconds
[2025-10-17T22:45:05.441+0200] {processor.py:161} INFO - Started process (PID=535) to work on /opt/airflow/dags/etl_api_to_bi.py
[2025-10-17T22:45:05.442+0200] {processor.py:830} INFO - Processing file /opt/airflow/dags/etl_api_to_bi.py for tasks to queue
[2025-10-17T22:45:05.445+0200] {logging_mixin.py:188} INFO - [2025-10-17T22:45:05.445+0200] {dagbag.py:545} INFO - Filling up the DagBag from /opt/airflow/dags/etl_api_to_bi.py
[2025-10-17T22:45:05.482+0200] {processor.py:840} INFO - DAG(s) 'etl_api_to_bi' retrieved from /opt/airflow/dags/etl_api_to_bi.py
[2025-10-17T22:45:05.531+0200] {logging_mixin.py:188} INFO - [2025-10-17T22:45:05.530+0200] {dag.py:3089} INFO - Sync 1 DAGs
[2025-10-17T22:45:05.574+0200] {logging_mixin.py:188} INFO - [2025-10-17T22:45:05.574+0200] {dag.py:3947} INFO - Setting next_dagrun for etl_api_to_bi to 2025-10-17 20:45:00+00:00, run_after=2025-10-17 21:00:00+00:00
[2025-10-17T22:45:05.604+0200] {processor.py:183} INFO - Processing /opt/airflow/dags/etl_api_to_bi.py took 0.173 seconds
[2025-10-17T22:45:36.392+0200] {processor.py:161} INFO - Started process (PID=540) to work on /opt/airflow/dags/etl_api_to_bi.py
[2025-10-17T22:45:36.395+0200] {processor.py:830} INFO - Processing file /opt/airflow/dags/etl_api_to_bi.py for tasks to queue
[2025-10-17T22:45:36.400+0200] {logging_mixin.py:188} INFO - [2025-10-17T22:45:36.399+0200] {dagbag.py:545} INFO - Filling up the DagBag from /opt/airflow/dags/etl_api_to_bi.py
[2025-10-17T22:45:36.441+0200] {processor.py:840} INFO - DAG(s) 'etl_api_to_bi' retrieved from /opt/airflow/dags/etl_api_to_bi.py
[2025-10-17T22:45:36.508+0200] {logging_mixin.py:188} INFO - [2025-10-17T22:45:36.507+0200] {dag.py:3089} INFO - Sync 1 DAGs
[2025-10-17T22:45:36.550+0200] {logging_mixin.py:188} INFO - [2025-10-17T22:45:36.549+0200] {dag.py:3947} INFO - Setting next_dagrun for etl_api_to_bi to 2025-10-17 20:45:00+00:00, run_after=2025-10-17 21:00:00+00:00
[2025-10-17T22:45:36.584+0200] {processor.py:183} INFO - Processing /opt/airflow/dags/etl_api_to_bi.py took 0.206 seconds
[2025-10-17T22:46:06.806+0200] {processor.py:161} INFO - Started process (PID=558) to work on /opt/airflow/dags/etl_api_to_bi.py
[2025-10-17T22:46:06.808+0200] {processor.py:830} INFO - Processing file /opt/airflow/dags/etl_api_to_bi.py for tasks to queue
[2025-10-17T22:46:06.811+0200] {logging_mixin.py:188} INFO - [2025-10-17T22:46:06.810+0200] {dagbag.py:545} INFO - Filling up the DagBag from /opt/airflow/dags/etl_api_to_bi.py
[2025-10-17T22:46:06.844+0200] {processor.py:840} INFO - DAG(s) 'etl_api_to_bi' retrieved from /opt/airflow/dags/etl_api_to_bi.py
[2025-10-17T22:46:06.894+0200] {logging_mixin.py:188} INFO - [2025-10-17T22:46:06.894+0200] {dag.py:3089} INFO - Sync 1 DAGs
[2025-10-17T22:46:06.922+0200] {logging_mixin.py:188} INFO - [2025-10-17T22:46:06.922+0200] {dag.py:3947} INFO - Setting next_dagrun for etl_api_to_bi to 2025-10-17 20:45:00+00:00, run_after=2025-10-17 21:00:00+00:00
[2025-10-17T22:46:06.950+0200] {processor.py:183} INFO - Processing /opt/airflow/dags/etl_api_to_bi.py took 0.159 seconds
[2025-10-17T22:46:37.127+0200] {processor.py:161} INFO - Started process (PID=563) to work on /opt/airflow/dags/etl_api_to_bi.py
[2025-10-17T22:46:37.129+0200] {processor.py:830} INFO - Processing file /opt/airflow/dags/etl_api_to_bi.py for tasks to queue
[2025-10-17T22:46:37.134+0200] {logging_mixin.py:188} INFO - [2025-10-17T22:46:37.134+0200] {dagbag.py:545} INFO - Filling up the DagBag from /opt/airflow/dags/etl_api_to_bi.py
[2025-10-17T22:46:37.179+0200] {processor.py:840} INFO - DAG(s) 'etl_api_to_bi' retrieved from /opt/airflow/dags/etl_api_to_bi.py
[2025-10-17T22:46:37.246+0200] {logging_mixin.py:188} INFO - [2025-10-17T22:46:37.245+0200] {dag.py:3089} INFO - Sync 1 DAGs
[2025-10-17T22:46:37.294+0200] {logging_mixin.py:188} INFO - [2025-10-17T22:46:37.294+0200] {dag.py:3947} INFO - Setting next_dagrun for etl_api_to_bi to 2025-10-17 20:45:00+00:00, run_after=2025-10-17 21:00:00+00:00
[2025-10-17T22:46:37.334+0200] {processor.py:183} INFO - Processing /opt/airflow/dags/etl_api_to_bi.py took 0.220 seconds
[2025-10-17T22:47:07.409+0200] {processor.py:161} INFO - Started process (PID=568) to work on /opt/airflow/dags/etl_api_to_bi.py
[2025-10-17T22:47:07.410+0200] {processor.py:830} INFO - Processing file /opt/airflow/dags/etl_api_to_bi.py for tasks to queue
[2025-10-17T22:47:07.413+0200] {logging_mixin.py:188} INFO - [2025-10-17T22:47:07.412+0200] {dagbag.py:545} INFO - Filling up the DagBag from /opt/airflow/dags/etl_api_to_bi.py
[2025-10-17T22:47:07.448+0200] {processor.py:840} INFO - DAG(s) 'etl_api_to_bi' retrieved from /opt/airflow/dags/etl_api_to_bi.py
[2025-10-17T22:47:07.491+0200] {logging_mixin.py:188} INFO - [2025-10-17T22:47:07.490+0200] {dag.py:3089} INFO - Sync 1 DAGs
[2025-10-17T22:47:07.518+0200] {logging_mixin.py:188} INFO - [2025-10-17T22:47:07.518+0200] {dag.py:3947} INFO - Setting next_dagrun for etl_api_to_bi to 2025-10-17 20:45:00+00:00, run_after=2025-10-17 21:00:00+00:00
[2025-10-17T22:47:07.542+0200] {processor.py:183} INFO - Processing /opt/airflow/dags/etl_api_to_bi.py took 0.142 seconds
[2025-10-17T22:47:37.695+0200] {processor.py:161} INFO - Started process (PID=573) to work on /opt/airflow/dags/etl_api_to_bi.py
[2025-10-17T22:47:37.697+0200] {processor.py:830} INFO - Processing file /opt/airflow/dags/etl_api_to_bi.py for tasks to queue
[2025-10-17T22:47:37.699+0200] {logging_mixin.py:188} INFO - [2025-10-17T22:47:37.699+0200] {dagbag.py:545} INFO - Filling up the DagBag from /opt/airflow/dags/etl_api_to_bi.py
[2025-10-17T22:47:37.735+0200] {processor.py:840} INFO - DAG(s) 'etl_api_to_bi' retrieved from /opt/airflow/dags/etl_api_to_bi.py
[2025-10-17T22:47:37.792+0200] {logging_mixin.py:188} INFO - [2025-10-17T22:47:37.792+0200] {dag.py:3089} INFO - Sync 1 DAGs
[2025-10-17T22:47:37.828+0200] {logging_mixin.py:188} INFO - [2025-10-17T22:47:37.827+0200] {dag.py:3947} INFO - Setting next_dagrun for etl_api_to_bi to 2025-10-17 20:45:00+00:00, run_after=2025-10-17 21:00:00+00:00
[2025-10-17T22:47:37.858+0200] {processor.py:183} INFO - Processing /opt/airflow/dags/etl_api_to_bi.py took 0.171 seconds
[2025-10-17T22:48:07.931+0200] {processor.py:161} INFO - Started process (PID=578) to work on /opt/airflow/dags/etl_api_to_bi.py
[2025-10-17T22:48:07.933+0200] {processor.py:830} INFO - Processing file /opt/airflow/dags/etl_api_to_bi.py for tasks to queue
[2025-10-17T22:48:07.936+0200] {logging_mixin.py:188} INFO - [2025-10-17T22:48:07.935+0200] {dagbag.py:545} INFO - Filling up the DagBag from /opt/airflow/dags/etl_api_to_bi.py
[2025-10-17T22:48:07.969+0200] {processor.py:840} INFO - DAG(s) 'etl_api_to_bi' retrieved from /opt/airflow/dags/etl_api_to_bi.py
[2025-10-17T22:48:08.015+0200] {logging_mixin.py:188} INFO - [2025-10-17T22:48:08.015+0200] {dag.py:3089} INFO - Sync 1 DAGs
[2025-10-17T22:48:08.045+0200] {logging_mixin.py:188} INFO - [2025-10-17T22:48:08.045+0200] {dag.py:3947} INFO - Setting next_dagrun for etl_api_to_bi to 2025-10-17 20:45:00+00:00, run_after=2025-10-17 21:00:00+00:00
[2025-10-17T22:48:08.079+0200] {processor.py:183} INFO - Processing /opt/airflow/dags/etl_api_to_bi.py took 0.158 seconds
[2025-10-17T22:48:38.240+0200] {processor.py:161} INFO - Started process (PID=583) to work on /opt/airflow/dags/etl_api_to_bi.py
[2025-10-17T22:48:38.242+0200] {processor.py:830} INFO - Processing file /opt/airflow/dags/etl_api_to_bi.py for tasks to queue
[2025-10-17T22:48:38.246+0200] {logging_mixin.py:188} INFO - [2025-10-17T22:48:38.246+0200] {dagbag.py:545} INFO - Filling up the DagBag from /opt/airflow/dags/etl_api_to_bi.py
[2025-10-17T22:48:38.282+0200] {processor.py:840} INFO - DAG(s) 'etl_api_to_bi' retrieved from /opt/airflow/dags/etl_api_to_bi.py
[2025-10-17T22:48:38.332+0200] {logging_mixin.py:188} INFO - [2025-10-17T22:48:38.331+0200] {dag.py:3089} INFO - Sync 1 DAGs
[2025-10-17T22:48:38.361+0200] {logging_mixin.py:188} INFO - [2025-10-17T22:48:38.361+0200] {dag.py:3947} INFO - Setting next_dagrun for etl_api_to_bi to 2025-10-17 20:45:00+00:00, run_after=2025-10-17 21:00:00+00:00
[2025-10-17T22:48:38.385+0200] {processor.py:183} INFO - Processing /opt/airflow/dags/etl_api_to_bi.py took 0.158 seconds
[2025-10-17T22:49:08.511+0200] {processor.py:161} INFO - Started process (PID=588) to work on /opt/airflow/dags/etl_api_to_bi.py
[2025-10-17T22:49:08.514+0200] {processor.py:830} INFO - Processing file /opt/airflow/dags/etl_api_to_bi.py for tasks to queue
[2025-10-17T22:49:08.519+0200] {logging_mixin.py:188} INFO - [2025-10-17T22:49:08.518+0200] {dagbag.py:545} INFO - Filling up the DagBag from /opt/airflow/dags/etl_api_to_bi.py
[2025-10-17T22:49:08.568+0200] {processor.py:840} INFO - DAG(s) 'etl_api_to_bi' retrieved from /opt/airflow/dags/etl_api_to_bi.py
[2025-10-17T22:49:08.673+0200] {logging_mixin.py:188} INFO - [2025-10-17T22:49:08.672+0200] {dag.py:3089} INFO - Sync 1 DAGs
[2025-10-17T22:49:08.771+0200] {logging_mixin.py:188} INFO - [2025-10-17T22:49:08.770+0200] {dag.py:3947} INFO - Setting next_dagrun for etl_api_to_bi to 2025-10-17 20:45:00+00:00, run_after=2025-10-17 21:00:00+00:00
[2025-10-17T22:49:08.800+0200] {processor.py:183} INFO - Processing /opt/airflow/dags/etl_api_to_bi.py took 0.310 seconds
[2025-10-17T22:49:39.027+0200] {processor.py:161} INFO - Started process (PID=593) to work on /opt/airflow/dags/etl_api_to_bi.py
[2025-10-17T22:49:39.028+0200] {processor.py:830} INFO - Processing file /opt/airflow/dags/etl_api_to_bi.py for tasks to queue
[2025-10-17T22:49:39.033+0200] {logging_mixin.py:188} INFO - [2025-10-17T22:49:39.032+0200] {dagbag.py:545} INFO - Filling up the DagBag from /opt/airflow/dags/etl_api_to_bi.py
[2025-10-17T22:49:39.069+0200] {processor.py:840} INFO - DAG(s) 'etl_api_to_bi' retrieved from /opt/airflow/dags/etl_api_to_bi.py
[2025-10-17T22:49:39.138+0200] {logging_mixin.py:188} INFO - [2025-10-17T22:49:39.138+0200] {dag.py:3089} INFO - Sync 1 DAGs
[2025-10-17T22:49:39.169+0200] {logging_mixin.py:188} INFO - [2025-10-17T22:49:39.168+0200] {dag.py:3947} INFO - Setting next_dagrun for etl_api_to_bi to 2025-10-17 20:45:00+00:00, run_after=2025-10-17 21:00:00+00:00
[2025-10-17T22:49:39.202+0200] {processor.py:183} INFO - Processing /opt/airflow/dags/etl_api_to_bi.py took 0.185 seconds
[2025-10-17T22:50:09.273+0200] {processor.py:161} INFO - Started process (PID=598) to work on /opt/airflow/dags/etl_api_to_bi.py
[2025-10-17T22:50:09.274+0200] {processor.py:830} INFO - Processing file /opt/airflow/dags/etl_api_to_bi.py for tasks to queue
[2025-10-17T22:50:09.277+0200] {logging_mixin.py:188} INFO - [2025-10-17T22:50:09.276+0200] {dagbag.py:545} INFO - Filling up the DagBag from /opt/airflow/dags/etl_api_to_bi.py
[2025-10-17T22:50:09.309+0200] {processor.py:840} INFO - DAG(s) 'etl_api_to_bi' retrieved from /opt/airflow/dags/etl_api_to_bi.py
[2025-10-17T22:50:09.368+0200] {logging_mixin.py:188} INFO - [2025-10-17T22:50:09.368+0200] {dag.py:3089} INFO - Sync 1 DAGs
[2025-10-17T22:50:09.398+0200] {logging_mixin.py:188} INFO - [2025-10-17T22:50:09.398+0200] {dag.py:3947} INFO - Setting next_dagrun for etl_api_to_bi to 2025-10-17 20:45:00+00:00, run_after=2025-10-17 21:00:00+00:00
[2025-10-17T22:50:09.437+0200] {processor.py:183} INFO - Processing /opt/airflow/dags/etl_api_to_bi.py took 0.175 seconds
[2025-10-17T22:50:39.678+0200] {processor.py:161} INFO - Started process (PID=603) to work on /opt/airflow/dags/etl_api_to_bi.py
[2025-10-17T22:50:39.679+0200] {processor.py:830} INFO - Processing file /opt/airflow/dags/etl_api_to_bi.py for tasks to queue
[2025-10-17T22:50:39.684+0200] {logging_mixin.py:188} INFO - [2025-10-17T22:50:39.683+0200] {dagbag.py:545} INFO - Filling up the DagBag from /opt/airflow/dags/etl_api_to_bi.py
[2025-10-17T22:50:39.727+0200] {processor.py:840} INFO - DAG(s) 'etl_api_to_bi' retrieved from /opt/airflow/dags/etl_api_to_bi.py
[2025-10-17T22:50:39.807+0200] {logging_mixin.py:188} INFO - [2025-10-17T22:50:39.806+0200] {dag.py:3089} INFO - Sync 1 DAGs
[2025-10-17T22:50:39.913+0200] {logging_mixin.py:188} INFO - [2025-10-17T22:50:39.911+0200] {dag.py:3947} INFO - Setting next_dagrun for etl_api_to_bi to 2025-10-17 20:45:00+00:00, run_after=2025-10-17 21:00:00+00:00
[2025-10-17T22:50:39.975+0200] {processor.py:183} INFO - Processing /opt/airflow/dags/etl_api_to_bi.py took 0.307 seconds
[2025-10-17T22:51:10.858+0200] {processor.py:161} INFO - Started process (PID=608) to work on /opt/airflow/dags/etl_api_to_bi.py
[2025-10-17T22:51:10.862+0200] {processor.py:830} INFO - Processing file /opt/airflow/dags/etl_api_to_bi.py for tasks to queue
[2025-10-17T22:51:10.873+0200] {logging_mixin.py:188} INFO - [2025-10-17T22:51:10.872+0200] {dagbag.py:545} INFO - Filling up the DagBag from /opt/airflow/dags/etl_api_to_bi.py
[2025-10-17T22:51:10.966+0200] {processor.py:840} INFO - DAG(s) 'etl_api_to_bi' retrieved from /opt/airflow/dags/etl_api_to_bi.py
[2025-10-17T22:51:11.175+0200] {logging_mixin.py:188} INFO - [2025-10-17T22:51:11.174+0200] {dag.py:3089} INFO - Sync 1 DAGs
[2025-10-17T22:51:11.377+0200] {logging_mixin.py:188} INFO - [2025-10-17T22:51:11.376+0200] {dag.py:3947} INFO - Setting next_dagrun for etl_api_to_bi to 2025-10-17 20:45:00+00:00, run_after=2025-10-17 21:00:00+00:00
[2025-10-17T22:51:11.518+0200] {processor.py:183} INFO - Processing /opt/airflow/dags/etl_api_to_bi.py took 0.680 seconds
[2025-10-17T22:51:41.979+0200] {processor.py:161} INFO - Started process (PID=613) to work on /opt/airflow/dags/etl_api_to_bi.py
[2025-10-17T22:51:41.983+0200] {processor.py:830} INFO - Processing file /opt/airflow/dags/etl_api_to_bi.py for tasks to queue
[2025-10-17T22:51:41.993+0200] {logging_mixin.py:188} INFO - [2025-10-17T22:51:41.989+0200] {dagbag.py:545} INFO - Filling up the DagBag from /opt/airflow/dags/etl_api_to_bi.py
[2025-10-17T22:51:42.054+0200] {processor.py:840} INFO - DAG(s) 'etl_api_to_bi' retrieved from /opt/airflow/dags/etl_api_to_bi.py
[2025-10-17T22:51:42.139+0200] {logging_mixin.py:188} INFO - [2025-10-17T22:51:42.138+0200] {dag.py:3089} INFO - Sync 1 DAGs
[2025-10-17T22:51:42.192+0200] {logging_mixin.py:188} INFO - [2025-10-17T22:51:42.191+0200] {dag.py:3947} INFO - Setting next_dagrun for etl_api_to_bi to 2025-10-17 20:45:00+00:00, run_after=2025-10-17 21:00:00+00:00
[2025-10-17T22:51:42.236+0200] {processor.py:183} INFO - Processing /opt/airflow/dags/etl_api_to_bi.py took 0.269 seconds
[2025-10-17T22:52:12.395+0200] {processor.py:161} INFO - Started process (PID=618) to work on /opt/airflow/dags/etl_api_to_bi.py
[2025-10-17T22:52:12.397+0200] {processor.py:830} INFO - Processing file /opt/airflow/dags/etl_api_to_bi.py for tasks to queue
[2025-10-17T22:52:12.402+0200] {logging_mixin.py:188} INFO - [2025-10-17T22:52:12.401+0200] {dagbag.py:545} INFO - Filling up the DagBag from /opt/airflow/dags/etl_api_to_bi.py
[2025-10-17T22:52:12.453+0200] {processor.py:840} INFO - DAG(s) 'etl_api_to_bi' retrieved from /opt/airflow/dags/etl_api_to_bi.py
[2025-10-17T22:52:12.519+0200] {logging_mixin.py:188} INFO - [2025-10-17T22:52:12.519+0200] {dag.py:3089} INFO - Sync 1 DAGs
[2025-10-17T22:52:12.553+0200] {logging_mixin.py:188} INFO - [2025-10-17T22:52:12.553+0200] {dag.py:3947} INFO - Setting next_dagrun for etl_api_to_bi to 2025-10-17 20:45:00+00:00, run_after=2025-10-17 21:00:00+00:00
[2025-10-17T22:52:12.582+0200] {processor.py:183} INFO - Processing /opt/airflow/dags/etl_api_to_bi.py took 0.200 seconds
[2025-10-17T22:52:42.733+0200] {processor.py:161} INFO - Started process (PID=623) to work on /opt/airflow/dags/etl_api_to_bi.py
[2025-10-17T22:52:42.736+0200] {processor.py:830} INFO - Processing file /opt/airflow/dags/etl_api_to_bi.py for tasks to queue
[2025-10-17T22:52:42.741+0200] {logging_mixin.py:188} INFO - [2025-10-17T22:52:42.740+0200] {dagbag.py:545} INFO - Filling up the DagBag from /opt/airflow/dags/etl_api_to_bi.py
[2025-10-17T22:52:42.814+0200] {processor.py:840} INFO - DAG(s) 'etl_api_to_bi' retrieved from /opt/airflow/dags/etl_api_to_bi.py
[2025-10-17T22:52:42.885+0200] {logging_mixin.py:188} INFO - [2025-10-17T22:52:42.884+0200] {dag.py:3089} INFO - Sync 1 DAGs
[2025-10-17T22:52:42.933+0200] {logging_mixin.py:188} INFO - [2025-10-17T22:52:42.932+0200] {dag.py:3947} INFO - Setting next_dagrun for etl_api_to_bi to 2025-10-17 20:45:00+00:00, run_after=2025-10-17 21:00:00+00:00
[2025-10-17T22:52:42.964+0200] {processor.py:183} INFO - Processing /opt/airflow/dags/etl_api_to_bi.py took 0.244 seconds
[2025-10-17T22:53:13.116+0200] {processor.py:161} INFO - Started process (PID=628) to work on /opt/airflow/dags/etl_api_to_bi.py
[2025-10-17T22:53:13.120+0200] {processor.py:830} INFO - Processing file /opt/airflow/dags/etl_api_to_bi.py for tasks to queue
[2025-10-17T22:53:13.124+0200] {logging_mixin.py:188} INFO - [2025-10-17T22:53:13.123+0200] {dagbag.py:545} INFO - Filling up the DagBag from /opt/airflow/dags/etl_api_to_bi.py
[2025-10-17T22:53:13.173+0200] {processor.py:840} INFO - DAG(s) 'etl_api_to_bi' retrieved from /opt/airflow/dags/etl_api_to_bi.py
[2025-10-17T22:53:13.249+0200] {logging_mixin.py:188} INFO - [2025-10-17T22:53:13.248+0200] {dag.py:3089} INFO - Sync 1 DAGs
[2025-10-17T22:53:13.297+0200] {logging_mixin.py:188} INFO - [2025-10-17T22:53:13.297+0200] {dag.py:3947} INFO - Setting next_dagrun for etl_api_to_bi to 2025-10-17 20:45:00+00:00, run_after=2025-10-17 21:00:00+00:00
[2025-10-17T22:53:13.337+0200] {processor.py:183} INFO - Processing /opt/airflow/dags/etl_api_to_bi.py took 0.238 seconds
[2025-10-17T22:53:43.593+0200] {processor.py:161} INFO - Started process (PID=633) to work on /opt/airflow/dags/etl_api_to_bi.py
[2025-10-17T22:53:43.595+0200] {processor.py:830} INFO - Processing file /opt/airflow/dags/etl_api_to_bi.py for tasks to queue
[2025-10-17T22:53:43.599+0200] {logging_mixin.py:188} INFO - [2025-10-17T22:53:43.599+0200] {dagbag.py:545} INFO - Filling up the DagBag from /opt/airflow/dags/etl_api_to_bi.py
[2025-10-17T22:53:43.646+0200] {processor.py:840} INFO - DAG(s) 'etl_api_to_bi' retrieved from /opt/airflow/dags/etl_api_to_bi.py
[2025-10-17T22:53:43.778+0200] {logging_mixin.py:188} INFO - [2025-10-17T22:53:43.777+0200] {dag.py:3089} INFO - Sync 1 DAGs
[2025-10-17T22:53:43.828+0200] {logging_mixin.py:188} INFO - [2025-10-17T22:53:43.828+0200] {dag.py:3947} INFO - Setting next_dagrun for etl_api_to_bi to 2025-10-17 20:45:00+00:00, run_after=2025-10-17 21:00:00+00:00
[2025-10-17T22:53:43.876+0200] {processor.py:183} INFO - Processing /opt/airflow/dags/etl_api_to_bi.py took 0.297 seconds
[2025-10-17T22:54:14.130+0200] {processor.py:161} INFO - Started process (PID=638) to work on /opt/airflow/dags/etl_api_to_bi.py
[2025-10-17T22:54:14.132+0200] {processor.py:830} INFO - Processing file /opt/airflow/dags/etl_api_to_bi.py for tasks to queue
[2025-10-17T22:54:14.135+0200] {logging_mixin.py:188} INFO - [2025-10-17T22:54:14.135+0200] {dagbag.py:545} INFO - Filling up the DagBag from /opt/airflow/dags/etl_api_to_bi.py
[2025-10-17T22:54:14.167+0200] {processor.py:840} INFO - DAG(s) 'etl_api_to_bi' retrieved from /opt/airflow/dags/etl_api_to_bi.py
[2025-10-17T22:54:14.219+0200] {logging_mixin.py:188} INFO - [2025-10-17T22:54:14.218+0200] {dag.py:3089} INFO - Sync 1 DAGs
[2025-10-17T22:54:14.256+0200] {logging_mixin.py:188} INFO - [2025-10-17T22:54:14.256+0200] {dag.py:3947} INFO - Setting next_dagrun for etl_api_to_bi to 2025-10-17 20:45:00+00:00, run_after=2025-10-17 21:00:00+00:00
[2025-10-17T22:54:14.286+0200] {processor.py:183} INFO - Processing /opt/airflow/dags/etl_api_to_bi.py took 0.165 seconds
[2025-10-17T22:54:44.429+0200] {processor.py:161} INFO - Started process (PID=643) to work on /opt/airflow/dags/etl_api_to_bi.py
[2025-10-17T22:54:44.432+0200] {processor.py:830} INFO - Processing file /opt/airflow/dags/etl_api_to_bi.py for tasks to queue
[2025-10-17T22:54:44.438+0200] {logging_mixin.py:188} INFO - [2025-10-17T22:54:44.437+0200] {dagbag.py:545} INFO - Filling up the DagBag from /opt/airflow/dags/etl_api_to_bi.py
[2025-10-17T22:54:44.478+0200] {processor.py:840} INFO - DAG(s) 'etl_api_to_bi' retrieved from /opt/airflow/dags/etl_api_to_bi.py
[2025-10-17T22:54:44.535+0200] {logging_mixin.py:188} INFO - [2025-10-17T22:54:44.534+0200] {dag.py:3089} INFO - Sync 1 DAGs
[2025-10-17T22:54:44.573+0200] {logging_mixin.py:188} INFO - [2025-10-17T22:54:44.573+0200] {dag.py:3947} INFO - Setting next_dagrun for etl_api_to_bi to 2025-10-17 20:45:00+00:00, run_after=2025-10-17 21:00:00+00:00
[2025-10-17T22:54:44.596+0200] {processor.py:183} INFO - Processing /opt/airflow/dags/etl_api_to_bi.py took 0.188 seconds
[2025-10-17T22:55:14.798+0200] {processor.py:161} INFO - Started process (PID=648) to work on /opt/airflow/dags/etl_api_to_bi.py
[2025-10-17T22:55:14.800+0200] {processor.py:830} INFO - Processing file /opt/airflow/dags/etl_api_to_bi.py for tasks to queue
[2025-10-17T22:55:14.804+0200] {logging_mixin.py:188} INFO - [2025-10-17T22:55:14.803+0200] {dagbag.py:545} INFO - Filling up the DagBag from /opt/airflow/dags/etl_api_to_bi.py
[2025-10-17T22:55:14.841+0200] {processor.py:840} INFO - DAG(s) 'etl_api_to_bi' retrieved from /opt/airflow/dags/etl_api_to_bi.py
[2025-10-17T22:55:14.892+0200] {logging_mixin.py:188} INFO - [2025-10-17T22:55:14.891+0200] {dag.py:3089} INFO - Sync 1 DAGs
[2025-10-17T22:55:14.924+0200] {logging_mixin.py:188} INFO - [2025-10-17T22:55:14.924+0200] {dag.py:3947} INFO - Setting next_dagrun for etl_api_to_bi to 2025-10-17 20:45:00+00:00, run_after=2025-10-17 21:00:00+00:00
[2025-10-17T22:55:14.951+0200] {processor.py:183} INFO - Processing /opt/airflow/dags/etl_api_to_bi.py took 0.165 seconds
[2025-10-17T22:55:45.030+0200] {processor.py:161} INFO - Started process (PID=653) to work on /opt/airflow/dags/etl_api_to_bi.py
[2025-10-17T22:55:45.032+0200] {processor.py:830} INFO - Processing file /opt/airflow/dags/etl_api_to_bi.py for tasks to queue
[2025-10-17T22:55:45.035+0200] {logging_mixin.py:188} INFO - [2025-10-17T22:55:45.035+0200] {dagbag.py:545} INFO - Filling up the DagBag from /opt/airflow/dags/etl_api_to_bi.py
[2025-10-17T22:55:45.077+0200] {processor.py:840} INFO - DAG(s) 'etl_api_to_bi' retrieved from /opt/airflow/dags/etl_api_to_bi.py
[2025-10-17T22:55:45.124+0200] {logging_mixin.py:188} INFO - [2025-10-17T22:55:45.123+0200] {dag.py:3089} INFO - Sync 1 DAGs
[2025-10-17T22:55:45.151+0200] {logging_mixin.py:188} INFO - [2025-10-17T22:55:45.151+0200] {dag.py:3947} INFO - Setting next_dagrun for etl_api_to_bi to 2025-10-17 20:45:00+00:00, run_after=2025-10-17 21:00:00+00:00
[2025-10-17T22:55:45.175+0200] {processor.py:183} INFO - Processing /opt/airflow/dags/etl_api_to_bi.py took 0.155 seconds
[2025-10-17T22:56:15.357+0200] {processor.py:161} INFO - Started process (PID=658) to work on /opt/airflow/dags/etl_api_to_bi.py
[2025-10-17T22:56:15.359+0200] {processor.py:830} INFO - Processing file /opt/airflow/dags/etl_api_to_bi.py for tasks to queue
[2025-10-17T22:56:15.362+0200] {logging_mixin.py:188} INFO - [2025-10-17T22:56:15.361+0200] {dagbag.py:545} INFO - Filling up the DagBag from /opt/airflow/dags/etl_api_to_bi.py
[2025-10-17T22:56:15.402+0200] {processor.py:840} INFO - DAG(s) 'etl_api_to_bi' retrieved from /opt/airflow/dags/etl_api_to_bi.py
[2025-10-17T22:56:15.455+0200] {logging_mixin.py:188} INFO - [2025-10-17T22:56:15.454+0200] {dag.py:3089} INFO - Sync 1 DAGs
[2025-10-17T22:56:15.487+0200] {logging_mixin.py:188} INFO - [2025-10-17T22:56:15.487+0200] {dag.py:3947} INFO - Setting next_dagrun for etl_api_to_bi to 2025-10-17 20:45:00+00:00, run_after=2025-10-17 21:00:00+00:00
[2025-10-17T22:56:15.513+0200] {processor.py:183} INFO - Processing /opt/airflow/dags/etl_api_to_bi.py took 0.166 seconds
[2025-10-17T22:56:45.585+0200] {processor.py:161} INFO - Started process (PID=663) to work on /opt/airflow/dags/etl_api_to_bi.py
[2025-10-17T22:56:45.587+0200] {processor.py:830} INFO - Processing file /opt/airflow/dags/etl_api_to_bi.py for tasks to queue
[2025-10-17T22:56:45.589+0200] {logging_mixin.py:188} INFO - [2025-10-17T22:56:45.589+0200] {dagbag.py:545} INFO - Filling up the DagBag from /opt/airflow/dags/etl_api_to_bi.py
[2025-10-17T22:56:45.624+0200] {processor.py:840} INFO - DAG(s) 'etl_api_to_bi' retrieved from /opt/airflow/dags/etl_api_to_bi.py
[2025-10-17T22:56:45.672+0200] {logging_mixin.py:188} INFO - [2025-10-17T22:56:45.671+0200] {dag.py:3089} INFO - Sync 1 DAGs
[2025-10-17T22:56:45.702+0200] {logging_mixin.py:188} INFO - [2025-10-17T22:56:45.702+0200] {dag.py:3947} INFO - Setting next_dagrun for etl_api_to_bi to 2025-10-17 20:45:00+00:00, run_after=2025-10-17 21:00:00+00:00
[2025-10-17T22:56:45.727+0200] {processor.py:183} INFO - Processing /opt/airflow/dags/etl_api_to_bi.py took 0.150 seconds
[2025-10-17T22:57:15.924+0200] {processor.py:161} INFO - Started process (PID=668) to work on /opt/airflow/dags/etl_api_to_bi.py
[2025-10-17T22:57:15.927+0200] {processor.py:830} INFO - Processing file /opt/airflow/dags/etl_api_to_bi.py for tasks to queue
[2025-10-17T22:57:15.931+0200] {logging_mixin.py:188} INFO - [2025-10-17T22:57:15.930+0200] {dagbag.py:545} INFO - Filling up the DagBag from /opt/airflow/dags/etl_api_to_bi.py
[2025-10-17T22:57:15.970+0200] {processor.py:840} INFO - DAG(s) 'etl_api_to_bi' retrieved from /opt/airflow/dags/etl_api_to_bi.py
[2025-10-17T22:57:16.022+0200] {logging_mixin.py:188} INFO - [2025-10-17T22:57:16.022+0200] {dag.py:3089} INFO - Sync 1 DAGs
[2025-10-17T22:57:16.057+0200] {logging_mixin.py:188} INFO - [2025-10-17T22:57:16.056+0200] {dag.py:3947} INFO - Setting next_dagrun for etl_api_to_bi to 2025-10-17 20:45:00+00:00, run_after=2025-10-17 21:00:00+00:00
[2025-10-17T22:57:16.088+0200] {processor.py:183} INFO - Processing /opt/airflow/dags/etl_api_to_bi.py took 0.177 seconds
[2025-10-17T22:57:46.329+0200] {processor.py:161} INFO - Started process (PID=673) to work on /opt/airflow/dags/etl_api_to_bi.py
[2025-10-17T22:57:46.331+0200] {processor.py:830} INFO - Processing file /opt/airflow/dags/etl_api_to_bi.py for tasks to queue
[2025-10-17T22:57:46.333+0200] {logging_mixin.py:188} INFO - [2025-10-17T22:57:46.333+0200] {dagbag.py:545} INFO - Filling up the DagBag from /opt/airflow/dags/etl_api_to_bi.py
[2025-10-17T22:57:46.371+0200] {processor.py:840} INFO - DAG(s) 'etl_api_to_bi' retrieved from /opt/airflow/dags/etl_api_to_bi.py
[2025-10-17T22:57:46.419+0200] {logging_mixin.py:188} INFO - [2025-10-17T22:57:46.419+0200] {dag.py:3089} INFO - Sync 1 DAGs
[2025-10-17T22:57:46.452+0200] {logging_mixin.py:188} INFO - [2025-10-17T22:57:46.452+0200] {dag.py:3947} INFO - Setting next_dagrun for etl_api_to_bi to 2025-10-17 20:45:00+00:00, run_after=2025-10-17 21:00:00+00:00
[2025-10-17T22:57:46.478+0200] {processor.py:183} INFO - Processing /opt/airflow/dags/etl_api_to_bi.py took 0.160 seconds
[2025-10-17T22:58:16.563+0200] {processor.py:161} INFO - Started process (PID=678) to work on /opt/airflow/dags/etl_api_to_bi.py
[2025-10-17T22:58:16.565+0200] {processor.py:830} INFO - Processing file /opt/airflow/dags/etl_api_to_bi.py for tasks to queue
[2025-10-17T22:58:16.569+0200] {logging_mixin.py:188} INFO - [2025-10-17T22:58:16.568+0200] {dagbag.py:545} INFO - Filling up the DagBag from /opt/airflow/dags/etl_api_to_bi.py
[2025-10-17T22:58:16.611+0200] {processor.py:840} INFO - DAG(s) 'etl_api_to_bi' retrieved from /opt/airflow/dags/etl_api_to_bi.py
[2025-10-17T22:58:16.725+0200] {logging_mixin.py:188} INFO - [2025-10-17T22:58:16.724+0200] {dag.py:3089} INFO - Sync 1 DAGs
[2025-10-17T22:58:16.781+0200] {logging_mixin.py:188} INFO - [2025-10-17T22:58:16.781+0200] {dag.py:3947} INFO - Setting next_dagrun for etl_api_to_bi to 2025-10-17 20:45:00+00:00, run_after=2025-10-17 21:00:00+00:00
[2025-10-17T22:58:16.818+0200] {processor.py:183} INFO - Processing /opt/airflow/dags/etl_api_to_bi.py took 0.267 seconds
[2025-10-17T22:58:46.935+0200] {processor.py:161} INFO - Started process (PID=683) to work on /opt/airflow/dags/etl_api_to_bi.py
[2025-10-17T22:58:46.937+0200] {processor.py:830} INFO - Processing file /opt/airflow/dags/etl_api_to_bi.py for tasks to queue
[2025-10-17T22:58:46.940+0200] {logging_mixin.py:188} INFO - [2025-10-17T22:58:46.939+0200] {dagbag.py:545} INFO - Filling up the DagBag from /opt/airflow/dags/etl_api_to_bi.py
[2025-10-17T22:58:46.984+0200] {processor.py:840} INFO - DAG(s) 'etl_api_to_bi' retrieved from /opt/airflow/dags/etl_api_to_bi.py
[2025-10-17T22:58:47.041+0200] {logging_mixin.py:188} INFO - [2025-10-17T22:58:47.041+0200] {dag.py:3089} INFO - Sync 1 DAGs
[2025-10-17T22:58:47.056+0200] {logging_mixin.py:188} INFO - [2025-10-17T22:58:47.056+0200] {dag.py:3947} INFO - Setting next_dagrun for etl_api_to_bi to 2025-10-17 20:45:00+00:00, run_after=2025-10-17 21:00:00+00:00
[2025-10-17T22:58:47.081+0200] {processor.py:183} INFO - Processing /opt/airflow/dags/etl_api_to_bi.py took 0.174 seconds
[2025-10-17T22:59:17.205+0200] {processor.py:161} INFO - Started process (PID=688) to work on /opt/airflow/dags/etl_api_to_bi.py
[2025-10-17T22:59:17.207+0200] {processor.py:830} INFO - Processing file /opt/airflow/dags/etl_api_to_bi.py for tasks to queue
[2025-10-17T22:59:17.209+0200] {logging_mixin.py:188} INFO - [2025-10-17T22:59:17.209+0200] {dagbag.py:545} INFO - Filling up the DagBag from /opt/airflow/dags/etl_api_to_bi.py
[2025-10-17T22:59:17.242+0200] {processor.py:840} INFO - DAG(s) 'etl_api_to_bi' retrieved from /opt/airflow/dags/etl_api_to_bi.py
[2025-10-17T22:59:17.294+0200] {logging_mixin.py:188} INFO - [2025-10-17T22:59:17.294+0200] {dag.py:3089} INFO - Sync 1 DAGs
[2025-10-17T22:59:17.323+0200] {logging_mixin.py:188} INFO - [2025-10-17T22:59:17.323+0200] {dag.py:3947} INFO - Setting next_dagrun for etl_api_to_bi to 2025-10-17 20:45:00+00:00, run_after=2025-10-17 21:00:00+00:00
[2025-10-17T22:59:17.349+0200] {processor.py:183} INFO - Processing /opt/airflow/dags/etl_api_to_bi.py took 0.156 seconds
[2025-10-17T22:59:47.549+0200] {processor.py:161} INFO - Started process (PID=693) to work on /opt/airflow/dags/etl_api_to_bi.py
[2025-10-17T22:59:47.552+0200] {processor.py:830} INFO - Processing file /opt/airflow/dags/etl_api_to_bi.py for tasks to queue
[2025-10-17T22:59:47.557+0200] {logging_mixin.py:188} INFO - [2025-10-17T22:59:47.556+0200] {dagbag.py:545} INFO - Filling up the DagBag from /opt/airflow/dags/etl_api_to_bi.py
[2025-10-17T22:59:47.605+0200] {processor.py:840} INFO - DAG(s) 'etl_api_to_bi' retrieved from /opt/airflow/dags/etl_api_to_bi.py
[2025-10-17T22:59:47.685+0200] {logging_mixin.py:188} INFO - [2025-10-17T22:59:47.685+0200] {dag.py:3089} INFO - Sync 1 DAGs
[2025-10-17T22:59:47.726+0200] {logging_mixin.py:188} INFO - [2025-10-17T22:59:47.726+0200] {dag.py:3947} INFO - Setting next_dagrun for etl_api_to_bi to 2025-10-17 20:45:00+00:00, run_after=2025-10-17 21:00:00+00:00
[2025-10-17T22:59:47.757+0200] {processor.py:183} INFO - Processing /opt/airflow/dags/etl_api_to_bi.py took 0.225 seconds
[2025-10-17T23:00:17.850+0200] {processor.py:161} INFO - Started process (PID=718) to work on /opt/airflow/dags/etl_api_to_bi.py
[2025-10-17T23:00:17.851+0200] {processor.py:830} INFO - Processing file /opt/airflow/dags/etl_api_to_bi.py for tasks to queue
[2025-10-17T23:00:17.856+0200] {logging_mixin.py:188} INFO - [2025-10-17T23:00:17.856+0200] {dagbag.py:545} INFO - Filling up the DagBag from /opt/airflow/dags/etl_api_to_bi.py
[2025-10-17T23:00:17.900+0200] {processor.py:840} INFO - DAG(s) 'etl_api_to_bi' retrieved from /opt/airflow/dags/etl_api_to_bi.py
[2025-10-17T23:00:17.965+0200] {logging_mixin.py:188} INFO - [2025-10-17T23:00:17.965+0200] {dag.py:3089} INFO - Sync 1 DAGs
[2025-10-17T23:00:18.006+0200] {logging_mixin.py:188} INFO - [2025-10-17T23:00:18.006+0200] {dag.py:3947} INFO - Setting next_dagrun for etl_api_to_bi to 2025-10-17 21:00:00+00:00, run_after=2025-10-17 21:15:00+00:00
[2025-10-17T23:00:18.051+0200] {processor.py:183} INFO - Processing /opt/airflow/dags/etl_api_to_bi.py took 0.215 seconds
[2025-10-17T23:00:48.248+0200] {processor.py:161} INFO - Started process (PID=733) to work on /opt/airflow/dags/etl_api_to_bi.py
[2025-10-17T23:00:48.251+0200] {processor.py:830} INFO - Processing file /opt/airflow/dags/etl_api_to_bi.py for tasks to queue
[2025-10-17T23:00:48.255+0200] {logging_mixin.py:188} INFO - [2025-10-17T23:00:48.254+0200] {dagbag.py:545} INFO - Filling up the DagBag from /opt/airflow/dags/etl_api_to_bi.py
[2025-10-17T23:00:48.311+0200] {processor.py:840} INFO - DAG(s) 'etl_api_to_bi' retrieved from /opt/airflow/dags/etl_api_to_bi.py
[2025-10-17T23:00:48.379+0200] {logging_mixin.py:188} INFO - [2025-10-17T23:00:48.378+0200] {dag.py:3089} INFO - Sync 1 DAGs
[2025-10-17T23:00:48.421+0200] {logging_mixin.py:188} INFO - [2025-10-17T23:00:48.421+0200] {dag.py:3947} INFO - Setting next_dagrun for etl_api_to_bi to 2025-10-17 21:00:00+00:00, run_after=2025-10-17 21:15:00+00:00
[2025-10-17T23:00:48.452+0200] {processor.py:183} INFO - Processing /opt/airflow/dags/etl_api_to_bi.py took 0.218 seconds
[2025-10-17T23:01:18.579+0200] {processor.py:161} INFO - Started process (PID=738) to work on /opt/airflow/dags/etl_api_to_bi.py
[2025-10-17T23:01:18.581+0200] {processor.py:830} INFO - Processing file /opt/airflow/dags/etl_api_to_bi.py for tasks to queue
[2025-10-17T23:01:18.586+0200] {logging_mixin.py:188} INFO - [2025-10-17T23:01:18.585+0200] {dagbag.py:545} INFO - Filling up the DagBag from /opt/airflow/dags/etl_api_to_bi.py
[2025-10-17T23:01:18.630+0200] {processor.py:840} INFO - DAG(s) 'etl_api_to_bi' retrieved from /opt/airflow/dags/etl_api_to_bi.py
[2025-10-17T23:01:18.693+0200] {logging_mixin.py:188} INFO - [2025-10-17T23:01:18.693+0200] {dag.py:3089} INFO - Sync 1 DAGs
[2025-10-17T23:01:18.729+0200] {logging_mixin.py:188} INFO - [2025-10-17T23:01:18.729+0200] {dag.py:3947} INFO - Setting next_dagrun for etl_api_to_bi to 2025-10-17 21:00:00+00:00, run_after=2025-10-17 21:15:00+00:00
[2025-10-17T23:01:18.762+0200] {processor.py:183} INFO - Processing /opt/airflow/dags/etl_api_to_bi.py took 0.200 seconds
[2025-10-17T23:01:48.933+0200] {processor.py:161} INFO - Started process (PID=743) to work on /opt/airflow/dags/etl_api_to_bi.py
[2025-10-17T23:01:48.935+0200] {processor.py:830} INFO - Processing file /opt/airflow/dags/etl_api_to_bi.py for tasks to queue
[2025-10-17T23:01:48.940+0200] {logging_mixin.py:188} INFO - [2025-10-17T23:01:48.939+0200] {dagbag.py:545} INFO - Filling up the DagBag from /opt/airflow/dags/etl_api_to_bi.py
[2025-10-17T23:01:48.985+0200] {processor.py:840} INFO - DAG(s) 'etl_api_to_bi' retrieved from /opt/airflow/dags/etl_api_to_bi.py
[2025-10-17T23:01:49.036+0200] {logging_mixin.py:188} INFO - [2025-10-17T23:01:49.036+0200] {dag.py:3089} INFO - Sync 1 DAGs
[2025-10-17T23:01:49.073+0200] {logging_mixin.py:188} INFO - [2025-10-17T23:01:49.072+0200] {dag.py:3947} INFO - Setting next_dagrun for etl_api_to_bi to 2025-10-17 21:00:00+00:00, run_after=2025-10-17 21:15:00+00:00
[2025-10-17T23:01:49.111+0200] {processor.py:183} INFO - Processing /opt/airflow/dags/etl_api_to_bi.py took 0.188 seconds
[2025-10-17T23:02:19.193+0200] {processor.py:161} INFO - Started process (PID=748) to work on /opt/airflow/dags/etl_api_to_bi.py
[2025-10-17T23:02:19.195+0200] {processor.py:830} INFO - Processing file /opt/airflow/dags/etl_api_to_bi.py for tasks to queue
[2025-10-17T23:02:19.198+0200] {logging_mixin.py:188} INFO - [2025-10-17T23:02:19.198+0200] {dagbag.py:545} INFO - Filling up the DagBag from /opt/airflow/dags/etl_api_to_bi.py
[2025-10-17T23:02:19.237+0200] {processor.py:840} INFO - DAG(s) 'etl_api_to_bi' retrieved from /opt/airflow/dags/etl_api_to_bi.py
[2025-10-17T23:02:19.301+0200] {logging_mixin.py:188} INFO - [2025-10-17T23:02:19.301+0200] {dag.py:3089} INFO - Sync 1 DAGs
[2025-10-17T23:02:19.332+0200] {logging_mixin.py:188} INFO - [2025-10-17T23:02:19.332+0200] {dag.py:3947} INFO - Setting next_dagrun for etl_api_to_bi to 2025-10-17 21:00:00+00:00, run_after=2025-10-17 21:15:00+00:00
[2025-10-17T23:02:19.360+0200] {processor.py:183} INFO - Processing /opt/airflow/dags/etl_api_to_bi.py took 0.182 seconds
[2025-10-17T23:02:49.510+0200] {processor.py:161} INFO - Started process (PID=753) to work on /opt/airflow/dags/etl_api_to_bi.py
[2025-10-17T23:02:49.512+0200] {processor.py:830} INFO - Processing file /opt/airflow/dags/etl_api_to_bi.py for tasks to queue
[2025-10-17T23:02:49.514+0200] {logging_mixin.py:188} INFO - [2025-10-17T23:02:49.514+0200] {dagbag.py:545} INFO - Filling up the DagBag from /opt/airflow/dags/etl_api_to_bi.py
[2025-10-17T23:02:49.550+0200] {processor.py:840} INFO - DAG(s) 'etl_api_to_bi' retrieved from /opt/airflow/dags/etl_api_to_bi.py
[2025-10-17T23:02:49.594+0200] {logging_mixin.py:188} INFO - [2025-10-17T23:02:49.594+0200] {dag.py:3089} INFO - Sync 1 DAGs
[2025-10-17T23:02:49.624+0200] {logging_mixin.py:188} INFO - [2025-10-17T23:02:49.624+0200] {dag.py:3947} INFO - Setting next_dagrun for etl_api_to_bi to 2025-10-17 21:00:00+00:00, run_after=2025-10-17 21:15:00+00:00
[2025-10-17T23:02:49.651+0200] {processor.py:183} INFO - Processing /opt/airflow/dags/etl_api_to_bi.py took 0.150 seconds
[2025-10-17T23:03:19.830+0200] {processor.py:161} INFO - Started process (PID=758) to work on /opt/airflow/dags/etl_api_to_bi.py
[2025-10-17T23:03:19.832+0200] {processor.py:830} INFO - Processing file /opt/airflow/dags/etl_api_to_bi.py for tasks to queue
[2025-10-17T23:03:19.835+0200] {logging_mixin.py:188} INFO - [2025-10-17T23:03:19.835+0200] {dagbag.py:545} INFO - Filling up the DagBag from /opt/airflow/dags/etl_api_to_bi.py
[2025-10-17T23:03:19.874+0200] {processor.py:840} INFO - DAG(s) 'etl_api_to_bi' retrieved from /opt/airflow/dags/etl_api_to_bi.py
[2025-10-17T23:03:19.925+0200] {logging_mixin.py:188} INFO - [2025-10-17T23:03:19.925+0200] {dag.py:3089} INFO - Sync 1 DAGs
[2025-10-17T23:03:19.956+0200] {logging_mixin.py:188} INFO - [2025-10-17T23:03:19.956+0200] {dag.py:3947} INFO - Setting next_dagrun for etl_api_to_bi to 2025-10-17 21:00:00+00:00, run_after=2025-10-17 21:15:00+00:00
[2025-10-17T23:03:19.984+0200] {processor.py:183} INFO - Processing /opt/airflow/dags/etl_api_to_bi.py took 0.165 seconds
[2025-10-17T23:03:50.121+0200] {processor.py:161} INFO - Started process (PID=763) to work on /opt/airflow/dags/etl_api_to_bi.py
[2025-10-17T23:03:50.123+0200] {processor.py:830} INFO - Processing file /opt/airflow/dags/etl_api_to_bi.py for tasks to queue
[2025-10-17T23:03:50.127+0200] {logging_mixin.py:188} INFO - [2025-10-17T23:03:50.126+0200] {dagbag.py:545} INFO - Filling up the DagBag from /opt/airflow/dags/etl_api_to_bi.py
[2025-10-17T23:03:50.164+0200] {processor.py:840} INFO - DAG(s) 'etl_api_to_bi' retrieved from /opt/airflow/dags/etl_api_to_bi.py
[2025-10-17T23:03:50.221+0200] {logging_mixin.py:188} INFO - [2025-10-17T23:03:50.221+0200] {dag.py:3089} INFO - Sync 1 DAGs
[2025-10-17T23:03:50.256+0200] {logging_mixin.py:188} INFO - [2025-10-17T23:03:50.256+0200] {dag.py:3947} INFO - Setting next_dagrun for etl_api_to_bi to 2025-10-17 21:00:00+00:00, run_after=2025-10-17 21:15:00+00:00
[2025-10-17T23:03:50.286+0200] {processor.py:183} INFO - Processing /opt/airflow/dags/etl_api_to_bi.py took 0.179 seconds
[2025-10-17T23:04:20.376+0200] {processor.py:161} INFO - Started process (PID=768) to work on /opt/airflow/dags/etl_api_to_bi.py
[2025-10-17T23:04:20.378+0200] {processor.py:830} INFO - Processing file /opt/airflow/dags/etl_api_to_bi.py for tasks to queue
[2025-10-17T23:04:20.383+0200] {logging_mixin.py:188} INFO - [2025-10-17T23:04:20.382+0200] {dagbag.py:545} INFO - Filling up the DagBag from /opt/airflow/dags/etl_api_to_bi.py
[2025-10-17T23:04:20.420+0200] {processor.py:840} INFO - DAG(s) 'etl_api_to_bi' retrieved from /opt/airflow/dags/etl_api_to_bi.py
[2025-10-17T23:04:20.475+0200] {logging_mixin.py:188} INFO - [2025-10-17T23:04:20.475+0200] {dag.py:3089} INFO - Sync 1 DAGs
[2025-10-17T23:04:20.508+0200] {logging_mixin.py:188} INFO - [2025-10-17T23:04:20.508+0200] {dag.py:3947} INFO - Setting next_dagrun for etl_api_to_bi to 2025-10-17 21:00:00+00:00, run_after=2025-10-17 21:15:00+00:00
[2025-10-17T23:04:20.537+0200] {processor.py:183} INFO - Processing /opt/airflow/dags/etl_api_to_bi.py took 0.174 seconds
[2025-10-17T23:04:50.694+0200] {processor.py:161} INFO - Started process (PID=773) to work on /opt/airflow/dags/etl_api_to_bi.py
[2025-10-17T23:04:50.696+0200] {processor.py:830} INFO - Processing file /opt/airflow/dags/etl_api_to_bi.py for tasks to queue
[2025-10-17T23:04:50.700+0200] {logging_mixin.py:188} INFO - [2025-10-17T23:04:50.699+0200] {dagbag.py:545} INFO - Filling up the DagBag from /opt/airflow/dags/etl_api_to_bi.py
[2025-10-17T23:04:50.747+0200] {processor.py:840} INFO - DAG(s) 'etl_api_to_bi' retrieved from /opt/airflow/dags/etl_api_to_bi.py
[2025-10-17T23:04:50.801+0200] {logging_mixin.py:188} INFO - [2025-10-17T23:04:50.801+0200] {dag.py:3089} INFO - Sync 1 DAGs
[2025-10-17T23:04:50.846+0200] {logging_mixin.py:188} INFO - [2025-10-17T23:04:50.846+0200] {dag.py:3947} INFO - Setting next_dagrun for etl_api_to_bi to 2025-10-17 21:00:00+00:00, run_after=2025-10-17 21:15:00+00:00
[2025-10-17T23:04:50.880+0200] {processor.py:183} INFO - Processing /opt/airflow/dags/etl_api_to_bi.py took 0.195 seconds
[2025-10-17T23:05:21.126+0200] {processor.py:161} INFO - Started process (PID=778) to work on /opt/airflow/dags/etl_api_to_bi.py
[2025-10-17T23:05:21.129+0200] {processor.py:830} INFO - Processing file /opt/airflow/dags/etl_api_to_bi.py for tasks to queue
[2025-10-17T23:05:21.133+0200] {logging_mixin.py:188} INFO - [2025-10-17T23:05:21.132+0200] {dagbag.py:545} INFO - Filling up the DagBag from /opt/airflow/dags/etl_api_to_bi.py
[2025-10-17T23:05:21.185+0200] {processor.py:840} INFO - DAG(s) 'etl_api_to_bi' retrieved from /opt/airflow/dags/etl_api_to_bi.py
[2025-10-17T23:05:21.240+0200] {logging_mixin.py:188} INFO - [2025-10-17T23:05:21.239+0200] {dag.py:3089} INFO - Sync 1 DAGs
[2025-10-17T23:05:21.276+0200] {logging_mixin.py:188} INFO - [2025-10-17T23:05:21.276+0200] {dag.py:3947} INFO - Setting next_dagrun for etl_api_to_bi to 2025-10-17 21:00:00+00:00, run_after=2025-10-17 21:15:00+00:00
[2025-10-17T23:05:21.309+0200] {processor.py:183} INFO - Processing /opt/airflow/dags/etl_api_to_bi.py took 0.196 seconds
[2025-10-17T23:05:52.132+0200] {processor.py:161} INFO - Started process (PID=783) to work on /opt/airflow/dags/etl_api_to_bi.py
[2025-10-17T23:05:52.136+0200] {processor.py:830} INFO - Processing file /opt/airflow/dags/etl_api_to_bi.py for tasks to queue
[2025-10-17T23:05:52.140+0200] {logging_mixin.py:188} INFO - [2025-10-17T23:05:52.140+0200] {dagbag.py:545} INFO - Filling up the DagBag from /opt/airflow/dags/etl_api_to_bi.py
[2025-10-17T23:05:52.185+0200] {processor.py:840} INFO - DAG(s) 'etl_api_to_bi' retrieved from /opt/airflow/dags/etl_api_to_bi.py
[2025-10-17T23:05:52.262+0200] {logging_mixin.py:188} INFO - [2025-10-17T23:05:52.261+0200] {dag.py:3089} INFO - Sync 1 DAGs
[2025-10-17T23:05:52.306+0200] {logging_mixin.py:188} INFO - [2025-10-17T23:05:52.305+0200] {dag.py:3947} INFO - Setting next_dagrun for etl_api_to_bi to 2025-10-17 21:00:00+00:00, run_after=2025-10-17 21:15:00+00:00
[2025-10-17T23:05:52.349+0200] {processor.py:183} INFO - Processing /opt/airflow/dags/etl_api_to_bi.py took 0.232 seconds
[2025-10-17T23:06:22.588+0200] {processor.py:161} INFO - Started process (PID=788) to work on /opt/airflow/dags/etl_api_to_bi.py
[2025-10-17T23:06:22.590+0200] {processor.py:830} INFO - Processing file /opt/airflow/dags/etl_api_to_bi.py for tasks to queue
[2025-10-17T23:06:22.594+0200] {logging_mixin.py:188} INFO - [2025-10-17T23:06:22.593+0200] {dagbag.py:545} INFO - Filling up the DagBag from /opt/airflow/dags/etl_api_to_bi.py
[2025-10-17T23:06:22.639+0200] {processor.py:840} INFO - DAG(s) 'etl_api_to_bi' retrieved from /opt/airflow/dags/etl_api_to_bi.py
[2025-10-17T23:06:22.698+0200] {logging_mixin.py:188} INFO - [2025-10-17T23:06:22.697+0200] {dag.py:3089} INFO - Sync 1 DAGs
[2025-10-17T23:06:22.738+0200] {logging_mixin.py:188} INFO - [2025-10-17T23:06:22.737+0200] {dag.py:3947} INFO - Setting next_dagrun for etl_api_to_bi to 2025-10-17 21:00:00+00:00, run_after=2025-10-17 21:15:00+00:00
[2025-10-17T23:06:22.783+0200] {processor.py:183} INFO - Processing /opt/airflow/dags/etl_api_to_bi.py took 0.221 seconds
[2025-10-17T23:06:53.020+0200] {processor.py:161} INFO - Started process (PID=793) to work on /opt/airflow/dags/etl_api_to_bi.py
[2025-10-17T23:06:53.022+0200] {processor.py:830} INFO - Processing file /opt/airflow/dags/etl_api_to_bi.py for tasks to queue
[2025-10-17T23:06:53.024+0200] {logging_mixin.py:188} INFO - [2025-10-17T23:06:53.024+0200] {dagbag.py:545} INFO - Filling up the DagBag from /opt/airflow/dags/etl_api_to_bi.py
[2025-10-17T23:06:53.059+0200] {processor.py:840} INFO - DAG(s) 'etl_api_to_bi' retrieved from /opt/airflow/dags/etl_api_to_bi.py
[2025-10-17T23:06:53.106+0200] {logging_mixin.py:188} INFO - [2025-10-17T23:06:53.105+0200] {dag.py:3089} INFO - Sync 1 DAGs
[2025-10-17T23:06:53.137+0200] {logging_mixin.py:188} INFO - [2025-10-17T23:06:53.137+0200] {dag.py:3947} INFO - Setting next_dagrun for etl_api_to_bi to 2025-10-17 21:00:00+00:00, run_after=2025-10-17 21:15:00+00:00
[2025-10-17T23:06:53.172+0200] {processor.py:183} INFO - Processing /opt/airflow/dags/etl_api_to_bi.py took 0.161 seconds
[2025-10-17T23:07:23.317+0200] {processor.py:161} INFO - Started process (PID=798) to work on /opt/airflow/dags/etl_api_to_bi.py
[2025-10-17T23:07:23.319+0200] {processor.py:830} INFO - Processing file /opt/airflow/dags/etl_api_to_bi.py for tasks to queue
[2025-10-17T23:07:23.325+0200] {logging_mixin.py:188} INFO - [2025-10-17T23:07:23.324+0200] {dagbag.py:545} INFO - Filling up the DagBag from /opt/airflow/dags/etl_api_to_bi.py
[2025-10-17T23:07:23.368+0200] {processor.py:840} INFO - DAG(s) 'etl_api_to_bi' retrieved from /opt/airflow/dags/etl_api_to_bi.py
[2025-10-17T23:07:23.441+0200] {logging_mixin.py:188} INFO - [2025-10-17T23:07:23.441+0200] {dag.py:3089} INFO - Sync 1 DAGs
[2025-10-17T23:07:23.481+0200] {logging_mixin.py:188} INFO - [2025-10-17T23:07:23.480+0200] {dag.py:3947} INFO - Setting next_dagrun for etl_api_to_bi to 2025-10-17 21:00:00+00:00, run_after=2025-10-17 21:15:00+00:00
[2025-10-17T23:07:23.511+0200] {processor.py:183} INFO - Processing /opt/airflow/dags/etl_api_to_bi.py took 0.209 seconds
[2025-10-17T23:07:53.922+0200] {processor.py:161} INFO - Started process (PID=803) to work on /opt/airflow/dags/etl_api_to_bi.py
[2025-10-17T23:07:53.925+0200] {processor.py:830} INFO - Processing file /opt/airflow/dags/etl_api_to_bi.py for tasks to queue
[2025-10-17T23:07:53.934+0200] {logging_mixin.py:188} INFO - [2025-10-17T23:07:53.930+0200] {dagbag.py:545} INFO - Filling up the DagBag from /opt/airflow/dags/etl_api_to_bi.py
[2025-10-17T23:07:53.982+0200] {processor.py:840} INFO - DAG(s) 'etl_api_to_bi' retrieved from /opt/airflow/dags/etl_api_to_bi.py
[2025-10-17T23:07:54.302+0200] {logging_mixin.py:188} INFO - [2025-10-17T23:07:54.301+0200] {dag.py:3089} INFO - Sync 1 DAGs
[2025-10-17T23:07:54.438+0200] {logging_mixin.py:188} INFO - [2025-10-17T23:07:54.437+0200] {dag.py:3947} INFO - Setting next_dagrun for etl_api_to_bi to 2025-10-17 21:00:00+00:00, run_after=2025-10-17 21:15:00+00:00
[2025-10-17T23:07:54.566+0200] {processor.py:183} INFO - Processing /opt/airflow/dags/etl_api_to_bi.py took 0.662 seconds
[2025-10-17T23:08:24.787+0200] {processor.py:161} INFO - Started process (PID=808) to work on /opt/airflow/dags/etl_api_to_bi.py
[2025-10-17T23:08:24.832+0200] {processor.py:830} INFO - Processing file /opt/airflow/dags/etl_api_to_bi.py for tasks to queue
[2025-10-17T23:08:24.836+0200] {logging_mixin.py:188} INFO - [2025-10-17T23:08:24.835+0200] {dagbag.py:545} INFO - Filling up the DagBag from /opt/airflow/dags/etl_api_to_bi.py
[2025-10-17T23:08:24.897+0200] {processor.py:840} INFO - DAG(s) 'etl_api_to_bi' retrieved from /opt/airflow/dags/etl_api_to_bi.py
[2025-10-17T23:08:25.021+0200] {logging_mixin.py:188} INFO - [2025-10-17T23:08:25.020+0200] {dag.py:3089} INFO - Sync 1 DAGs
[2025-10-17T23:08:25.091+0200] {logging_mixin.py:188} INFO - [2025-10-17T23:08:25.090+0200] {dag.py:3947} INFO - Setting next_dagrun for etl_api_to_bi to 2025-10-17 21:00:00+00:00, run_after=2025-10-17 21:15:00+00:00
[2025-10-17T23:08:25.168+0200] {processor.py:183} INFO - Processing /opt/airflow/dags/etl_api_to_bi.py took 0.408 seconds
[2025-10-17T23:08:55.807+0200] {processor.py:161} INFO - Started process (PID=813) to work on /opt/airflow/dags/etl_api_to_bi.py
[2025-10-17T23:08:55.810+0200] {processor.py:830} INFO - Processing file /opt/airflow/dags/etl_api_to_bi.py for tasks to queue
[2025-10-17T23:08:55.821+0200] {logging_mixin.py:188} INFO - [2025-10-17T23:08:55.819+0200] {dagbag.py:545} INFO - Filling up the DagBag from /opt/airflow/dags/etl_api_to_bi.py
[2025-10-17T23:08:55.884+0200] {processor.py:840} INFO - DAG(s) 'etl_api_to_bi' retrieved from /opt/airflow/dags/etl_api_to_bi.py
[2025-10-17T23:08:56.020+0200] {logging_mixin.py:188} INFO - [2025-10-17T23:08:56.019+0200] {dag.py:3089} INFO - Sync 1 DAGs
[2025-10-17T23:08:56.148+0200] {logging_mixin.py:188} INFO - [2025-10-17T23:08:56.148+0200] {dag.py:3947} INFO - Setting next_dagrun for etl_api_to_bi to 2025-10-17 21:00:00+00:00, run_after=2025-10-17 21:15:00+00:00
[2025-10-17T23:08:56.256+0200] {processor.py:183} INFO - Processing /opt/airflow/dags/etl_api_to_bi.py took 0.476 seconds
[2025-10-17T23:09:27.001+0200] {processor.py:161} INFO - Started process (PID=818) to work on /opt/airflow/dags/etl_api_to_bi.py
[2025-10-17T23:09:27.003+0200] {processor.py:830} INFO - Processing file /opt/airflow/dags/etl_api_to_bi.py for tasks to queue
[2025-10-17T23:09:27.013+0200] {logging_mixin.py:188} INFO - [2025-10-17T23:09:27.012+0200] {dagbag.py:545} INFO - Filling up the DagBag from /opt/airflow/dags/etl_api_to_bi.py
[2025-10-17T23:09:27.090+0200] {processor.py:840} INFO - DAG(s) 'etl_api_to_bi' retrieved from /opt/airflow/dags/etl_api_to_bi.py
[2025-10-17T23:09:27.182+0200] {logging_mixin.py:188} INFO - [2025-10-17T23:09:27.181+0200] {dag.py:3089} INFO - Sync 1 DAGs
[2025-10-17T23:09:27.272+0200] {logging_mixin.py:188} INFO - [2025-10-17T23:09:27.271+0200] {dag.py:3947} INFO - Setting next_dagrun for etl_api_to_bi to 2025-10-17 21:00:00+00:00, run_after=2025-10-17 21:15:00+00:00
[2025-10-17T23:09:27.344+0200] {processor.py:183} INFO - Processing /opt/airflow/dags/etl_api_to_bi.py took 0.373 seconds
[2025-10-17T23:09:58.303+0200] {processor.py:161} INFO - Started process (PID=823) to work on /opt/airflow/dags/etl_api_to_bi.py
[2025-10-17T23:09:58.311+0200] {processor.py:830} INFO - Processing file /opt/airflow/dags/etl_api_to_bi.py for tasks to queue
[2025-10-17T23:09:58.317+0200] {logging_mixin.py:188} INFO - [2025-10-17T23:09:58.316+0200] {dagbag.py:545} INFO - Filling up the DagBag from /opt/airflow/dags/etl_api_to_bi.py
[2025-10-17T23:09:58.433+0200] {processor.py:840} INFO - DAG(s) 'etl_api_to_bi' retrieved from /opt/airflow/dags/etl_api_to_bi.py
[2025-10-17T23:09:58.600+0200] {logging_mixin.py:188} INFO - [2025-10-17T23:09:58.599+0200] {dag.py:3089} INFO - Sync 1 DAGs
[2025-10-17T23:09:58.721+0200] {logging_mixin.py:188} INFO - [2025-10-17T23:09:58.720+0200] {dag.py:3947} INFO - Setting next_dagrun for etl_api_to_bi to 2025-10-17 21:00:00+00:00, run_after=2025-10-17 21:15:00+00:00
[2025-10-17T23:09:58.800+0200] {processor.py:183} INFO - Processing /opt/airflow/dags/etl_api_to_bi.py took 0.523 seconds
[2025-10-17T23:10:28.940+0200] {processor.py:161} INFO - Started process (PID=828) to work on /opt/airflow/dags/etl_api_to_bi.py
[2025-10-17T23:10:28.942+0200] {processor.py:830} INFO - Processing file /opt/airflow/dags/etl_api_to_bi.py for tasks to queue
[2025-10-17T23:10:28.946+0200] {logging_mixin.py:188} INFO - [2025-10-17T23:10:28.945+0200] {dagbag.py:545} INFO - Filling up the DagBag from /opt/airflow/dags/etl_api_to_bi.py
[2025-10-17T23:10:28.984+0200] {processor.py:840} INFO - DAG(s) 'etl_api_to_bi' retrieved from /opt/airflow/dags/etl_api_to_bi.py
[2025-10-17T23:10:29.044+0200] {logging_mixin.py:188} INFO - [2025-10-17T23:10:29.044+0200] {dag.py:3089} INFO - Sync 1 DAGs
[2025-10-17T23:10:29.082+0200] {logging_mixin.py:188} INFO - [2025-10-17T23:10:29.081+0200] {dag.py:3947} INFO - Setting next_dagrun for etl_api_to_bi to 2025-10-17 21:00:00+00:00, run_after=2025-10-17 21:15:00+00:00
[2025-10-17T23:10:29.114+0200] {processor.py:183} INFO - Processing /opt/airflow/dags/etl_api_to_bi.py took 0.188 seconds
[2025-10-17T23:10:59.575+0200] {processor.py:161} INFO - Started process (PID=833) to work on /opt/airflow/dags/etl_api_to_bi.py
[2025-10-17T23:10:59.581+0200] {processor.py:830} INFO - Processing file /opt/airflow/dags/etl_api_to_bi.py for tasks to queue
[2025-10-17T23:10:59.624+0200] {logging_mixin.py:188} INFO - [2025-10-17T23:10:59.624+0200] {dagbag.py:545} INFO - Filling up the DagBag from /opt/airflow/dags/etl_api_to_bi.py
[2025-10-17T23:10:59.703+0200] {processor.py:840} INFO - DAG(s) 'etl_api_to_bi' retrieved from /opt/airflow/dags/etl_api_to_bi.py
[2025-10-17T23:10:59.787+0200] {logging_mixin.py:188} INFO - [2025-10-17T23:10:59.787+0200] {dag.py:3089} INFO - Sync 1 DAGs
[2025-10-17T23:10:59.839+0200] {logging_mixin.py:188} INFO - [2025-10-17T23:10:59.839+0200] {dag.py:3947} INFO - Setting next_dagrun for etl_api_to_bi to 2025-10-17 21:00:00+00:00, run_after=2025-10-17 21:15:00+00:00
[2025-10-17T23:10:59.896+0200] {processor.py:183} INFO - Processing /opt/airflow/dags/etl_api_to_bi.py took 0.333 seconds
[2025-10-17T23:11:30.900+0200] {processor.py:161} INFO - Started process (PID=838) to work on /opt/airflow/dags/etl_api_to_bi.py
[2025-10-17T23:11:30.904+0200] {processor.py:830} INFO - Processing file /opt/airflow/dags/etl_api_to_bi.py for tasks to queue
[2025-10-17T23:11:30.910+0200] {logging_mixin.py:188} INFO - [2025-10-17T23:11:30.909+0200] {dagbag.py:545} INFO - Filling up the DagBag from /opt/airflow/dags/etl_api_to_bi.py
[2025-10-17T23:11:31.389+0200] {processor.py:840} INFO - DAG(s) 'etl_api_to_bi' retrieved from /opt/airflow/dags/etl_api_to_bi.py
[2025-10-17T23:11:31.527+0200] {logging_mixin.py:188} INFO - [2025-10-17T23:11:31.527+0200] {dag.py:3089} INFO - Sync 1 DAGs
[2025-10-17T23:11:31.616+0200] {logging_mixin.py:188} INFO - [2025-10-17T23:11:31.615+0200] {dag.py:3947} INFO - Setting next_dagrun for etl_api_to_bi to 2025-10-17 21:00:00+00:00, run_after=2025-10-17 21:15:00+00:00
[2025-10-17T23:11:31.759+0200] {processor.py:183} INFO - Processing /opt/airflow/dags/etl_api_to_bi.py took 0.892 seconds
[2025-10-17T23:12:01.929+0200] {processor.py:161} INFO - Started process (PID=843) to work on /opt/airflow/dags/etl_api_to_bi.py
[2025-10-17T23:12:01.931+0200] {processor.py:830} INFO - Processing file /opt/airflow/dags/etl_api_to_bi.py for tasks to queue
[2025-10-17T23:12:01.941+0200] {logging_mixin.py:188} INFO - [2025-10-17T23:12:01.941+0200] {dagbag.py:545} INFO - Filling up the DagBag from /opt/airflow/dags/etl_api_to_bi.py
[2025-10-17T23:12:01.999+0200] {processor.py:840} INFO - DAG(s) 'etl_api_to_bi' retrieved from /opt/airflow/dags/etl_api_to_bi.py
[2025-10-17T23:12:02.085+0200] {logging_mixin.py:188} INFO - [2025-10-17T23:12:02.085+0200] {dag.py:3089} INFO - Sync 1 DAGs
[2025-10-17T23:12:02.154+0200] {logging_mixin.py:188} INFO - [2025-10-17T23:12:02.153+0200] {dag.py:3947} INFO - Setting next_dagrun for etl_api_to_bi to 2025-10-17 21:00:00+00:00, run_after=2025-10-17 21:15:00+00:00
[2025-10-17T23:12:02.210+0200] {processor.py:183} INFO - Processing /opt/airflow/dags/etl_api_to_bi.py took 0.298 seconds
[2025-10-17T23:12:32.874+0200] {processor.py:161} INFO - Started process (PID=848) to work on /opt/airflow/dags/etl_api_to_bi.py
[2025-10-17T23:12:32.878+0200] {processor.py:830} INFO - Processing file /opt/airflow/dags/etl_api_to_bi.py for tasks to queue
[2025-10-17T23:12:32.887+0200] {logging_mixin.py:188} INFO - [2025-10-17T23:12:32.886+0200] {dagbag.py:545} INFO - Filling up the DagBag from /opt/airflow/dags/etl_api_to_bi.py
[2025-10-17T23:12:33.073+0200] {processor.py:840} INFO - DAG(s) 'etl_api_to_bi' retrieved from /opt/airflow/dags/etl_api_to_bi.py
[2025-10-17T23:12:33.522+0200] {logging_mixin.py:188} INFO - [2025-10-17T23:12:33.522+0200] {dag.py:3089} INFO - Sync 1 DAGs
[2025-10-17T23:12:33.684+0200] {logging_mixin.py:188} INFO - [2025-10-17T23:12:33.684+0200] {dag.py:3947} INFO - Setting next_dagrun for etl_api_to_bi to 2025-10-17 21:00:00+00:00, run_after=2025-10-17 21:15:00+00:00
[2025-10-17T23:12:33.819+0200] {processor.py:183} INFO - Processing /opt/airflow/dags/etl_api_to_bi.py took 0.967 seconds
[2025-10-17T23:13:04.390+0200] {processor.py:161} INFO - Started process (PID=853) to work on /opt/airflow/dags/etl_api_to_bi.py
[2025-10-17T23:13:04.403+0200] {processor.py:830} INFO - Processing file /opt/airflow/dags/etl_api_to_bi.py for tasks to queue
[2025-10-17T23:13:04.413+0200] {logging_mixin.py:188} INFO - [2025-10-17T23:13:04.412+0200] {dagbag.py:545} INFO - Filling up the DagBag from /opt/airflow/dags/etl_api_to_bi.py
[2025-10-17T23:13:04.578+0200] {processor.py:840} INFO - DAG(s) 'etl_api_to_bi' retrieved from /opt/airflow/dags/etl_api_to_bi.py
[2025-10-17T23:13:04.695+0200] {logging_mixin.py:188} INFO - [2025-10-17T23:13:04.694+0200] {dag.py:3089} INFO - Sync 1 DAGs
[2025-10-17T23:13:04.771+0200] {logging_mixin.py:188} INFO - [2025-10-17T23:13:04.771+0200] {dag.py:3947} INFO - Setting next_dagrun for etl_api_to_bi to 2025-10-17 21:00:00+00:00, run_after=2025-10-17 21:15:00+00:00
[2025-10-17T23:13:04.847+0200] {processor.py:183} INFO - Processing /opt/airflow/dags/etl_api_to_bi.py took 0.493 seconds
[2025-10-17T23:13:35.641+0200] {processor.py:161} INFO - Started process (PID=858) to work on /opt/airflow/dags/etl_api_to_bi.py
[2025-10-17T23:13:35.645+0200] {processor.py:830} INFO - Processing file /opt/airflow/dags/etl_api_to_bi.py for tasks to queue
[2025-10-17T23:13:35.654+0200] {logging_mixin.py:188} INFO - [2025-10-17T23:13:35.653+0200] {dagbag.py:545} INFO - Filling up the DagBag from /opt/airflow/dags/etl_api_to_bi.py
[2025-10-17T23:13:35.788+0200] {processor.py:840} INFO - DAG(s) 'etl_api_to_bi' retrieved from /opt/airflow/dags/etl_api_to_bi.py
[2025-10-17T23:13:35.912+0200] {logging_mixin.py:188} INFO - [2025-10-17T23:13:35.911+0200] {dag.py:3089} INFO - Sync 1 DAGs
[2025-10-17T23:13:36.015+0200] {logging_mixin.py:188} INFO - [2025-10-17T23:13:36.014+0200] {dag.py:3947} INFO - Setting next_dagrun for etl_api_to_bi to 2025-10-17 21:00:00+00:00, run_after=2025-10-17 21:15:00+00:00
[2025-10-17T23:13:36.097+0200] {processor.py:183} INFO - Processing /opt/airflow/dags/etl_api_to_bi.py took 0.504 seconds
[2025-10-17T23:14:07.471+0200] {processor.py:161} INFO - Started process (PID=863) to work on /opt/airflow/dags/etl_api_to_bi.py
[2025-10-17T23:14:07.477+0200] {processor.py:830} INFO - Processing file /opt/airflow/dags/etl_api_to_bi.py for tasks to queue
[2025-10-17T23:14:07.508+0200] {logging_mixin.py:188} INFO - [2025-10-17T23:14:07.507+0200] {dagbag.py:545} INFO - Filling up the DagBag from /opt/airflow/dags/etl_api_to_bi.py
[2025-10-17T23:14:08.021+0200] {processor.py:840} INFO - DAG(s) 'etl_api_to_bi' retrieved from /opt/airflow/dags/etl_api_to_bi.py
[2025-10-17T23:14:08.275+0200] {logging_mixin.py:188} INFO - [2025-10-17T23:14:08.274+0200] {dag.py:3089} INFO - Sync 1 DAGs
[2025-10-17T23:14:08.510+0200] {logging_mixin.py:188} INFO - [2025-10-17T23:14:08.509+0200] {dag.py:3947} INFO - Setting next_dagrun for etl_api_to_bi to 2025-10-17 21:00:00+00:00, run_after=2025-10-17 21:15:00+00:00
[2025-10-17T23:14:08.630+0200] {processor.py:183} INFO - Processing /opt/airflow/dags/etl_api_to_bi.py took 1.179 seconds
[2025-10-17T23:14:38.865+0200] {processor.py:161} INFO - Started process (PID=868) to work on /opt/airflow/dags/etl_api_to_bi.py
[2025-10-17T23:14:38.869+0200] {processor.py:830} INFO - Processing file /opt/airflow/dags/etl_api_to_bi.py for tasks to queue
[2025-10-17T23:14:38.887+0200] {logging_mixin.py:188} INFO - [2025-10-17T23:14:38.886+0200] {dagbag.py:545} INFO - Filling up the DagBag from /opt/airflow/dags/etl_api_to_bi.py
[2025-10-17T23:14:39.108+0200] {processor.py:840} INFO - DAG(s) 'etl_api_to_bi' retrieved from /opt/airflow/dags/etl_api_to_bi.py
[2025-10-17T23:14:39.284+0200] {logging_mixin.py:188} INFO - [2025-10-17T23:14:39.283+0200] {dag.py:3089} INFO - Sync 1 DAGs
[2025-10-17T23:14:39.431+0200] {logging_mixin.py:188} INFO - [2025-10-17T23:14:39.430+0200] {dag.py:3947} INFO - Setting next_dagrun for etl_api_to_bi to 2025-10-17 21:00:00+00:00, run_after=2025-10-17 21:15:00+00:00
[2025-10-17T23:14:39.634+0200] {processor.py:183} INFO - Processing /opt/airflow/dags/etl_api_to_bi.py took 0.797 seconds
[2025-10-17T23:15:10.390+0200] {processor.py:161} INFO - Started process (PID=876) to work on /opt/airflow/dags/etl_api_to_bi.py
[2025-10-17T23:15:10.393+0200] {processor.py:830} INFO - Processing file /opt/airflow/dags/etl_api_to_bi.py for tasks to queue
[2025-10-17T23:15:10.405+0200] {logging_mixin.py:188} INFO - [2025-10-17T23:15:10.404+0200] {dagbag.py:545} INFO - Filling up the DagBag from /opt/airflow/dags/etl_api_to_bi.py
[2025-10-17T23:15:10.465+0200] {processor.py:840} INFO - DAG(s) 'etl_api_to_bi' retrieved from /opt/airflow/dags/etl_api_to_bi.py
[2025-10-17T23:15:10.592+0200] {logging_mixin.py:188} INFO - [2025-10-17T23:15:10.591+0200] {dag.py:3089} INFO - Sync 1 DAGs
[2025-10-17T23:15:10.671+0200] {logging_mixin.py:188} INFO - [2025-10-17T23:15:10.671+0200] {dag.py:3947} INFO - Setting next_dagrun for etl_api_to_bi to 2025-10-17 21:15:00+00:00, run_after=2025-10-17 21:30:00+00:00
[2025-10-17T23:15:10.744+0200] {processor.py:183} INFO - Processing /opt/airflow/dags/etl_api_to_bi.py took 0.374 seconds
[2025-10-17T23:15:40.981+0200] {processor.py:161} INFO - Started process (PID=897) to work on /opt/airflow/dags/etl_api_to_bi.py
[2025-10-17T23:15:40.984+0200] {processor.py:830} INFO - Processing file /opt/airflow/dags/etl_api_to_bi.py for tasks to queue
[2025-10-17T23:15:40.992+0200] {logging_mixin.py:188} INFO - [2025-10-17T23:15:40.991+0200] {dagbag.py:545} INFO - Filling up the DagBag from /opt/airflow/dags/etl_api_to_bi.py
[2025-10-17T23:15:41.072+0200] {processor.py:840} INFO - DAG(s) 'etl_api_to_bi' retrieved from /opt/airflow/dags/etl_api_to_bi.py
[2025-10-17T23:15:41.232+0200] {logging_mixin.py:188} INFO - [2025-10-17T23:15:41.232+0200] {dag.py:3089} INFO - Sync 1 DAGs
[2025-10-17T23:15:41.363+0200] {logging_mixin.py:188} INFO - [2025-10-17T23:15:41.362+0200] {dag.py:3947} INFO - Setting next_dagrun for etl_api_to_bi to 2025-10-17 21:15:00+00:00, run_after=2025-10-17 21:30:00+00:00
[2025-10-17T23:15:41.428+0200] {processor.py:183} INFO - Processing /opt/airflow/dags/etl_api_to_bi.py took 0.473 seconds
[2025-10-17T23:16:12.173+0200] {processor.py:161} INFO - Started process (PID=902) to work on /opt/airflow/dags/etl_api_to_bi.py
[2025-10-17T23:16:12.188+0200] {processor.py:830} INFO - Processing file /opt/airflow/dags/etl_api_to_bi.py for tasks to queue
[2025-10-17T23:16:12.204+0200] {logging_mixin.py:188} INFO - [2025-10-17T23:16:12.203+0200] {dagbag.py:545} INFO - Filling up the DagBag from /opt/airflow/dags/etl_api_to_bi.py
[2025-10-17T23:16:12.346+0200] {processor.py:840} INFO - DAG(s) 'etl_api_to_bi' retrieved from /opt/airflow/dags/etl_api_to_bi.py
[2025-10-17T23:16:12.549+0200] {logging_mixin.py:188} INFO - [2025-10-17T23:16:12.548+0200] {dag.py:3089} INFO - Sync 1 DAGs
[2025-10-17T23:16:12.664+0200] {logging_mixin.py:188} INFO - [2025-10-17T23:16:12.663+0200] {dag.py:3947} INFO - Setting next_dagrun for etl_api_to_bi to 2025-10-17 21:15:00+00:00, run_after=2025-10-17 21:30:00+00:00
[2025-10-17T23:16:12.745+0200] {processor.py:183} INFO - Processing /opt/airflow/dags/etl_api_to_bi.py took 0.611 seconds
[2025-10-17T23:16:43.741+0200] {processor.py:161} INFO - Started process (PID=919) to work on /opt/airflow/dags/etl_api_to_bi.py
[2025-10-17T23:16:43.764+0200] {processor.py:830} INFO - Processing file /opt/airflow/dags/etl_api_to_bi.py for tasks to queue
[2025-10-17T23:16:43.790+0200] {logging_mixin.py:188} INFO - [2025-10-17T23:16:43.784+0200] {dagbag.py:545} INFO - Filling up the DagBag from /opt/airflow/dags/etl_api_to_bi.py
[2025-10-17T23:16:44.067+0200] {processor.py:840} INFO - DAG(s) 'etl_api_to_bi' retrieved from /opt/airflow/dags/etl_api_to_bi.py
[2025-10-17T23:16:44.380+0200] {logging_mixin.py:188} INFO - [2025-10-17T23:16:44.379+0200] {dag.py:3089} INFO - Sync 1 DAGs
[2025-10-17T23:16:44.470+0200] {logging_mixin.py:188} INFO - [2025-10-17T23:16:44.469+0200] {dag.py:3947} INFO - Setting next_dagrun for etl_api_to_bi to 2025-10-17 21:15:00+00:00, run_after=2025-10-17 21:30:00+00:00
[2025-10-17T23:16:44.704+0200] {processor.py:183} INFO - Processing /opt/airflow/dags/etl_api_to_bi.py took 0.987 seconds
